Building gopurs compiler...

> gopurs@0.1.0 build
> spago build && NODE_OPTIONS="--no-deprecation" purs-backend-es bundle-app -p node -m Main --to bin/gopurs.js

[  1 of 418] Building Control.Semigroupoid
[  2 of 418] Building Type.Proxy
[  3 of 418] Building Data.Symbol
[  4 of 418] Building Data.Unit
[  5 of 418] Building Record.Unsafe
[  6 of 418] Building Data.HeytingAlgebra
[  7 of 418] Building Data.Void
[  8 of 418] Building Data.Eq
[  9 of 418] Building Control.Category
[ 10 of 418] Building Data.Boolean
[ 11 of 418] Building Data.Semigroup
[ 12 of 418] Building Data.Show
[ 13 of 418] Building Data.Ordering
[ 14 of 418] Building Data.Semiring
[ 15 of 418] Building Data.Ring
[ 16 of 418] Building Data.Ord
[ 17 of 418] Building Data.Function
[ 18 of 418] Building Data.Functor
[ 19 of 418] Building Control.Alt
[ 20 of 418] Building Control.Apply
[ 21 of 418] Building Control.Applicative
[ 22 of 418] Building Control.Bind
[ 23 of 418] Building Control.Plus
[ 24 of 418] Building Data.BooleanAlgebra
[ 25 of 418] Building Data.Bounded
[ 26 of 418] Building Data.CommutativeRing
[ 27 of 418] Building Data.EuclideanRing
[ 28 of 418] Building Control.Monad
[ 29 of 418] Building Data.Monoid
[ 30 of 418] Building Data.DivisionRing
[ 31 of 418] Building Data.Field
[ 32 of 418] Building Data.NaturalTransformation
[ 33 of 418] Building Prelude
[ 34 of 418] Building Data.Monoid.Additive
[ 35 of 418] Building Control.Alternative
[ 36 of 418] Building Control.Extend
[ 37 of 418] Building Control.Comonad
[ 38 of 418] Building Data.Monoid.Conj
[ 39 of 418] Building Data.Monoid.Disj
[ 40 of 418] Building Data.Monoid.Dual
[ 41 of 418] Building Data.Monoid.Endo
[ 42 of 418] Building Data.Monoid.Multiplicative
[ 43 of 418] Building Data.Semigroup.First
[ 44 of 418] Building Data.Semigroup.Last
[ 45 of 418] Building Unsafe.Coerce
[ 46 of 418] Building Safe.Coerce
[ 47 of 418] Building Data.Newtype
[ 48 of 418] Building Data.Monoid.Alternate
[ 49 of 418] Building Data.Functor.Invariant
[ 50 of 418] Building Data.Const
[ 51 of 418] Building Data.Generic.Rep
[ 52 of 418] Building Data.Maybe
[ 53 of 418] Building Data.Either
[ 54 of 418] Building Control.Lazy
[ 55 of 418] Building Control.MonadPlus
[ 56 of 418] Building Data.Functor.App
[ 57 of 418] Building Data.Functor.Compose
[ 58 of 418] Building Data.Tuple
[ 59 of 418] Building Data.Bifunctor
[ 60 of 418] Building Data.Functor.Coproduct
[ 61 of 418] Building Data.Functor.Product
[ 62 of 418] Building Data.Identity
[ 63 of 418] Building Data.Maybe.First
[ 64 of 418] Building Data.Maybe.Last
[ 65 of 418] Building Data.Foldable
[ 66 of 418] Building Effect
[ 67 of 418] Building Effect.Ref
[ 68 of 418] Building Partial
[ 69 of 418] Building Partial.Unsafe
[ 70 of 418] Building Control.Monad.Rec.Class
[ 71 of 418] Building Data.FunctorWithIndex
[ 72 of 418] Building Data.FoldableWithIndex
[ 73 of 418] Building Data.Ord.Max
[ 74 of 418] Building Data.Ord.Min
[ 75 of 418] Building Data.Semigroup.Foldable
[ 76 of 418] Building Data.Traversable.Accum
[ 77 of 418] Building Data.Traversable.Accum.Internal
[ 78 of 418] Building Data.Traversable
[ 79 of 418] Building Data.TraversableWithIndex
[ 80 of 418] Building Data.Semigroup.Traversable
[ 81 of 418] Building Data.Unfoldable1
[ 82 of 418] Building Data.Unfoldable
[ 83 of 418] Building Data.NonEmpty
[ 84 of 418] Building Data.List.Types
[ 85 of 418] Building Data.List.Internal
[ 86 of 418] Building Data.List
[ 87 of 418] Building Data.List.NonEmpty
[ 88 of 418] Building Data.Show.Generic
[ 89 of 418] Building Ansi.Codes
[ 90 of 418] Building Ansi.Output
[ 91 of 418] Building Control.Biapply
[ 92 of 418] Building Control.Biapplicative
[ 93 of 418] Building Control.Monad.Trans.Class
[ 94 of 418] Building Data.CatQueue
[ 95 of 418] Building Data.CatList
[ 96 of 418] Building Control.Monad.Free
[ 97 of 418] Building Control.Monad.State.Class
[ 98 of 418] Building Control.Monad.Cont.Class
[ 99 of 418] Building Effect.Exception
[100 of 418] Building Control.Monad.Error.Class
[101 of 418] Building Control.Monad.Reader.Class
[102 of 418] Building Control.Monad.ST.Internal
[103 of 418] Building Control.Monad.ST
[104 of 418] Building Control.Monad.ST.Global
[105 of 418] Building Control.Monad.ST.Class
[106 of 418] Building Control.Monad.Writer.Class
[107 of 418] Building Effect.Class
[108 of 418] Building Control.Monad.State.Trans
[109 of 418] Building Control.Monad.State
[110 of 418] Building Data.Lazy
[111 of 418] Building Control.Comonad.Cofree
[112 of 418] Building Control.Monad.Identity.Trans
[113 of 418] Building Control.Comonad.Trans.Class
[114 of 418] Building Control.Comonad.Env.Trans
[115 of 418] Building Control.Comonad.Store.Trans
[116 of 418] Building Control.Comonad.Traced.Trans
[117 of 418] Building Control.Comonad.Cofree.Class
[118 of 418] Building Control.Comonad.Store.Class
[119 of 418] Building Control.Comonad.Store
[120 of 418] Building Control.Comonad.Env.Class
[121 of 418] Building Control.Comonad.Env
[122 of 418] Building Control.Comonad.Traced.Class
[123 of 418] Building Control.Comonad.Traced
[124 of 418] Building Control.Monad.Cont.Trans
[125 of 418] Building Control.Monad.Cont
[126 of 418] Building Control.Monad.Except.Trans
[127 of 418] Building Control.Monad.Except
[128 of 418] Building Control.Monad.Maybe.Trans
[129 of 418] Building Type.Equality
[130 of 418] Building Data.Distributive
[131 of 418] Building Control.Monad.Reader.Trans
[132 of 418] Building Control.Monad.Writer.Trans
[133 of 418] Building Control.Monad.Free.Class
[134 of 418] Building Control.Monad.Gen.Class
[135 of 418] Building Control.Monad.Gen
[136 of 418] Building Control.Monad.Gen.Common
[137 of 418] Building Control.Monad.List.Trans
[138 of 418] Building Control.Monad.RWS.Trans
[139 of 418] Building Control.Monad.RWS
[140 of 418] Building Control.Monad.Reader
[141 of 418] Building Control.Monad.ST.Ref
[142 of 418] Building Control.Monad.ST.Uncurried
[143 of 418] Building Control.Monad.Trampoline
[144 of 418] Building Control.Monad.Writer
[145 of 418] Building Data.Functor.Contravariant
[146 of 418] Building Data.Profunctor
[147 of 418] Building Data.Profunctor.Closed
[148 of 418] Building Data.Profunctor.Strong
[149 of 418] Building Data.Functor.Costar
[150 of 418] Building Data.Profunctor.Choice
[151 of 418] Building Data.Profunctor.Star
[152 of 418] Building Control.Parallel.Class
[153 of 418] Building Control.Parallel
[154 of 418] Building Data.Function.Uncurried
[155 of 418] Building Data.Array.NonEmpty.Internal
[156 of 418] Building Data.Array.ST
[157 of 418] Building Data.Array.ST.Iterator
[158 of 418] Building Data.Array
[159 of 418] Building Foreign.Object.ST
[160 of 418] Building Type.Data.Boolean
[161 of 418] Building Type.Data.Ordering
[162 of 418] Building Type.Data.Symbol
[163 of 418] Building Type.RowList
[164 of 418] Building Type.Row.Homogeneous
[165 of 418] Building Foreign.Object
[166 of 418] Building Data.Argonaut.Core
[167 of 418] Building Data.Argonaut.Decode.Error
[168 of 418] Building Data.Array.NonEmpty
[169 of 418] Building Data.Int.Bits
[170 of 418] Building Data.Number
[171 of 418] Building Data.Int
[172 of 418] Building Data.Map.Internal
[173 of 418] Building Data.Set
[174 of 418] Building Data.Map
[175 of 418] Building Data.Enum
[176 of 418] Building Data.String.Pattern
[177 of 418] Building Data.String.Unsafe
[178 of 418] Building Data.String.CodeUnits
[179 of 418] Building Data.String.Common
[180 of 418] Building Data.String.CodePoints
[181 of 418] Building Data.String
[182 of 418] Building Data.String.NonEmpty.Internal
[183 of 418] Building Data.String.NonEmpty.CodePoints
[184 of 418] Building Data.String.NonEmpty
[185 of 418] Building Data.Argonaut.Decode.Decoders
[186 of 418] Building Record.Unsafe.Union
[187 of 418] Building Record
[188 of 418] Building Data.Argonaut.Decode.Class
[189 of 418] Building Data.Argonaut.Decode.Combinators
[190 of 418] Building Data.Argonaut.Parser
[191 of 418] Building Data.Argonaut.Decode.Parser
[192 of 418] Building Data.Argonaut.Decode
[193 of 418] Building Data.Argonaut.Encode.Encoders
[194 of 418] Building Data.Argonaut.Encode.Class
[195 of 418] Building Data.Argonaut.Encode.Combinators
[196 of 418] Building Data.Argonaut.Encode
[197 of 418] Building Data.Char.Gen
[198 of 418] Building Data.String.Gen
[199 of 418] Building Data.Argonaut.Gen
[200 of 418] Building Data.Argonaut.JCursor
[201 of 418] Building Data.Argonaut.JCursor.Gen
[202 of 418] Building Data.Lens.Internal.Wander
[203 of 418] Building Data.Lens.Internal.Indexed
[204 of 418] Building Data.Lens.Internal.Shop
[205 of 418] Building Data.Functor.Clown
[206 of 418] Building Data.Functor.Flip
[207 of 418] Building Data.Functor.Joker
[208 of 418] Building Data.Functor.Product2
[209 of 418] Building Data.Bifoldable
[210 of 418] Building Data.Bitraversable
[211 of 418] Building Data.Lens.Internal.Bazaar
[212 of 418] Building Data.Lens.Internal.Exchange
[213 of 418] Building Data.Profunctor.Cochoice
[214 of 418] Building Data.Lens.Internal.Forget
[215 of 418] Building Data.Lens.Internal.Grating
[216 of 418] Building Data.Lens.Internal.Market
[217 of 418] Building Data.Profunctor.Costrong
[218 of 418] Building Data.Lens.Internal.Re
[219 of 418] Building Data.Lens.Internal.Stall
[220 of 418] Building Data.Lens.Internal.Tagged
[221 of 418] Building Data.Lens.Types
[222 of 418] Building Data.Lens.Lens
[223 of 418] Building Data.Lens.Lens.Tuple
[224 of 418] Building Data.Lens.Lens.Unit
[225 of 418] Building Data.Lens.Prism
[226 of 418] Building Data.Lens.Prism.Either
[227 of 418] Building Data.Lens.Prism.Maybe
[228 of 418] Building Data.Lens.Common
[229 of 418] Building Data.Lens.Fold
[230 of 418] Building Data.Lens.Getter
[231 of 418] Building Data.Lens.Internal.Zipping
[232 of 418] Building Data.Lens.Grate
[233 of 418] Building Data.Lens.Iso
[234 of 418] Building Data.Lens.Setter
[235 of 418] Building Data.Lens.Iso.Newtype
[236 of 418] Building Data.Lens.Indexed
[237 of 418] Building Data.Lens.Traversal
[238 of 418] Building Data.Lens
[239 of 418] Building Data.Argonaut.Prisms
[240 of 418] Building Data.Argonaut.Traversals
[241 of 418] Building Data.Argonaut
[242 of 418] Building Data.Array.Partial
[243 of 418] Building Data.Array.ST.Partial
[244 of 418] Building Data.ArrayBuffer.Types
[245 of 418] Building Data.Bifunctor.Join
[246 of 418] Building Data.Bounded.Generic
[247 of 418] Building Data.Char
[248 of 418] Building Data.Comparison
[249 of 418] Building Data.Exists
[250 of 418] Building Data.Coyoneda
[251 of 418] Building Data.Date.Component
[252 of 418] Building Data.Enum.Gen
[253 of 418] Building Data.Date.Component.Gen
[254 of 418] Building Data.Time.Duration
[255 of 418] Building Data.Date
[256 of 418] Building Data.Date.Gen
[257 of 418] Building Data.Time.Component
[258 of 418] Building Data.Time
[259 of 418] Building Data.DateTime
[260 of 418] Building Data.Time.Component.Gen
[261 of 418] Building Data.Time.Gen
[262 of 418] Building Data.DateTime.Gen
[263 of 418] Building Data.DateTime.Instant
[264 of 418] Building Data.Equivalence
[265 of 418] Building Data.Op
[266 of 418] Building Data.Predicate
[267 of 418] Building Data.Divide
[268 of 418] Building Data.Decide
[269 of 418] Building Data.Divisible
[270 of 418] Building Data.Decidable
[271 of 418] Building Data.Either.Inject
[272 of 418] Building Data.Either.Nested
[273 of 418] Building Data.Enum.Generic
[274 of 418] Building Data.Eq.Generic
[275 of 418] Building Data.Functor.Coproduct.Inject
[276 of 418] Building Data.Functor.Coproduct.Nested
[277 of 418] Building Data.Functor.Product.Nested
[278 of 418] Building Data.HeytingAlgebra.Generic
[279 of 418] Building Data.Interval.Duration
[280 of 418] Building Data.Interval.Duration.Iso
[281 of 418] Building Data.Interval
[282 of 418] Building Foreign
[283 of 418] Building Data.JSDate
[284 of 418] Building Data.Lens.AffineTraversal
[285 of 418] Building Data.Lens.Index
[286 of 418] Building Data.Lens.At
[287 of 418] Building Data.Lens.Fold.Partial
[288 of 418] Building Data.Lens.Internal.Focusing
[289 of 418] Building Data.Lens.Lens.Product
[290 of 418] Building Data.Lens.Lens.Void
[291 of 418] Building Data.Lens.Prism.Coproduct
[292 of 418] Building Data.Lens.Record
[293 of 418] Building Data.Lens.Zoom
[294 of 418] Building Data.List.Lazy.Types
[295 of 418] Building Data.List.Lazy
[296 of 418] Building Data.List.Lazy.NonEmpty
[297 of 418] Building Data.List.Partial
[298 of 418] Building Data.List.ZipList
[299 of 418] Building Data.Map.Gen
[300 of 418] Building Data.Monoid.Generic
[301 of 418] Building Data.Nullable
[302 of 418] Building Data.Number.Approximate
[303 of 418] Building Data.Number.Format
[304 of 418] Building Data.Ord.Down
[305 of 418] Building Data.Ord.Generic
[306 of 418] Building Data.Posix.Signal
[307 of 418] Building Data.Posix
[308 of 418] Building Data.Profunctor.Join
[309 of 418] Building Data.Profunctor.Split
[310 of 418] Building Data.Reflectable
[311 of 418] Building Data.Ring.Generic
[312 of 418] Building Data.Semigroup.Generic
[313 of 418] Building Data.Semiring.Generic
[314 of 418] Building Data.Set.NonEmpty
[315 of 418] Building Data.String.CaseInsensitive
[316 of 418] Building Data.String.NonEmpty.CaseInsensitive
[317 of 418] Building Data.String.NonEmpty.CodeUnits
[318 of 418] Building Data.String.Regex.Flags
[319 of 418] Building Data.String.Regex
[320 of 418] Building Data.String.Regex.Unsafe
[321 of 418] Building Data.Time.Duration.Gen
[322 of 418] Building Data.Tuple.Nested
[323 of 418] Building Data.Yoneda
[324 of 418] Building Debug
[325 of 418] Building Dodo.Internal
[326 of 418] Building Dodo.Internal.Buffer
[327 of 418] Building Dodo
[328 of 418] Building Dodo.Ansi
[329 of 418] Building Dodo.Box
[330 of 418] Building Dodo.Common
[331 of 418] Building Effect.Unsafe
[332 of 418] Building Effect.Aff
[333 of 418] Building Effect.Aff.Class
[334 of 418] Building Effect.Uncurried
[335 of 418] Building Effect.Aff.Compat
[336 of 418] Building Effect.Console
[337 of 418] Building Effect.Class.Console
[338 of 418] Building Effect.Exception.Unsafe
[339 of 418] Building Foreign.Index
[340 of 418] Building Foreign.Keys
[341 of 418] Building Foreign.Object.Gen
[342 of 418] Building Foreign.Object.ST.Unsafe
[343 of 418] Building Foreign.Object.Unsafe
[344 of 418] Building Gopurs.FfiTypes
[345 of 418] Building PureScript.Backend.Optimizer.CoreFn
[346 of 418] Building Gopurs.GoAst
[347 of 418] Building Gopurs.Printer
[348 of 418] Building Node.Buffer.Types
[349 of 418] Building Node.Encoding
[350 of 418] Building Node.Buffer.Immutable
[351 of 418] Building Node.Buffer.Class
[352 of 418] Building Node.Buffer
[353 of 418] Building Node.FS.Constants
[354 of 418] Building Node.FS
[355 of 418] Building Node.FS.Perms
[356 of 418] Building Node.FS.Stats
[357 of 418] Building Node.Path
[358 of 418] Building Node.FS.Sync
[359 of 418] Building PureScript.Backend.Optimizer.Syntax
[360 of 418] Building PureScript.Backend.Optimizer.Analysis
[361 of 418] Building PureScript.Backend.Optimizer.Utils
[362 of 418] Building PureScript.Backend.Optimizer.Semantics
[363 of 418] Building PureScript.Backend.Optimizer.Codegen.Tco
[364 of 418] Building PureScript.CST.Types
[365 of 418] Building PureScript.CST.Print
[366 of 418] Building PureScript.CST.Errors
[367 of 418] Building PureScript.CST.Layout
[368 of 418] Building PureScript.CST.TokenStream
[369 of 418] Building PureScript.CST.Lexer
[370 of 418] Building PureScript.CST.Parser.Monad
[371 of 418] Building PureScript.Backend.Optimizer.Directives
[372 of 418] Building PureScript.Backend.Optimizer.Semantics.Foreign
[373 of 418] Building PureScript.Backend.Optimizer.Convert
[374 of 418] Building PureScript.Backend.Optimizer.FfiSupport
[375 of 418] Building PureScript.Backend.Optimizer.FreeVars
[376 of 418] Building PureScript.Backend.Optimizer.Substitute
[377 of 418] Building PureScript.Backend.Optimizer.Monomorphize
[378 of 418] Building Gopurs.CodeGen
[379 of 418] Building Gopurs.FBIP
[380 of 418] Building Gopurs.FfiSupport
[381 of 418] Building Gopurs.Runtime
[382 of 418] Building Gopurs.ShowTco
[383 of 418] Building Gopurs.TestTrace
[384 of 418] Building Gopurs.UsageAnalysis
[385 of 418] Building Node.FS.Async
[386 of 418] Building Node.FS.Aff
[387 of 418] Building Node.Symbol
[388 of 418] Building Node.EventEmitter
[389 of 418] Building Node.EventEmitter.UtilTypes
[390 of 418] Building Node.Platform
[391 of 418] Building Node.Stream
[392 of 418] Building Node.Process
[393 of 418] Building PureScript.Backend.Optimizer.CoreFn.Json
[394 of 418] Building PureScript.Backend.Optimizer.CoreFn.Sort
[395 of 418] Building PureScript.Backend.Optimizer.Directives.Defaults
[396 of 418] Building PureScript.Backend.Optimizer.App
[397 of 418] Building PureScript.Backend.Optimizer.Builder
[398 of 418] Building Main
[399 of 418] Building Node.Buffer.Constants
[400 of 418] Building Node.Buffer.ST
[401 of 418] Building Node.FS.Stream
[402 of 418] Building Node.Stream.Aff
[403 of 418] Building PureScript.Backend.Optimizer.Debug
[404 of 418] Building PureScript.Backend.Optimizer.Reachability
[405 of 418] Building PureScript.Backend.Optimizer.TestUnify
[406 of 418] Building PureScript.Backend.Optimizer.Tracer.Printer
[407 of 418] Building PureScript.CST.ModuleGraph
[408 of 418] Building PureScript.CST.Parser
[409 of 418] Building PureScript.CST.Range.TokenList
[410 of 418] Building PureScript.CST.Range
[411 of 418] Building Type.Row
[412 of 418] Building PureScript.CST.Traversal
[413 of 418] Building PureScript.CST
[414 of 418] Building Record.Builder
[415 of 418] Building Spago.Generated.BuildInfo
[416 of 418] Building TestMangle
[417 of 418] Building Type.Function
[418 of 418] Building Type.Prelude

Tidying Go dependencies...
Generating sourcemaps...
Interpolating the config...

Done!
🧪 Running tests...

[DEBUG Postgres.go SQL] Query: CREATE DATABASE "store_test_01kz95b2q5vgrj879p5haw4sm1"
[DEBUG Postgres.go SQL] Params: []interface {}{}
[DEBUG Postgres.go SQL] Query: CREATE DATABASE "edge_test_01kz95b2q5vgrj879p5haw4sm1"
[DEBUG Postgres.go SQL] Params: []interface {}{}
[DEBUG Postgres.go SQL execute] Query: 
      CREATE SCHEMA IF NOT EXISTS "proj_verify_author_uniqueness";
      CREATE TABLE IF NOT EXISTS "proj_verify_author_uniqueness"._meta (
        singleton BOOLEAN PRIMARY KEY DEFAULT TRUE CHECK (singleton),
        checkpoint BIGINT NOT NULL,
        state VARCHAR NOT NULL,
        created_at TIMESTAMP NOT NULL DEFAULT (NOW() AT TIME ZONE 'UTC'),
        updated_at TIMESTAMP NOT NULL DEFAULT (NOW() AT TIME ZONE 'UTC'),
        updated_model_at TIMESTAMP NOT NULL DEFAULT (NOW() AT TIME ZONE 'UTC')
      );
      
[DEBUG Postgres.go SQL execute] Params: []interface {}{}
[DEBUG Postgres.go SQL] Query: SELECT EXTRACT(EPOCH FROM created_at)::varchar AS created_at, EXTRACT(EPOCH FROM updated_model_at)::varchar AS updated_model_at FROM "proj_verify_author_uniqueness"._meta WHERE singleton = TRUE
[DEBUG Postgres.go SQL] Params: []interface {}{}
[DEBUG Postgres.go SQL execute] Query: 
      CREATE SCHEMA IF NOT EXISTS "proj_verify_author_uniqueness";
      CREATE TABLE IF NOT EXISTS "proj_verify_author_uniqueness"._meta (
        singleton BOOLEAN PRIMARY KEY DEFAULT TRUE CHECK (singleton),
        checkpoint BIGINT NOT NULL,
        state VARCHAR NOT NULL,
        created_at TIMESTAMP NOT NULL DEFAULT (NOW() AT TIME ZONE 'UTC'),
        updated_at TIMESTAMP NOT NULL DEFAULT (NOW() AT TIME ZONE 'UTC'),
        updated_model_at TIMESTAMP NOT NULL DEFAULT (NOW() AT TIME ZONE 'UTC')
      );
      
[DEBUG Postgres.go SQL execute] Params: []interface {}{}
[DEBUG Postgres.go SQL] Query: SELECT checkpoint::varchar FROM "proj_verify_author_uniqueness"._meta WHERE singleton = TRUE
[DEBUG Postgres.go SQL] Params: []interface {}{}
[DEBUG Postgres.go JSON_MARSHAL] {"type":"Running","value":null}
[DEBUG Postgres.go JSON_MARSHAL_RAW] map[string]interface {}{"type":"Running", "value":interface {}(nil)}
[DEBUG Postgres.go SQL] Query: INSERT INTO "proj_verify_author_uniqueness"._meta (checkpoint, state) VALUES (0, $1) ON CONFLICT (singleton) DO NOTHING
[DEBUG Postgres.go SQL] Params: []interface {}{"{\"type\":\"Running\",\"value\":null}"}
[DEBUG Postgres.go SQL] Query: 
        WITH horizon AS (SELECT pg_snapshot_xmin(pg_current_snapshot())::text::bigint as min_xact)
        SELECT n::text, id::text, type::text, payload::text, meta::text, CAST(EXTRACT(EPOCH FROM at) * 1000 AS float8)::text AS at 
        FROM events, horizon 
        WHERE 
        n >= $1 AND (xact < horizon.min_xact OR at < NOW() - INTERVAL '1 minute')
ORDER BY events.n ASC
[DEBUG Postgres.go SQL] Params: []interface {}{"0"}
[DEBUG Postgres.go SQL] Query: CREATE EXTENSION IF NOT EXISTS pgx_ulid;
[DEBUG Postgres.go SQL] Params: []interface {}{}
[DEBUG Postgres.go SQL] Query: CREATE SCHEMA IF NOT EXISTS cco;
[DEBUG Postgres.go SQL] Params: []interface {}{}
[DEBUG Postgres.go SQL] Query: 
        CREATE UNLOGGED TABLE IF NOT EXISTS cco.append_intents (
            intent_id VARCHAR PRIMARY KEY,
            lock_key BIGINT NOT NULL,
            context JSONPATH NOT NULL,
            events JSONB NOT NULL
        );
        
[DEBUG Postgres.go SQL] Params: []interface {}{}
[DEBUG Postgres.go SQL] Query: 
        CREATE TABLE IF NOT EXISTS events (
            n BIGSERIAL PRIMARY KEY,
            id CHAR(26) NOT NULL DEFAULT LOWER(gen_ulid()::text) UNIQUE,
            type VARCHAR NOT NULL,
            payload JSONB NOT NULL,
            meta JSONB NOT NULL,
            at TIMESTAMP(6) NOT NULL DEFAULT (NOW() AT TIME ZONE 'UTC'),
            xact BIGINT DEFAULT pg_current_xact_id()::text::bigint
        );
        
[DEBUG Postgres.go SQL] Params: []interface {}{}
[DEBUG Postgres.go SQL] Query: CREATE INDEX IF NOT EXISTS idx_events_type ON events(type);
[DEBUG Postgres.go SQL] Params: []interface {}{}
[DEBUG Postgres.go SQL] Query: CREATE INDEX IF NOT EXISTS idx_events_at ON events(at);
[DEBUG Postgres.go SQL] Params: []interface {}{}
[DEBUG Postgres.go SQL] Query: CREATE INDEX IF NOT EXISTS idx_events_payload ON events USING gin(payload);
[DEBUG Postgres.go SQL] Params: []interface {}{}
[DEBUG Postgres.go SQL] Query: CREATE INDEX IF NOT EXISTS idx_events_meta ON events USING gin(meta);
[DEBUG Postgres.go SQL] Params: []interface {}{}
[DEBUG Postgres.go SQL] Query: 
        WITH horizon AS (SELECT pg_snapshot_xmin(pg_current_snapshot())::text::bigint as min_xact)
        SELECT n::text, id::text, type::text, payload::text, meta::text, CAST(EXTRACT(EPOCH FROM at) * 1000 AS float8)::text AS at 
        FROM events, horizon 
        WHERE 
        n >= $1 AND (xact < horizon.min_xact OR at < NOW() - INTERVAL '1 minute')
ORDER BY events.n ASC
[DEBUG Postgres.go SQL] Params: []interface {}{"0"}
[DEBUG Postgres.go SQL] Query: SELECT t.value, (((
                  1.000000
                  * (1000000.000000 * (CASE WHEN value->>'_name' = $2 THEN 1.0 ELSE 0.0 END)
                    + 1000.000000 * (CASE WHEN value_name_tsvector @@ fts_1.q THEN 1.0 / (1.0 + (value_name_tsvector <=> fts_1.q)) ELSE 0.0 END) / sqrt(GREATEST(length(value->>'name')::numeric, 1.0))
                  ) / 1001000.000000
                  ) / 1.000000 * 1.000000)) AS score FROM "proj_verify_author_uniqueness"."verify_author_uniqueness_authors" t, (SELECT fts.expand_query('proj_verify_author_uniqueness', ($1::text), true) AS q OFFSET 0) fts_1 WHERE (true AND 
                ($2::text IS NULL OR $2::text IS NOT NULL) AND
                value_name_tsvector @@ fts_1.q
                AND (value_name_tsvector <=> fts_1.q) <= 100.0
                ) ORDER BY score DESC, t.n DESC
[DEBUG Postgres.go SQL] Params: []interface {}{"zola", "zola"}
[DEBUG Postgres.go SQL execute] Query: 
      CREATE EXTENSION IF NOT EXISTS pg_trgm;
      CREATE EXTENSION IF NOT EXISTS rum;
      CREATE EXTENSION IF NOT EXISTS unaccent;

      CREATE SCHEMA IF NOT EXISTS fts;

      -- Centralized Text Normalization
      CREATE OR REPLACE FUNCTION fts.normalize(w text) RETURNS text AS $$
      BEGIN
          RETURN unaccent(lower(w));
      END;
      $$ LANGUAGE plpgsql IMMUTABLE;

      CREATE SCHEMA IF NOT EXISTS "proj_verify_author_uniqueness";

      -- FTS Words Table
      CREATE TABLE IF NOT EXISTS "proj_verify_author_uniqueness".fts_words (
          word TEXT PRIMARY KEY,
          doc_count INT DEFAULT 1
      );
      CREATE INDEX IF NOT EXISTS idx_proj_verify_author_uniqueness_fts_words_trgm ON "proj_verify_author_uniqueness".fts_words USING gin (word gin_trgm_ops);
      CREATE INDEX IF NOT EXISTS idx_proj_verify_author_uniqueness_fts_words_doc_count ON "proj_verify_author_uniqueness".fts_words (doc_count);

      -- FTS Word Couples Table
      CREATE TABLE IF NOT EXISTS "proj_verify_author_uniqueness".fts_word_couples (
          concat_word TEXT PRIMARY KEY,
          separated_words TEXT,
          doc_count INT DEFAULT 1
      );
      CREATE INDEX IF NOT EXISTS idx_proj_verify_author_uniqueness_fts_word_couples_trgm ON "proj_verify_author_uniqueness".fts_word_couples USING gin (concat_word gin_trgm_ops);
      CREATE INDEX IF NOT EXISTS idx_proj_verify_author_uniqueness_fts_word_couples_doc_count ON "proj_verify_author_uniqueness".fts_word_couples (doc_count);

      -- FTS Dictionary Candidates Extraction
      CREATE OR REPLACE FUNCTION fts.find_candidates(schema_name text, w text) RETURNS text[] AS $$
      DECLARE
          candidates text[];
          w_arr text[];
      BEGIN
          IF length(w) < 4 THEN
              RETURN ARRAY[w];
          END IF;
          
          IF length(w) < 6 THEN
              PERFORM set_config('pg_trgm.similarity_threshold', '0.20', true);
          ELSIF length(w) < 8 THEN
              PERFORM set_config('pg_trgm.similarity_threshold', '0.25', true);
          ELSE
              PERFORM set_config('pg_trgm.similarity_threshold', '0.35', true);
          END IF;

          w_arr := string_to_array(w, NULL);

          EXECUTE format('
              SELECT array_agg(ranked.word) FROM (
                  SELECT sub.word 
                  FROM (
                      SELECT d.word, 
                             d.doc_count,
                             (SELECT count(*) FROM (SELECT unnest($2) INTERSECT SELECT unnest(string_to_array(d.word, NULL))) x)::float AS overlap,
                             (SELECT count(DISTINCT x) FROM unnest(string_to_array(d.word, NULL)) AS t(x))::float AS unique_len
                      FROM %I.fts_words d 
                      WHERE d.word %% $1
                  ) sub
                  WHERE abs(sub.unique_len - (SELECT count(DISTINCT x) FROM unnest($2) AS t(x))::float) <= 2.0
                    AND abs(length(sub.word) - length($1)) <= 2
                  ORDER BY 
                      (sub.word LIKE $1 || ''%%'') DESC,
                      (left(sub.word, 1) = left($1, 1) OR (length($1) >= 2 AND left(sub.word, 2) = substring($1 from 2 for 1) || left($1, 1))) DESC,
                      sub.overlap DESC,
                      (sub.overlap / GREATEST(sub.unique_len, 1.0)) DESC,
                      similarity(sub.word, $1) DESC,
                      sub.doc_count DESC
                  LIMIT 8
              ) ranked;
          ', schema_name) INTO candidates USING w, w_arr;

          RETURN coalesce(candidates, ARRAY[]::text[]);
      END;
      $$ LANGUAGE plpgsql STABLE;

      -- FTS Dictionary Query Expansion
      CREATE OR REPLACE FUNCTION fts.expand_query(schema_name text, search_query text, quick_nothing_better_than_slower_something boolean DEFAULT false) RETURNS tsquery AS $$
      DECLARE
          words text[];
          clauses text[] := ARRAY[]::text[];
          candidates text[];
          w text;
          best_couple text;
          single_clause text;
          couple_clause text;
          expanded text;
          word_exists boolean;
      BEGIN
          search_query := regexp_replace(search_query, '[[:punct:]]', ' ', 'g');
          words := regexp_split_to_array(trim(search_query), '\s+');
          IF array_length(words, 1) IS NULL THEN
              RETURN websearch_to_tsquery('french'::regconfig, search_query);
          END IF;

          FOR i IN 1..array_length(words, 1) LOOP
              w := words[i];
              IF w = '' THEN CONTINUE; END IF;
              
              w := fts.normalize(w);
              
              IF w IN ('a', 'afin', 'ai', 'aie', 'aient', 'aies', 'ainsi', 'ait', 'apres', 'as', 'attendu', 'au', 'aujourd', 'auquel', 'aura', 'aurai', 'auraient', 'aurais', 'aurait', 'auras', 'aurez', 'auriez', 'aurions', 'aurons', 'auront', 'aussi', 'autre', 'autres', 'aux', 'auxquelles', 'auxquels', 'avaient', 'avais', 'avait', 'avant', 'avec', 'avez', 'aviez', 'avions', 'avoir', 'avons', 'ayant', 'ayante', 'ayantes', 'ayants', 'ayez', 'ayons', 'c', 'ca', 'car', 'ce', 'ceci', 'cela', 'celle', 'celles', 'celui', 'cependant', 'certain', 'certaine', 'certaines', 'certains', 'ces', 'cet', 'cette', 'ceux', 'chez', 'ci', 'combien', 'comme', 'comment', 'compris', 'concernant', 'contre', 'd', 'dans', 'de', 'debout', 'dedans', 'dehors', 'dela', 'depuis', 'derriere', 'des', 'desormais', 'desquelles', 'desquels', 'dessous', 'dessus', 'devant', 'devers', 'devra', 'divers', 'diverse', 'diverses', 'doit', 'donc', 'dont', 'du', 'duquel', 'durant', 'elle', 'elles', 'en', 'entre', 'environ', 'es', 'est', 'et', 'etaient', 'etais', 'etait', 'etant', 'etante', 'etantes', 'etants', 'etat', 'etc', 'ete', 'etee', 'etees', 'etes', 'etiez', 'etions', 'etre', 'eu', 'eue', 'eues', 'euh', 'eumes', 'eurent', 'eus', 'eusse', 'eussent', 'eusses', 'eussiez', 'eussions', 'eut', 'eutes', 'eux', 'excepte', 'fumes', 'furent', 'fus', 'fusse', 'fussent', 'fusses', 'fussiez', 'fussions', 'fut', 'futes', 'helas', 'hormis', 'hors', 'hui', 'il', 'ils', 'j', 'je', 'jusqu', 'jusque', 'l', 'la', 'laquelle', 'le', 'lequel', 'les', 'lesquelles', 'lesquels', 'leur', 'leurs', 'lorsque', 'lui', 'm', 'ma', 'mais', 'malgre', 'me', 'meme', 'memes', 'merci', 'mes', 'mien', 'mienne', 'miennes', 'miens', 'moi', 'moins', 'mon', 'moyennant', 'n', 'ne', 'neanmoins', 'ni', 'non', 'nos', 'notre', 'notres', 'nous', 'on', 'ont', 'ou', 'outre', 'par', 'parmi', 'partant', 'pas', 'passe', 'pendant', 'plein', 'plus', 'plusieurs', 'pour', 'pourquoi', 'pres', 'proche', 'puisque', 'qu', 'quand', 'que', 'quel', 'quelle', 'quelles', 'quels', 'qui', 'quoi', 'quoique', 'revoici', 'revoila', 's', 'sa', 'sans', 'sauf', 'se', 'sera', 'serai', 'seraient', 'serais', 'serait', 'seras', 'serez', 'seriez', 'serions', 'serons', 'seront', 'ses', 'si', 'sien', 'sienne', 'siennes', 'siens', 'sinon', 'soi', 'soient', 'sois', 'soit', 'sommes', 'son', 'sont', 'sous', 'soyez', 'soyons', 'suis', 'suite', 'sur', 't', 'ta', 'te', 'tel', 'telle', 'telles', 'tels', 'tes', 'tien', 'tienne', 'tiennes', 'tiens', 'toi', 'ton', 'tous', 'tout', 'toute', 'toutes', 'tu', 'un', 'une', 'unes', 'uns', 'voici', 'voila', 'vos', 'votre', 'votres', 'vous', 'vu', 'y') OR length(to_tsvector('french'::regconfig, w)) = 0 THEN
                  CONTINUE;
              END IF;
              
              -- 1. Single word candidates
              EXECUTE format('SELECT EXISTS(SELECT 1 FROM %I.fts_words WHERE word = $1)', schema_name) INTO word_exists USING w;
              IF word_exists THEN
                  candidates := ARRAY[w];
              ELSE
                  candidates := fts.find_candidates(schema_name, w);
              END IF;
              
              single_clause := '';
              IF array_length(candidates, 1) > 0 THEN
                  single_clause := '(' || array_to_string(candidates, ' | ') || ')';
              ELSE
                  single_clause := w;
              END IF;

              -- 2. Word couple candidates
              couple_clause := '';
              -- Why not "AND NOT word_exists"? Consider "socio-économique" and "socioéconomique" (both are correct)
              IF NOT quick_nothing_better_than_slower_something AND length(w) >= 6 THEN
                  PERFORM set_config('pg_trgm.similarity_threshold', '0.33', true);
                  
                  EXECUTE format('
                      SELECT separated_words 
                      FROM %I.fts_word_couples 
                      WHERE concat_word %% $1
                        AND abs(length(concat_word) - length($1)) <= 1
                      ORDER BY similarity(concat_word, $1) DESC, doc_count DESC 
                      LIMIT 1
                  ', schema_name) INTO best_couple USING w;
                  
                  IF best_couple IS NOT NULL THEN
                      couple_clause := '(' || replace(best_couple, ' ', ' & ') || ')';
                  END IF;
              END IF;

              -- 3. Combine clauses
              IF couple_clause <> '' THEN
                  clauses := array_append(clauses, '(' || single_clause || ' | ' || couple_clause || ')');
              ELSE
                  clauses := array_append(clauses, single_clause);
              END IF;
          END LOOP;

          IF array_length(clauses, 1) IS NULL THEN
              RETURN websearch_to_tsquery('french'::regconfig, search_query);
          END IF;

          IF quick_nothing_better_than_slower_something THEN
              expanded := array_to_string(clauses, ' & ');
          ELSE
              expanded := array_to_string(clauses, ' | ');
          END IF;

          BEGIN
              RETURN to_tsquery('french'::regconfig, expanded);
          EXCEPTION WHEN OTHERS THEN
              RETURN websearch_to_tsquery('french'::regconfig, search_query);
          END;
      END;
      $$ LANGUAGE plpgsql STABLE;
      
      CREATE TABLE IF NOT EXISTS "proj_verify_author_uniqueness"."verify_author_uniqueness_authors" (
        n BIGSERIAL PRIMARY KEY,
        key VARCHAR NOT NULL,
        key_aliases TEXT[] NOT NULL DEFAULT '{}',
        value JSONB NOT NULL,
        updated_at TIMESTAMP NOT NULL DEFAULT (NOW() AT TIME ZONE 'UTC')
      );

      CREATE UNIQUE INDEX IF NOT EXISTS idx_proj_verify_author_uniqueness_verify_author_uniqueness_authors_key ON "proj_verify_author_uniqueness"."verify_author_uniqueness_authors" (key);
      CREATE INDEX IF NOT EXISTS idx_proj_verify_author_uniqueness_verify_author_uniqueness_authors_key_aliases ON "proj_verify_author_uniqueness"."verify_author_uniqueness_authors" USING gin(key_aliases);
      CREATE INDEX IF NOT EXISTS idx_proj_verify_author_uniqueness_verify_author_uniqueness_authors_value ON "proj_verify_author_uniqueness"."verify_author_uniqueness_authors" USING gin(value);
      
CREATE INDEX IF NOT EXISTS idx_proj_verify_author_uniqueness_verify_author_uniqueness_authors_value_id ON "proj_verify_author_uniqueness"."verify_author_uniqueness_authors" ((value->>'id'));
CREATE INDEX IF NOT EXISTS idx_proj_verify_author_uniqueness_verify_author_uniqueness_authors_value_id_jsonb ON "proj_verify_author_uniqueness"."verify_author_uniqueness_authors" ((value->'id'));
CREATE INDEX IF NOT EXISTS idx_proj_verify_author_uniqueness_verify_author_uniqueness_authors_value_name ON "proj_verify_author_uniqueness"."verify_author_uniqueness_authors" ((value->>'name'));
CREATE INDEX IF NOT EXISTS idx_proj_verify_author_uniqueness_verify_author_uniqueness_authors_value_name_jsonb ON "proj_verify_author_uniqueness"."verify_author_uniqueness_authors" ((value->'name'));
CREATE INDEX IF NOT EXISTS idx_proj_verify_author_uniqueness_verify_author_uniqueness_authors_value_name_norm ON "proj_verify_author_uniqueness"."verify_author_uniqueness_authors" ((value->>'_name'));

        ALTER TABLE "proj_verify_author_uniqueness"."verify_author_uniqueness_authors" ADD COLUMN IF NOT EXISTS value_name_tsvector tsvector GENERATED ALWAYS AS (to_tsvector('french'::regconfig, value->>'_name')) STORED;

        CREATE INDEX IF NOT EXISTS idx_proj_verify_author_uniqueness_verify_author_uniqueness_authors_value_name_fts_ts ON "proj_verify_author_uniqueness"."verify_author_uniqueness_authors" USING rum (value_name_tsvector);

        -- Auto-population Trigger
        CREATE OR REPLACE FUNCTION "proj_verify_author_uniqueness".trg_func_verify_author_uniqueness_authors_value_name_into_fts_words() RETURNS TRIGGER AS $$
        DECLARE
            new_arr text[];
            old_arr text[];
        BEGIN
            -- Short-circuit optimization to dramatically boost irrelevant field updates
            IF TG_OP = 'UPDATE' AND coalesce(NEW.value->>'_name', '') = coalesce(OLD.value->>'_name', '') THEN
                RETURN NULL;
            END IF;

            IF TG_OP = 'INSERT' OR TG_OP = 'UPDATE' THEN
                new_arr := regexp_split_to_array(fts.normalize(coalesce(NEW.value->>'_name', '')), '[^a-z0-9]+');
            END IF;
            IF TG_OP = 'DELETE' OR TG_OP = 'UPDATE' THEN
                old_arr := regexp_split_to_array(fts.normalize(coalesce(OLD.value->>'_name', '')), '[^a-z0-9]+');
            END IF;

            IF TG_OP = 'INSERT' THEN
                -- Insert individual words
                INSERT INTO "proj_verify_author_uniqueness".fts_words (word)
                SELECT DISTINCT unnest FROM unnest(new_arr) WHERE length(unnest) >= 3
                ON CONFLICT (word) DO UPDATE SET doc_count = fts_words.doc_count + 1;
                
                -- Insert word couples (bigrams)
                INSERT INTO "proj_verify_author_uniqueness".fts_word_couples (concat_word, separated_words)
                SELECT t1.word || t2.word, MAX(t1.word || ' ' || t2.word)
                FROM unnest(new_arr) WITH ORDINALITY AS t1(word, rn)
                JOIN unnest(new_arr) WITH ORDINALITY AS t2(word, rn) ON t2.rn = t1.rn + 1
                WHERE t1.word <> '' AND t2.word <> '' AND length(t1.word || t2.word) >= 6
                GROUP BY t1.word || t2.word
                ON CONFLICT (concat_word) DO UPDATE SET doc_count = fts_word_couples.doc_count + 1;

            ELSIF TG_OP = 'UPDATE' THEN
                -- Words added
                INSERT INTO "proj_verify_author_uniqueness".fts_words (word)
                SELECT unnest FROM unnest(new_arr) WHERE length(unnest) >= 3
                EXCEPT
                SELECT unnest FROM unnest(old_arr) WHERE length(unnest) >= 3
                ON CONFLICT (word) DO UPDATE SET doc_count = fts_words.doc_count + 1;

                -- Word Couples added
                INSERT INTO "proj_verify_author_uniqueness".fts_word_couples (concat_word, separated_words)
                SELECT added_concat, MAX(added_sep) FROM (
                    SELECT t1.word || t2.word AS added_concat, t1.word || ' ' || t2.word AS added_sep
                    FROM unnest(new_arr) WITH ORDINALITY AS t1(word, rn)
                    JOIN unnest(new_arr) WITH ORDINALITY AS t2(word, rn) ON t2.rn = t1.rn + 1
                    WHERE t1.word <> '' AND t2.word <> '' AND length(t1.word || t2.word) >= 6
                    EXCEPT
                    SELECT t1.word || t2.word AS added_concat, t1.word || ' ' || t2.word AS added_sep
                    FROM unnest(old_arr) WITH ORDINALITY AS t1(word, rn)
                    JOIN unnest(old_arr) WITH ORDINALITY AS t2(word, rn) ON t2.rn = t1.rn + 1
                    WHERE t1.word <> '' AND t2.word <> '' AND length(t1.word || t2.word) >= 6
                ) sub
                GROUP BY added_concat
                ON CONFLICT (concat_word) DO UPDATE SET doc_count = fts_word_couples.doc_count + 1;

                -- Words removed
                WITH decremented_words AS (
                    UPDATE "proj_verify_author_uniqueness".fts_words
                    SET doc_count = fts_words.doc_count - 1
                    WHERE word IN (
                        SELECT unnest FROM unnest(old_arr) WHERE length(unnest) >= 3
                        EXCEPT
                        SELECT unnest FROM unnest(new_arr) WHERE length(unnest) >= 3
                    )
                    RETURNING word, doc_count
                )
                DELETE FROM "proj_verify_author_uniqueness".fts_words WHERE word IN (SELECT word FROM decremented_words WHERE doc_count <= 0);
                
                -- Word couples removed
                WITH decremented_couples AS (
                    UPDATE "proj_verify_author_uniqueness".fts_word_couples
                    SET doc_count = fts_word_couples.doc_count - 1
                    WHERE concat_word IN (
                        SELECT t1.word || t2.word
                        FROM unnest(old_arr) WITH ORDINALITY AS t1(word, rn)
                        JOIN unnest(old_arr) WITH ORDINALITY AS t2(word, rn) ON t2.rn = t1.rn + 1
                        WHERE t1.word <> '' AND t2.word <> '' AND length(t1.word || t2.word) >= 6
                        EXCEPT
                        SELECT t1.word || t2.word
                        FROM unnest(new_arr) WITH ORDINALITY AS t1(word, rn)
                        JOIN unnest(new_arr) WITH ORDINALITY AS t2(word, rn) ON t2.rn = t1.rn + 1
                        WHERE t1.word <> '' AND t2.word <> '' AND length(t1.word || t2.word) >= 6
                    )
                    RETURNING concat_word, doc_count
                )
                DELETE FROM "proj_verify_author_uniqueness".fts_word_couples WHERE concat_word IN (SELECT concat_word FROM decremented_couples WHERE doc_count <= 0);
                
            ELSIF TG_OP = 'DELETE' THEN
                -- Words removed
                WITH decremented_words AS (
                    UPDATE "proj_verify_author_uniqueness".fts_words
                    SET doc_count = fts_words.doc_count - 1
                    WHERE word IN (
                        SELECT DISTINCT unnest FROM unnest(old_arr) WHERE length(unnest) >= 3
                    )
                    RETURNING word, doc_count
                )
                DELETE FROM "proj_verify_author_uniqueness".fts_words WHERE word IN (SELECT word FROM decremented_words WHERE doc_count <= 0);
                
                -- Word couples removed
                WITH decremented_couples AS (
                    UPDATE "proj_verify_author_uniqueness".fts_word_couples
                    SET doc_count = fts_word_couples.doc_count - 1
                    WHERE concat_word IN (
                        SELECT t1.word || t2.word
                        FROM unnest(old_arr) WITH ORDINALITY AS t1(word, rn)
                        JOIN unnest(old_arr) WITH ORDINALITY AS t2(word, rn) ON t2.rn = t1.rn + 1
                        WHERE t1.word <> '' AND t2.word <> '' AND length(t1.word || t2.word) >= 6
                    )
                    RETURNING concat_word, doc_count
                )
                DELETE FROM "proj_verify_author_uniqueness".fts_word_couples WHERE concat_word IN (SELECT concat_word FROM decremented_couples WHERE doc_count <= 0);
            END IF;
            RETURN NULL;
        END;
        $$ LANGUAGE plpgsql;

        DROP TRIGGER IF EXISTS trg_verify_author_uniqueness_authors_value_name_into_fts_words ON "proj_verify_author_uniqueness"."verify_author_uniqueness_authors";
        CREATE TRIGGER trg_verify_author_uniqueness_authors_value_name_into_fts_words
        AFTER INSERT OR UPDATE OR DELETE ON "proj_verify_author_uniqueness"."verify_author_uniqueness_authors"
        FOR EACH ROW EXECUTE FUNCTION "proj_verify_author_uniqueness".trg_func_verify_author_uniqueness_authors_value_name_into_fts_words();
        ALTER TABLE "proj_verify_author_uniqueness"."verify_author_uniqueness_authors" ADD COLUMN IF NOT EXISTS value_tsvector tsvector GENERATED ALWAYS AS (setweight(to_tsvector('french'::regconfig, coalesce(value->>'_name', '')), 'A')) STORED;
CREATE INDEX IF NOT EXISTS idx_proj_verify_author_uniqueness_verify_author_uniqueness_authors_value_tsvector ON "proj_verify_author_uniqueness"."verify_author_uniqueness_authors" USING rum (value_tsvector);

[DEBUG Postgres.go SQL execute] Params: []interface {}{}
[DEBUG Postgres.go SQL] Query: SELECT t.value, (((
                  1.000000
                  * (1000000.000000 * (CASE WHEN value->>'_name' = $2 THEN 1.0 ELSE 0.0 END)
                    + 1000.000000 * (CASE WHEN value_name_tsvector @@ fts_1.q THEN 1.0 / (1.0 + (value_name_tsvector <=> fts_1.q)) ELSE 0.0 END) / sqrt(GREATEST(length(value->>'name')::numeric, 1.0))
                  ) / 1001000.000000
                  ) / 1.000000 * 1.000000)) AS score FROM "proj_verify_author_uniqueness"."verify_author_uniqueness_authors" t, (SELECT fts.expand_query('proj_verify_author_uniqueness', ($1::text), true) AS q OFFSET 0) fts_1 WHERE (true AND 
                ($2::text IS NULL OR $2::text IS NOT NULL) AND
                value_name_tsvector @@ fts_1.q
                AND (value_name_tsvector <=> fts_1.q) <= 100.0
                ) ORDER BY score DESC, t.n DESC
[DEBUG Postgres.go SQL] Params: []interface {}{"zola", "zola"}
[DEBUG Postgres.go JSON_MARSHAL] {"id":"01kz95b2txznfygarjd8s2zbvb"}
[DEBUG Postgres.go JSON_MARSHAL_RAW] map[string]interface {}{"id":"01kz95b2txznfygarjd8s2zbvb"}
[DEBUG Postgres.go JSON_MARSHAL] {"author":"01kz95b2txznfygarjd8s2zbvb"}
[DEBUG Postgres.go JSON_MARSHAL_RAW] map[string]interface {}{"author":"01kz95b2txznfygarjd8s2zbvb"}
[DEBUG Postgres.go SQL] Query: SELECT n::text, id::text, type::text, payload::text, meta::text, CAST(EXTRACT(EPOCH FROM at) * 1000 AS float8)::text AS at FROM events WHERE ((type = $1 AND payload @> $2::jsonb) OR (type = $3 AND payload @> $4::jsonb)) ORDER BY events.n ASC
[DEBUG Postgres.go SQL] Params: []interface {}{"AuthorReferenced", "{\"id\":\"01kz95b2txznfygarjd8s2zbvb\"}", "AuthorDereferenced", "{\"author\":\"01kz95b2txznfygarjd8s2zbvb\"}"}
[DEBUG Postgres.go SQL] Query: SELECT pg_advisory_lock($1::bigint)
[DEBUG Postgres.go SQL] Params: []interface {}{"1785940249506811001"}
[DEBUG Postgres.go SELECT] Col: pg_advisory_lock, Type: string, Value: 
[DEBUG Postgres.go SQL] Query: 
        WITH collisions AS (
            SELECT lock_key as colliding_key FROM cco.append_intents
            WHERE (events @? $2::jsonpath) OR ($3::jsonb @? context)
        ),
        zombie_check AS (
            SELECT colliding_key, pg_try_advisory_lock(colliding_key) as is_zombie
            FROM collisions
        ),
        active_collisions AS (
            SELECT colliding_key FROM zombie_check WHERE NOT is_zombie
        ),
        cleanup_zombies AS (
            DELETE FROM cco.append_intents
            WHERE lock_key IN (SELECT colliding_key FROM zombie_check WHERE is_zombie)
        ),
        release_zombie_locks AS (
            SELECT pg_advisory_unlock(colliding_key)
            FROM zombie_check WHERE is_zombie
        ),
        insertion AS (
            INSERT INTO cco.append_intents (intent_id, lock_key, context, events)
            SELECT $1, $4::bigint, $2::jsonpath, $3::jsonb 
            WHERE (SELECT count(*) FROM active_collisions) < 1
            RETURNING true as inserted
        )
        SELECT COALESCE((SELECT inserted FROM insertion), false) as success
      
[DEBUG Postgres.go SQL] Params: []interface {}{"a41034ac-70df-4d10-b260-b48272e43b8e", "$ ? (((@.type == \"AuthorReferenced\" && @.payload.id == \"01kz95b2txznfygarjd8s2zbvb\") || (@.type == \"AuthorDereferenced\" && @.payload.author == \"01kz95b2txznfygarjd8s2zbvb\")))", "\"[{\\\"payload\\\":{\\\"biography\\\":\\\"Blablah...\\\",\\\"id\\\":\\\"01kz95b2txznfygarjd8s2zbvb\\\",\\\"legacyIds\\\":[],\\\"name\\\":\\\"Zola\\\",\\\"portrait\\\":null},\\\"type\\\":\\\"AuthorReferenced\\\"}]\"", "1785940249506811001"}
[DEBUG Postgres.go SELECT] Col: success, Type: bool, Value: true
[DEBUG Postgres.go SQL] Query: BEGIN
[DEBUG Postgres.go SQL] Params: []interface {}{}
[DEBUG Postgres.go JSON_MARSHAL] {"id":"01kz95b2txznfygarjd8s2zbvb"}
[DEBUG Postgres.go JSON_MARSHAL_RAW] map[string]interface {}{"id":"01kz95b2txznfygarjd8s2zbvb"}
[DEBUG Postgres.go JSON_MARSHAL] {"author":"01kz95b2txznfygarjd8s2zbvb"}
[DEBUG Postgres.go JSON_MARSHAL_RAW] map[string]interface {}{"author":"01kz95b2txznfygarjd8s2zbvb"}
[DEBUG Postgres.go SQL] Query: 
            WITH context AS (SELECT MAX(n) as max_seq FROM events WHERE ((type = $1 AND payload @> $2::jsonb) OR (type = $3 AND payload @> $4::jsonb)))
              , registry_cross_check AS (
                  SELECT count(*) as cnt 
                  FROM cco.append_intents other
                  JOIN cco.append_intents me ON me.intent_id = $5
                  WHERE ((other.events @? $6::jsonpath) OR ($7::jsonb @? other.context))
                    AND other.intent_id != $5
                    AND other.lock_key < me.lock_key
              )
            INSERT INTO events (type, payload, meta, at)
            SELECT unnest($8::text[]), unnest($9::jsonb[]), unnest($10::jsonb[]), NOW() AT TIME ZONE 'UTC'
            FROM context
            WHERE true
             AND (SELECT cnt FROM registry_cross_check) = 0
            RETURNING n::text, id::text, type::text, payload::text, meta::text, CAST(EXTRACT(EPOCH FROM at) * 1000 AS float8)::text AS at
            
[DEBUG Postgres.go SQL] Params: []interface {}{"AuthorReferenced", "{\"id\":\"01kz95b2txznfygarjd8s2zbvb\"}", "AuthorDereferenced", "{\"author\":\"01kz95b2txznfygarjd8s2zbvb\"}", "a41034ac-70df-4d10-b260-b48272e43b8e", "$ ? (((@.type == \"AuthorReferenced\" && @.payload.id == \"01kz95b2txznfygarjd8s2zbvb\") || (@.type == \"AuthorDereferenced\" && @.payload.author == \"01kz95b2txznfygarjd8s2zbvb\")))", "[{\"payload\":{\"biography\":\"Blablah...\",\"id\":\"01kz95b2txznfygarjd8s2zbvb\",\"legacyIds\":[],\"name\":\"Zola\",\"portrait\":null},\"type\":\"AuthorReferenced\"}]", []interface {}{"AuthorReferenced"}, []interface {}{map[string]interface {}{"biography":"Blablah...", "id":"01kz95b2txznfygarjd8s2zbvb", "legacyIds":[]interface {}{}, "name":"Zola", "portrait":interface {}(nil)}}, []interface {}{map[string]interface {}{"trace":map[string]interface {}{"append":"01kz95b2x21am27z9yk8a5rrhf", "cause":interface {}(nil), "run":"01kz95b2ttb8x08xspzxv7abwg"}}}}
[DEBUG Postgres.go SELECT] Col: n, Type: string, Value: 1
[DEBUG Postgres.go SELECT] Col: id, Type: string, Value: 01kz95b2x86z17bh6xah5sedkc
[DEBUG Postgres.go SELECT] Col: type, Type: string, Value: AuthorReferenced
[DEBUG Postgres.go SELECT] Col: payload, Type: string, Value: {"id": "01kz95b2txznfygarjd8s2zbvb", "name": "Zola", "portrait": null, "biography": "Blablah...", "legacyIds": []}
[DEBUG Postgres.go SELECT] Col: meta, Type: string, Value: {"trace": {"run": "01kz95b2ttb8x08xspzxv7abwg", "cause": null, "append": "01kz95b2x21am27z9yk8a5rrhf"}}
[DEBUG Postgres.go SELECT] Col: at, Type: string, Value: 1785940249511.407
[DEBUG Postgres.go SQL] Query: DELETE FROM cco.append_intents WHERE intent_id = $1
[DEBUG Postgres.go SQL] Params: []interface {}{"a41034ac-70df-4d10-b260-b48272e43b8e"}
[DEBUG Postgres.go SQL] Query: SELECT pg_advisory_unlock($1::bigint)
[DEBUG Postgres.go SQL] Params: []interface {}{"1785940249506811001"}
[DEBUG Postgres.go SELECT] Col: pg_advisory_unlock, Type: bool, Value: true
[DEBUG Postgres.go SQL] Query: COMMIT
[DEBUG Postgres.go SQL] Params: []interface {}{}
[DEBUG Postgres.go SQL] Query: SELECT pg_advisory_unlock_all()
[DEBUG Postgres.go SQL] Params: []interface {}{}
[DEBUG Postgres.go SELECT] Col: pg_advisory_unlock_all, Type: string, Value: 
[DEBUG Postgres.go SQL execute] Query: 
      CREATE SCHEMA IF NOT EXISTS "proj_verify_editor_uniqueness";
      CREATE TABLE IF NOT EXISTS "proj_verify_editor_uniqueness"._meta (
        singleton BOOLEAN PRIMARY KEY DEFAULT TRUE CHECK (singleton),
        checkpoint BIGINT NOT NULL,
        state VARCHAR NOT NULL,
        created_at TIMESTAMP NOT NULL DEFAULT (NOW() AT TIME ZONE 'UTC'),
        updated_at TIMESTAMP NOT NULL DEFAULT (NOW() AT TIME ZONE 'UTC'),
        updated_model_at TIMESTAMP NOT NULL DEFAULT (NOW() AT TIME ZONE 'UTC')
      );
      
[DEBUG Postgres.go SQL execute] Params: []interface {}{}
[DEBUG Postgres.go SQL] Query: SELECT EXTRACT(EPOCH FROM created_at)::varchar AS created_at, EXTRACT(EPOCH FROM updated_model_at)::varchar AS updated_model_at FROM "proj_verify_editor_uniqueness"._meta WHERE singleton = TRUE
[DEBUG Postgres.go SQL] Params: []interface {}{}
[DEBUG Postgres.go SQL execute] Query: 
      CREATE SCHEMA IF NOT EXISTS "proj_verify_editor_uniqueness";
      CREATE TABLE IF NOT EXISTS "proj_verify_editor_uniqueness"._meta (
        singleton BOOLEAN PRIMARY KEY DEFAULT TRUE CHECK (singleton),
        checkpoint BIGINT NOT NULL,
        state VARCHAR NOT NULL,
        created_at TIMESTAMP NOT NULL DEFAULT (NOW() AT TIME ZONE 'UTC'),
        updated_at TIMESTAMP NOT NULL DEFAULT (NOW() AT TIME ZONE 'UTC'),
        updated_model_at TIMESTAMP NOT NULL DEFAULT (NOW() AT TIME ZONE 'UTC')
      );
      
[DEBUG Postgres.go SQL execute] Params: []interface {}{}
[DEBUG Postgres.go SQL] Query: SELECT checkpoint::varchar FROM "proj_verify_editor_uniqueness"._meta WHERE singleton = TRUE
[DEBUG Postgres.go SQL] Params: []interface {}{}
[DEBUG Postgres.go JSON_MARSHAL] {"type":"Running","value":null}
[DEBUG Postgres.go JSON_MARSHAL_RAW] map[string]interface {}{"type":"Running", "value":interface {}(nil)}
[DEBUG Postgres.go SQL] Query: INSERT INTO "proj_verify_editor_uniqueness"._meta (checkpoint, state) VALUES (0, $1) ON CONFLICT (singleton) DO NOTHING
[DEBUG Postgres.go SQL] Params: []interface {}{"{\"type\":\"Running\",\"value\":null}"}
[DEBUG Postgres.go SQL] Query: 
        WITH horizon AS (SELECT pg_snapshot_xmin(pg_current_snapshot())::text::bigint as min_xact)
        SELECT n::text, id::text, type::text, payload::text, meta::text, CAST(EXTRACT(EPOCH FROM at) * 1000 AS float8)::text AS at 
        FROM events, horizon 
        WHERE 
        n >= $1 AND (xact < horizon.min_xact OR at < NOW() - INTERVAL '1 minute')
ORDER BY events.n ASC
[DEBUG Postgres.go SQL] Params: []interface {}{"0"}
[DEBUG Postgres.go SELECT] Col: n, Type: string, Value: 1
[DEBUG Postgres.go SELECT] Col: id, Type: string, Value: 01kz95b2x86z17bh6xah5sedkc
[DEBUG Postgres.go SELECT] Col: type, Type: string, Value: AuthorReferenced
[DEBUG Postgres.go SELECT] Col: payload, Type: string, Value: {"id": "01kz95b2txznfygarjd8s2zbvb", "name": "Zola", "portrait": null, "biography": "Blablah...", "legacyIds": []}
[DEBUG Postgres.go SELECT] Col: meta, Type: string, Value: {"trace": {"run": "01kz95b2ttb8x08xspzxv7abwg", "cause": null, "append": "01kz95b2x21am27z9yk8a5rrhf"}}
[DEBUG Postgres.go SELECT] Col: at, Type: string, Value: 1785940249511.407
[DEBUG Postgres.go SQL] Query: UPDATE "proj_verify_editor_uniqueness"._meta SET checkpoint = $1, updated_at = (NOW() AT TIME ZONE 'UTC') WHERE singleton = TRUE
[DEBUG Postgres.go SQL] Params: []interface {}{"1"}
[DEBUG Postgres.go SQL] Query: SELECT t.value, (((
                  1.000000
                  * (1000000.000000 * (CASE WHEN value->>'_name' = $2 THEN 1.0 ELSE 0.0 END)
                    + 1000.000000 * (CASE WHEN value_name_tsvector @@ fts_1.q THEN 1.0 / (1.0 + (value_name_tsvector <=> fts_1.q)) ELSE 0.0 END) / sqrt(GREATEST(length(value->>'name')::numeric, 1.0))
                  ) / 1001000.000000
                  ) / 1.000000 * 1.000000)) AS score FROM "proj_verify_editor_uniqueness"."verify_editor_uniqueness_editors" t, (SELECT fts.expand_query('proj_verify_editor_uniqueness', ($1::text), true) AS q OFFSET 0) fts_1 WHERE (true AND 
                ($2::text IS NULL OR $2::text IS NOT NULL) AND
                value_name_tsvector @@ fts_1.q
                AND (value_name_tsvector <=> fts_1.q) <= 100.0
                ) ORDER BY score DESC, t.n DESC
[DEBUG Postgres.go SQL] Params: []interface {}{"flammarion", "flammarion"}
[DEBUG Postgres.go SQL execute] Query: 
      CREATE EXTENSION IF NOT EXISTS pg_trgm;
      CREATE EXTENSION IF NOT EXISTS rum;
      CREATE EXTENSION IF NOT EXISTS unaccent;

      CREATE SCHEMA IF NOT EXISTS fts;

      -- Centralized Text Normalization
      CREATE OR REPLACE FUNCTION fts.normalize(w text) RETURNS text AS $$
      BEGIN
          RETURN unaccent(lower(w));
      END;
      $$ LANGUAGE plpgsql IMMUTABLE;

      CREATE SCHEMA IF NOT EXISTS "proj_verify_editor_uniqueness";

      -- FTS Words Table
      CREATE TABLE IF NOT EXISTS "proj_verify_editor_uniqueness".fts_words (
          word TEXT PRIMARY KEY,
          doc_count INT DEFAULT 1
      );
      CREATE INDEX IF NOT EXISTS idx_proj_verify_editor_uniqueness_fts_words_trgm ON "proj_verify_editor_uniqueness".fts_words USING gin (word gin_trgm_ops);
      CREATE INDEX IF NOT EXISTS idx_proj_verify_editor_uniqueness_fts_words_doc_count ON "proj_verify_editor_uniqueness".fts_words (doc_count);

      -- FTS Word Couples Table
      CREATE TABLE IF NOT EXISTS "proj_verify_editor_uniqueness".fts_word_couples (
          concat_word TEXT PRIMARY KEY,
          separated_words TEXT,
          doc_count INT DEFAULT 1
      );
      CREATE INDEX IF NOT EXISTS idx_proj_verify_editor_uniqueness_fts_word_couples_trgm ON "proj_verify_editor_uniqueness".fts_word_couples USING gin (concat_word gin_trgm_ops);
      CREATE INDEX IF NOT EXISTS idx_proj_verify_editor_uniqueness_fts_word_couples_doc_count ON "proj_verify_editor_uniqueness".fts_word_couples (doc_count);

      -- FTS Dictionary Candidates Extraction
      CREATE OR REPLACE FUNCTION fts.find_candidates(schema_name text, w text) RETURNS text[] AS $$
      DECLARE
          candidates text[];
          w_arr text[];
      BEGIN
          IF length(w) < 4 THEN
              RETURN ARRAY[w];
          END IF;
          
          IF length(w) < 6 THEN
              PERFORM set_config('pg_trgm.similarity_threshold', '0.20', true);
          ELSIF length(w) < 8 THEN
              PERFORM set_config('pg_trgm.similarity_threshold', '0.25', true);
          ELSE
              PERFORM set_config('pg_trgm.similarity_threshold', '0.35', true);
          END IF;

          w_arr := string_to_array(w, NULL);

          EXECUTE format('
              SELECT array_agg(ranked.word) FROM (
                  SELECT sub.word 
                  FROM (
                      SELECT d.word, 
                             d.doc_count,
                             (SELECT count(*) FROM (SELECT unnest($2) INTERSECT SELECT unnest(string_to_array(d.word, NULL))) x)::float AS overlap,
                             (SELECT count(DISTINCT x) FROM unnest(string_to_array(d.word, NULL)) AS t(x))::float AS unique_len
                      FROM %I.fts_words d 
                      WHERE d.word %% $1
                  ) sub
                  WHERE abs(sub.unique_len - (SELECT count(DISTINCT x) FROM unnest($2) AS t(x))::float) <= 2.0
                    AND abs(length(sub.word) - length($1)) <= 2
                  ORDER BY 
                      (sub.word LIKE $1 || ''%%'') DESC,
                      (left(sub.word, 1) = left($1, 1) OR (length($1) >= 2 AND left(sub.word, 2) = substring($1 from 2 for 1) || left($1, 1))) DESC,
                      sub.overlap DESC,
                      (sub.overlap / GREATEST(sub.unique_len, 1.0)) DESC,
                      similarity(sub.word, $1) DESC,
                      sub.doc_count DESC
                  LIMIT 8
              ) ranked;
          ', schema_name) INTO candidates USING w, w_arr;

          RETURN coalesce(candidates, ARRAY[]::text[]);
      END;
      $$ LANGUAGE plpgsql STABLE;

      -- FTS Dictionary Query Expansion
      CREATE OR REPLACE FUNCTION fts.expand_query(schema_name text, search_query text, quick_nothing_better_than_slower_something boolean DEFAULT false) RETURNS tsquery AS $$
      DECLARE
          words text[];
          clauses text[] := ARRAY[]::text[];
          candidates text[];
          w text;
          best_couple text;
          single_clause text;
          couple_clause text;
          expanded text;
          word_exists boolean;
      BEGIN
          search_query := regexp_replace(search_query, '[[:punct:]]', ' ', 'g');
          words := regexp_split_to_array(trim(search_query), '\s+');
          IF array_length(words, 1) IS NULL THEN
              RETURN websearch_to_tsquery('french'::regconfig, search_query);
          END IF;

          FOR i IN 1..array_length(words, 1) LOOP
              w := words[i];
              IF w = '' THEN CONTINUE; END IF;
              
              w := fts.normalize(w);
              
              IF w IN ('a', 'afin', 'ai', 'aie', 'aient', 'aies', 'ainsi', 'ait', 'apres', 'as', 'attendu', 'au', 'aujourd', 'auquel', 'aura', 'aurai', 'auraient', 'aurais', 'aurait', 'auras', 'aurez', 'auriez', 'aurions', 'aurons', 'auront', 'aussi', 'autre', 'autres', 'aux', 'auxquelles', 'auxquels', 'avaient', 'avais', 'avait', 'avant', 'avec', 'avez', 'aviez', 'avions', 'avoir', 'avons', 'ayant', 'ayante', 'ayantes', 'ayants', 'ayez', 'ayons', 'c', 'ca', 'car', 'ce', 'ceci', 'cela', 'celle', 'celles', 'celui', 'cependant', 'certain', 'certaine', 'certaines', 'certains', 'ces', 'cet', 'cette', 'ceux', 'chez', 'ci', 'combien', 'comme', 'comment', 'compris', 'concernant', 'contre', 'd', 'dans', 'de', 'debout', 'dedans', 'dehors', 'dela', 'depuis', 'derriere', 'des', 'desormais', 'desquelles', 'desquels', 'dessous', 'dessus', 'devant', 'devers', 'devra', 'divers', 'diverse', 'diverses', 'doit', 'donc', 'dont', 'du', 'duquel', 'durant', 'elle', 'elles', 'en', 'entre', 'environ', 'es', 'est', 'et', 'etaient', 'etais', 'etait', 'etant', 'etante', 'etantes', 'etants', 'etat', 'etc', 'ete', 'etee', 'etees', 'etes', 'etiez', 'etions', 'etre', 'eu', 'eue', 'eues', 'euh', 'eumes', 'eurent', 'eus', 'eusse', 'eussent', 'eusses', 'eussiez', 'eussions', 'eut', 'eutes', 'eux', 'excepte', 'fumes', 'furent', 'fus', 'fusse', 'fussent', 'fusses', 'fussiez', 'fussions', 'fut', 'futes', 'helas', 'hormis', 'hors', 'hui', 'il', 'ils', 'j', 'je', 'jusqu', 'jusque', 'l', 'la', 'laquelle', 'le', 'lequel', 'les', 'lesquelles', 'lesquels', 'leur', 'leurs', 'lorsque', 'lui', 'm', 'ma', 'mais', 'malgre', 'me', 'meme', 'memes', 'merci', 'mes', 'mien', 'mienne', 'miennes', 'miens', 'moi', 'moins', 'mon', 'moyennant', 'n', 'ne', 'neanmoins', 'ni', 'non', 'nos', 'notre', 'notres', 'nous', 'on', 'ont', 'ou', 'outre', 'par', 'parmi', 'partant', 'pas', 'passe', 'pendant', 'plein', 'plus', 'plusieurs', 'pour', 'pourquoi', 'pres', 'proche', 'puisque', 'qu', 'quand', 'que', 'quel', 'quelle', 'quelles', 'quels', 'qui', 'quoi', 'quoique', 'revoici', 'revoila', 's', 'sa', 'sans', 'sauf', 'se', 'sera', 'serai', 'seraient', 'serais', 'serait', 'seras', 'serez', 'seriez', 'serions', 'serons', 'seront', 'ses', 'si', 'sien', 'sienne', 'siennes', 'siens', 'sinon', 'soi', 'soient', 'sois', 'soit', 'sommes', 'son', 'sont', 'sous', 'soyez', 'soyons', 'suis', 'suite', 'sur', 't', 'ta', 'te', 'tel', 'telle', 'telles', 'tels', 'tes', 'tien', 'tienne', 'tiennes', 'tiens', 'toi', 'ton', 'tous', 'tout', 'toute', 'toutes', 'tu', 'un', 'une', 'unes', 'uns', 'voici', 'voila', 'vos', 'votre', 'votres', 'vous', 'vu', 'y') OR length(to_tsvector('french'::regconfig, w)) = 0 THEN
                  CONTINUE;
              END IF;
              
              -- 1. Single word candidates
              EXECUTE format('SELECT EXISTS(SELECT 1 FROM %I.fts_words WHERE word = $1)', schema_name) INTO word_exists USING w;
              IF word_exists THEN
                  candidates := ARRAY[w];
              ELSE
                  candidates := fts.find_candidates(schema_name, w);
              END IF;
              
              single_clause := '';
              IF array_length(candidates, 1) > 0 THEN
                  single_clause := '(' || array_to_string(candidates, ' | ') || ')';
              ELSE
                  single_clause := w;
              END IF;

              -- 2. Word couple candidates
              couple_clause := '';
              -- Why not "AND NOT word_exists"? Consider "socio-économique" and "socioéconomique" (both are correct)
              IF NOT quick_nothing_better_than_slower_something AND length(w) >= 6 THEN
                  PERFORM set_config('pg_trgm.similarity_threshold', '0.33', true);
                  
                  EXECUTE format('
                      SELECT separated_words 
                      FROM %I.fts_word_couples 
                      WHERE concat_word %% $1
                        AND abs(length(concat_word) - length($1)) <= 1
                      ORDER BY similarity(concat_word, $1) DESC, doc_count DESC 
                      LIMIT 1
                  ', schema_name) INTO best_couple USING w;
                  
                  IF best_couple IS NOT NULL THEN
                      couple_clause := '(' || replace(best_couple, ' ', ' & ') || ')';
                  END IF;
              END IF;

              -- 3. Combine clauses
              IF couple_clause <> '' THEN
                  clauses := array_append(clauses, '(' || single_clause || ' | ' || couple_clause || ')');
              ELSE
                  clauses := array_append(clauses, single_clause);
              END IF;
          END LOOP;

          IF array_length(clauses, 1) IS NULL THEN
              RETURN websearch_to_tsquery('french'::regconfig, search_query);
          END IF;

          IF quick_nothing_better_than_slower_something THEN
              expanded := array_to_string(clauses, ' & ');
          ELSE
              expanded := array_to_string(clauses, ' | ');
          END IF;

          BEGIN
              RETURN to_tsquery('french'::regconfig, expanded);
          EXCEPTION WHEN OTHERS THEN
              RETURN websearch_to_tsquery('french'::regconfig, search_query);
          END;
      END;
      $$ LANGUAGE plpgsql STABLE;
      
      CREATE TABLE IF NOT EXISTS "proj_verify_editor_uniqueness"."verify_editor_uniqueness_editors" (
        n BIGSERIAL PRIMARY KEY,
        key VARCHAR NOT NULL,
        key_aliases TEXT[] NOT NULL DEFAULT '{}',
        value JSONB NOT NULL,
        updated_at TIMESTAMP NOT NULL DEFAULT (NOW() AT TIME ZONE 'UTC')
      );

      CREATE UNIQUE INDEX IF NOT EXISTS idx_proj_verify_editor_uniqueness_verify_editor_uniqueness_editors_key ON "proj_verify_editor_uniqueness"."verify_editor_uniqueness_editors" (key);
      CREATE INDEX IF NOT EXISTS idx_proj_verify_editor_uniqueness_verify_editor_uniqueness_editors_key_aliases ON "proj_verify_editor_uniqueness"."verify_editor_uniqueness_editors" USING gin(key_aliases);
      CREATE INDEX IF NOT EXISTS idx_proj_verify_editor_uniqueness_verify_editor_uniqueness_editors_value ON "proj_verify_editor_uniqueness"."verify_editor_uniqueness_editors" USING gin(value);
      
CREATE INDEX IF NOT EXISTS idx_proj_verify_editor_uniqueness_verify_editor_uniqueness_editors_value_id ON "proj_verify_editor_uniqueness"."verify_editor_uniqueness_editors" ((value->>'id'));
CREATE INDEX IF NOT EXISTS idx_proj_verify_editor_uniqueness_verify_editor_uniqueness_editors_value_id_jsonb ON "proj_verify_editor_uniqueness"."verify_editor_uniqueness_editors" ((value->'id'));
CREATE INDEX IF NOT EXISTS idx_proj_verify_editor_uniqueness_verify_editor_uniqueness_editors_value_name ON "proj_verify_editor_uniqueness"."verify_editor_uniqueness_editors" ((value->>'name'));
CREATE INDEX IF NOT EXISTS idx_proj_verify_editor_uniqueness_verify_editor_uniqueness_editors_value_name_jsonb ON "proj_verify_editor_uniqueness"."verify_editor_uniqueness_editors" ((value->'name'));
CREATE INDEX IF NOT EXISTS idx_proj_verify_editor_uniqueness_verify_editor_uniqueness_editors_value_name_norm ON "proj_verify_editor_uniqueness"."verify_editor_uniqueness_editors" ((value->>'_name'));

        ALTER TABLE "proj_verify_editor_uniqueness"."verify_editor_uniqueness_editors" ADD COLUMN IF NOT EXISTS value_name_tsvector tsvector GENERATED ALWAYS AS (to_tsvector('french'::regconfig, value->>'_name')) STORED;

        CREATE INDEX IF NOT EXISTS idx_proj_verify_editor_uniqueness_verify_editor_uniqueness_editors_value_name_fts_ts ON "proj_verify_editor_uniqueness"."verify_editor_uniqueness_editors" USING rum (value_name_tsvector);

        -- Auto-population Trigger
        CREATE OR REPLACE FUNCTION "proj_verify_editor_uniqueness".trg_func_verify_editor_uniqueness_editors_value_name_into_fts_words() RETURNS TRIGGER AS $$
        DECLARE
            new_arr text[];
            old_arr text[];
        BEGIN
            -- Short-circuit optimization to dramatically boost irrelevant field updates
            IF TG_OP = 'UPDATE' AND coalesce(NEW.value->>'_name', '') = coalesce(OLD.value->>'_name', '') THEN
                RETURN NULL;
            END IF;

            IF TG_OP = 'INSERT' OR TG_OP = 'UPDATE' THEN
                new_arr := regexp_split_to_array(fts.normalize(coalesce(NEW.value->>'_name', '')), '[^a-z0-9]+');
            END IF;
            IF TG_OP = 'DELETE' OR TG_OP = 'UPDATE' THEN
                old_arr := regexp_split_to_array(fts.normalize(coalesce(OLD.value->>'_name', '')), '[^a-z0-9]+');
            END IF;

            IF TG_OP = 'INSERT' THEN
                -- Insert individual words
                INSERT INTO "proj_verify_editor_uniqueness".fts_words (word)
                SELECT DISTINCT unnest FROM unnest(new_arr) WHERE length(unnest) >= 3
                ON CONFLICT (word) DO UPDATE SET doc_count = fts_words.doc_count + 1;
                
                -- Insert word couples (bigrams)
                INSERT INTO "proj_verify_editor_uniqueness".fts_word_couples (concat_word, separated_words)
                SELECT t1.word || t2.word, MAX(t1.word || ' ' || t2.word)
                FROM unnest(new_arr) WITH ORDINALITY AS t1(word, rn)
                JOIN unnest(new_arr) WITH ORDINALITY AS t2(word, rn) ON t2.rn = t1.rn + 1
                WHERE t1.word <> '' AND t2.word <> '' AND length(t1.word || t2.word) >= 6
                GROUP BY t1.word || t2.word
                ON CONFLICT (concat_word) DO UPDATE SET doc_count = fts_word_couples.doc_count + 1;

            ELSIF TG_OP = 'UPDATE' THEN
                -- Words added
                INSERT INTO "proj_verify_editor_uniqueness".fts_words (word)
                SELECT unnest FROM unnest(new_arr) WHERE length(unnest) >= 3
                EXCEPT
                SELECT unnest FROM unnest(old_arr) WHERE length(unnest) >= 3
                ON CONFLICT (word) DO UPDATE SET doc_count = fts_words.doc_count + 1;

                -- Word Couples added
                INSERT INTO "proj_verify_editor_uniqueness".fts_word_couples (concat_word, separated_words)
                SELECT added_concat, MAX(added_sep) FROM (
                    SELECT t1.word || t2.word AS added_concat, t1.word || ' ' || t2.word AS added_sep
                    FROM unnest(new_arr) WITH ORDINALITY AS t1(word, rn)
                    JOIN unnest(new_arr) WITH ORDINALITY AS t2(word, rn) ON t2.rn = t1.rn + 1
                    WHERE t1.word <> '' AND t2.word <> '' AND length(t1.word || t2.word) >= 6
                    EXCEPT
                    SELECT t1.word || t2.word AS added_concat, t1.word || ' ' || t2.word AS added_sep
                    FROM unnest(old_arr) WITH ORDINALITY AS t1(word, rn)
                    JOIN unnest(old_arr) WITH ORDINALITY AS t2(word, rn) ON t2.rn = t1.rn + 1
                    WHERE t1.word <> '' AND t2.word <> '' AND length(t1.word || t2.word) >= 6
                ) sub
                GROUP BY added_concat
                ON CONFLICT (concat_word) DO UPDATE SET doc_count = fts_word_couples.doc_count + 1;

                -- Words removed
                WITH decremented_words AS (
                    UPDATE "proj_verify_editor_uniqueness".fts_words
                    SET doc_count = fts_words.doc_count - 1
                    WHERE word IN (
                        SELECT unnest FROM unnest(old_arr) WHERE length(unnest) >= 3
                        EXCEPT
                        SELECT unnest FROM unnest(new_arr) WHERE length(unnest) >= 3
                    )
                    RETURNING word, doc_count
                )
                DELETE FROM "proj_verify_editor_uniqueness".fts_words WHERE word IN (SELECT word FROM decremented_words WHERE doc_count <= 0);
                
                -- Word couples removed
                WITH decremented_couples AS (
                    UPDATE "proj_verify_editor_uniqueness".fts_word_couples
                    SET doc_count = fts_word_couples.doc_count - 1
                    WHERE concat_word IN (
                        SELECT t1.word || t2.word
                        FROM unnest(old_arr) WITH ORDINALITY AS t1(word, rn)
                        JOIN unnest(old_arr) WITH ORDINALITY AS t2(word, rn) ON t2.rn = t1.rn + 1
                        WHERE t1.word <> '' AND t2.word <> '' AND length(t1.word || t2.word) >= 6
                        EXCEPT
                        SELECT t1.word || t2.word
                        FROM unnest(new_arr) WITH ORDINALITY AS t1(word, rn)
                        JOIN unnest(new_arr) WITH ORDINALITY AS t2(word, rn) ON t2.rn = t1.rn + 1
                        WHERE t1.word <> '' AND t2.word <> '' AND length(t1.word || t2.word) >= 6
                    )
                    RETURNING concat_word, doc_count
                )
                DELETE FROM "proj_verify_editor_uniqueness".fts_word_couples WHERE concat_word IN (SELECT concat_word FROM decremented_couples WHERE doc_count <= 0);
                
            ELSIF TG_OP = 'DELETE' THEN
                -- Words removed
                WITH decremented_words AS (
                    UPDATE "proj_verify_editor_uniqueness".fts_words
                    SET doc_count = fts_words.doc_count - 1
                    WHERE word IN (
                        SELECT DISTINCT unnest FROM unnest(old_arr) WHERE length(unnest) >= 3
                    )
                    RETURNING word, doc_count
                )
                DELETE FROM "proj_verify_editor_uniqueness".fts_words WHERE word IN (SELECT word FROM decremented_words WHERE doc_count <= 0);
                
                -- Word couples removed
                WITH decremented_couples AS (
                    UPDATE "proj_verify_editor_uniqueness".fts_word_couples
                    SET doc_count = fts_word_couples.doc_count - 1
                    WHERE concat_word IN (
                        SELECT t1.word || t2.word
                        FROM unnest(old_arr) WITH ORDINALITY AS t1(word, rn)
                        JOIN unnest(old_arr) WITH ORDINALITY AS t2(word, rn) ON t2.rn = t1.rn + 1
                        WHERE t1.word <> '' AND t2.word <> '' AND length(t1.word || t2.word) >= 6
                    )
                    RETURNING concat_word, doc_count
                )
                DELETE FROM "proj_verify_editor_uniqueness".fts_word_couples WHERE concat_word IN (SELECT concat_word FROM decremented_couples WHERE doc_count <= 0);
            END IF;
            RETURN NULL;
        END;
        $$ LANGUAGE plpgsql;

        DROP TRIGGER IF EXISTS trg_verify_editor_uniqueness_editors_value_name_into_fts_words ON "proj_verify_editor_uniqueness"."verify_editor_uniqueness_editors";
        CREATE TRIGGER trg_verify_editor_uniqueness_editors_value_name_into_fts_words
        AFTER INSERT OR UPDATE OR DELETE ON "proj_verify_editor_uniqueness"."verify_editor_uniqueness_editors"
        FOR EACH ROW EXECUTE FUNCTION "proj_verify_editor_uniqueness".trg_func_verify_editor_uniqueness_editors_value_name_into_fts_words();
        ALTER TABLE "proj_verify_editor_uniqueness"."verify_editor_uniqueness_editors" ADD COLUMN IF NOT EXISTS value_tsvector tsvector GENERATED ALWAYS AS (setweight(to_tsvector('french'::regconfig, coalesce(value->>'_name', '')), 'A')) STORED;
CREATE INDEX IF NOT EXISTS idx_proj_verify_editor_uniqueness_verify_editor_uniqueness_editors_value_tsvector ON "proj_verify_editor_uniqueness"."verify_editor_uniqueness_editors" USING rum (value_tsvector);

[DEBUG Postgres.go SQL execute] Params: []interface {}{}
[DEBUG Postgres.go SQL] Query: SELECT t.value, (((
                  1.000000
                  * (1000000.000000 * (CASE WHEN value->>'_name' = $2 THEN 1.0 ELSE 0.0 END)
                    + 1000.000000 * (CASE WHEN value_name_tsvector @@ fts_1.q THEN 1.0 / (1.0 + (value_name_tsvector <=> fts_1.q)) ELSE 0.0 END) / sqrt(GREATEST(length(value->>'name')::numeric, 1.0))
                  ) / 1001000.000000
                  ) / 1.000000 * 1.000000)) AS score FROM "proj_verify_editor_uniqueness"."verify_editor_uniqueness_editors" t, (SELECT fts.expand_query('proj_verify_editor_uniqueness', ($1::text), true) AS q OFFSET 0) fts_1 WHERE (true AND 
                ($2::text IS NULL OR $2::text IS NOT NULL) AND
                value_name_tsvector @@ fts_1.q
                AND (value_name_tsvector <=> fts_1.q) <= 100.0
                ) ORDER BY score DESC, t.n DESC
[DEBUG Postgres.go SQL] Params: []interface {}{"flammarion", "flammarion"}
[DEBUG Postgres.go JSON_MARSHAL] {"id":"01kz95b2xawhh0kb9xrdmg79f7"}
[DEBUG Postgres.go JSON_MARSHAL_RAW] map[string]interface {}{"id":"01kz95b2xawhh0kb9xrdmg79f7"}
[DEBUG Postgres.go JSON_MARSHAL] {"editor":"01kz95b2xawhh0kb9xrdmg79f7"}
[DEBUG Postgres.go JSON_MARSHAL_RAW] map[string]interface {}{"editor":"01kz95b2xawhh0kb9xrdmg79f7"}
[DEBUG Postgres.go SQL] Query: SELECT n::text, id::text, type::text, payload::text, meta::text, CAST(EXTRACT(EPOCH FROM at) * 1000 AS float8)::text AS at FROM events WHERE ((type = $1 AND payload @> $2::jsonb) OR (type = $3 AND payload @> $4::jsonb)) ORDER BY events.n ASC
[DEBUG Postgres.go SQL] Params: []interface {}{"EditorReferenced", "{\"id\":\"01kz95b2xawhh0kb9xrdmg79f7\"}", "EditorDereferenced", "{\"editor\":\"01kz95b2xawhh0kb9xrdmg79f7\"}"}
[DEBUG Postgres.go SQL] Query: SELECT pg_advisory_lock($1::bigint)
[DEBUG Postgres.go SQL] Params: []interface {}{"1785940249537811002"}
[DEBUG Postgres.go SELECT] Col: pg_advisory_lock, Type: string, Value: 
[DEBUG Postgres.go SQL] Query: 
        WITH collisions AS (
            SELECT lock_key as colliding_key FROM cco.append_intents
            WHERE (events @? $2::jsonpath) OR ($3::jsonb @? context)
        ),
        zombie_check AS (
            SELECT colliding_key, pg_try_advisory_lock(colliding_key) as is_zombie
            FROM collisions
        ),
        active_collisions AS (
            SELECT colliding_key FROM zombie_check WHERE NOT is_zombie
        ),
        cleanup_zombies AS (
            DELETE FROM cco.append_intents
            WHERE lock_key IN (SELECT colliding_key FROM zombie_check WHERE is_zombie)
        ),
        release_zombie_locks AS (
            SELECT pg_advisory_unlock(colliding_key)
            FROM zombie_check WHERE is_zombie
        ),
        insertion AS (
            INSERT INTO cco.append_intents (intent_id, lock_key, context, events)
            SELECT $1, $4::bigint, $2::jsonpath, $3::jsonb 
            WHERE (SELECT count(*) FROM active_collisions) < 1
            RETURNING true as inserted
        )
        SELECT COALESCE((SELECT inserted FROM insertion), false) as success
      
[DEBUG Postgres.go SQL] Params: []interface {}{"43d66eea-ab66-4709-ba8f-fd068357a2f4", "$ ? (((@.type == \"EditorReferenced\" && @.payload.id == \"01kz95b2xawhh0kb9xrdmg79f7\") || (@.type == \"EditorDereferenced\" && @.payload.editor == \"01kz95b2xawhh0kb9xrdmg79f7\")))", "\"[{\\\"payload\\\":{\\\"id\\\":\\\"01kz95b2xawhh0kb9xrdmg79f7\\\",\\\"legacyBookIds\\\":[1],\\\"name\\\":\\\"Flammarion\\\"},\\\"type\\\":\\\"EditorReferenced\\\"}]\"", "1785940249537811002"}
[DEBUG Postgres.go SELECT] Col: success, Type: bool, Value: true
[DEBUG Postgres.go SQL] Query: BEGIN
[DEBUG Postgres.go SQL] Params: []interface {}{}
[DEBUG Postgres.go JSON_MARSHAL] {"id":"01kz95b2xawhh0kb9xrdmg79f7"}
[DEBUG Postgres.go JSON_MARSHAL_RAW] map[string]interface {}{"id":"01kz95b2xawhh0kb9xrdmg79f7"}
[DEBUG Postgres.go JSON_MARSHAL] {"editor":"01kz95b2xawhh0kb9xrdmg79f7"}
[DEBUG Postgres.go JSON_MARSHAL_RAW] map[string]interface {}{"editor":"01kz95b2xawhh0kb9xrdmg79f7"}
[DEBUG Postgres.go SQL] Query: 
            WITH context AS (SELECT MAX(n) as max_seq FROM events WHERE ((type = $1 AND payload @> $2::jsonb) OR (type = $3 AND payload @> $4::jsonb)))
              , registry_cross_check AS (
                  SELECT count(*) as cnt 
                  FROM cco.append_intents other
                  JOIN cco.append_intents me ON me.intent_id = $5
                  WHERE ((other.events @? $6::jsonpath) OR ($7::jsonb @? other.context))
                    AND other.intent_id != $5
                    AND other.lock_key < me.lock_key
              )
            INSERT INTO events (type, payload, meta, at)
            SELECT unnest($8::text[]), unnest($9::jsonb[]), unnest($10::jsonb[]), NOW() AT TIME ZONE 'UTC'
            FROM context
            WHERE true
             AND (SELECT cnt FROM registry_cross_check) = 0
            RETURNING n::text, id::text, type::text, payload::text, meta::text, CAST(EXTRACT(EPOCH FROM at) * 1000 AS float8)::text AS at
            
[DEBUG Postgres.go SQL] Params: []interface {}{"EditorReferenced", "{\"id\":\"01kz95b2xawhh0kb9xrdmg79f7\"}", "EditorDereferenced", "{\"editor\":\"01kz95b2xawhh0kb9xrdmg79f7\"}", "43d66eea-ab66-4709-ba8f-fd068357a2f4", "$ ? (((@.type == \"EditorReferenced\" && @.payload.id == \"01kz95b2xawhh0kb9xrdmg79f7\") || (@.type == \"EditorDereferenced\" && @.payload.editor == \"01kz95b2xawhh0kb9xrdmg79f7\")))", "[{\"payload\":{\"id\":\"01kz95b2xawhh0kb9xrdmg79f7\",\"legacyBookIds\":[1],\"name\":\"Flammarion\"},\"type\":\"EditorReferenced\"}]", []interface {}{"EditorReferenced"}, []interface {}{map[string]interface {}{"id":"01kz95b2xawhh0kb9xrdmg79f7", "legacyBookIds":[]interface {}{1}, "name":"Flammarion"}}, []interface {}{map[string]interface {}{"trace":map[string]interface {}{"append":"01kz95b2y1rpvx0atqtrxtawva", "cause":interface {}(nil), "run":"01kz95b2ttb8x08xspzxv7abwg"}}}}
[DEBUG Postgres.go SELECT] Col: n, Type: string, Value: 2
[DEBUG Postgres.go SELECT] Col: id, Type: string, Value: 01kz95b2y2nd39tnwx3gfb08t1
[DEBUG Postgres.go SELECT] Col: type, Type: string, Value: EditorReferenced
[DEBUG Postgres.go SELECT] Col: payload, Type: string, Value: {"id": "01kz95b2xawhh0kb9xrdmg79f7", "name": "Flammarion", "legacyBookIds": [1]}
[DEBUG Postgres.go SELECT] Col: meta, Type: string, Value: {"trace": {"run": "01kz95b2ttb8x08xspzxv7abwg", "cause": null, "append": "01kz95b2y1rpvx0atqtrxtawva"}}
[DEBUG Postgres.go SELECT] Col: at, Type: string, Value: 1785940249538.266
[DEBUG Postgres.go SQL] Query: DELETE FROM cco.append_intents WHERE intent_id = $1
[DEBUG Postgres.go SQL] Params: []interface {}{"43d66eea-ab66-4709-ba8f-fd068357a2f4"}
[DEBUG Postgres.go SQL] Query: SELECT pg_advisory_unlock($1::bigint)
[DEBUG Postgres.go SQL] Params: []interface {}{"1785940249537811002"}
[DEBUG Postgres.go SELECT] Col: pg_advisory_unlock, Type: bool, Value: true
[DEBUG Postgres.go SQL] Query: COMMIT
[DEBUG Postgres.go SQL] Params: []interface {}{}
[DEBUG Postgres.go SQL] Query: SELECT pg_advisory_unlock_all()
[DEBUG Postgres.go SQL] Params: []interface {}{}
[DEBUG Postgres.go SELECT] Col: pg_advisory_unlock_all, Type: string, Value: 
[DEBUG Postgres.go SQL execute] Query: 
      CREATE SCHEMA IF NOT EXISTS "proj_verify_book_uniqueness";
      CREATE TABLE IF NOT EXISTS "proj_verify_book_uniqueness"._meta (
        singleton BOOLEAN PRIMARY KEY DEFAULT TRUE CHECK (singleton),
        checkpoint BIGINT NOT NULL,
        state VARCHAR NOT NULL,
        created_at TIMESTAMP NOT NULL DEFAULT (NOW() AT TIME ZONE 'UTC'),
        updated_at TIMESTAMP NOT NULL DEFAULT (NOW() AT TIME ZONE 'UTC'),
        updated_model_at TIMESTAMP NOT NULL DEFAULT (NOW() AT TIME ZONE 'UTC')
      );
      
[DEBUG Postgres.go SQL execute] Params: []interface {}{}
[DEBUG Postgres.go SQL] Query: SELECT EXTRACT(EPOCH FROM created_at)::varchar AS created_at, EXTRACT(EPOCH FROM updated_model_at)::varchar AS updated_model_at FROM "proj_verify_book_uniqueness"._meta WHERE singleton = TRUE
[DEBUG Postgres.go SQL] Params: []interface {}{}
[DEBUG Postgres.go SQL execute] Query: 
      CREATE SCHEMA IF NOT EXISTS "proj_verify_book_uniqueness";
      CREATE TABLE IF NOT EXISTS "proj_verify_book_uniqueness"._meta (
        singleton BOOLEAN PRIMARY KEY DEFAULT TRUE CHECK (singleton),
        checkpoint BIGINT NOT NULL,
        state VARCHAR NOT NULL,
        created_at TIMESTAMP NOT NULL DEFAULT (NOW() AT TIME ZONE 'UTC'),
        updated_at TIMESTAMP NOT NULL DEFAULT (NOW() AT TIME ZONE 'UTC'),
        updated_model_at TIMESTAMP NOT NULL DEFAULT (NOW() AT TIME ZONE 'UTC')
      );
      
[DEBUG Postgres.go SQL execute] Params: []interface {}{}
[DEBUG Postgres.go SQL] Query: SELECT checkpoint::varchar FROM "proj_verify_book_uniqueness"._meta WHERE singleton = TRUE
[DEBUG Postgres.go SQL] Params: []interface {}{}
[DEBUG Postgres.go JSON_MARSHAL] {"type":"Running","value":null}
[DEBUG Postgres.go JSON_MARSHAL_RAW] map[string]interface {}{"type":"Running", "value":interface {}(nil)}
[DEBUG Postgres.go SQL] Query: INSERT INTO "proj_verify_book_uniqueness"._meta (checkpoint, state) VALUES (0, $1) ON CONFLICT (singleton) DO NOTHING
[DEBUG Postgres.go SQL] Params: []interface {}{"{\"type\":\"Running\",\"value\":null}"}
[DEBUG Postgres.go SQL] Query: 
        WITH horizon AS (SELECT pg_snapshot_xmin(pg_current_snapshot())::text::bigint as min_xact)
        SELECT n::text, id::text, type::text, payload::text, meta::text, CAST(EXTRACT(EPOCH FROM at) * 1000 AS float8)::text AS at 
        FROM events, horizon 
        WHERE 
        n >= $1 AND (xact < horizon.min_xact OR at < NOW() - INTERVAL '1 minute')
ORDER BY events.n ASC
[DEBUG Postgres.go SQL] Params: []interface {}{"0"}
[DEBUG Postgres.go SELECT] Col: n, Type: string, Value: 1
[DEBUG Postgres.go SELECT] Col: id, Type: string, Value: 01kz95b2x86z17bh6xah5sedkc
[DEBUG Postgres.go SELECT] Col: type, Type: string, Value: AuthorReferenced
[DEBUG Postgres.go SELECT] Col: payload, Type: string, Value: {"id": "01kz95b2txznfygarjd8s2zbvb", "name": "Zola", "portrait": null, "biography": "Blablah...", "legacyIds": []}
[DEBUG Postgres.go SELECT] Col: meta, Type: string, Value: {"trace": {"run": "01kz95b2ttb8x08xspzxv7abwg", "cause": null, "append": "01kz95b2x21am27z9yk8a5rrhf"}}
[DEBUG Postgres.go SELECT] Col: at, Type: string, Value: 1785940249511.407
[DEBUG Postgres.go SELECT] Col: n, Type: string, Value: 2
[DEBUG Postgres.go SELECT] Col: id, Type: string, Value: 01kz95b2y2nd39tnwx3gfb08t1
[DEBUG Postgres.go SELECT] Col: type, Type: string, Value: EditorReferenced
[DEBUG Postgres.go SELECT] Col: payload, Type: string, Value: {"id": "01kz95b2xawhh0kb9xrdmg79f7", "name": "Flammarion", "legacyBookIds": [1]}
[DEBUG Postgres.go SELECT] Col: meta, Type: string, Value: {"trace": {"run": "01kz95b2ttb8x08xspzxv7abwg", "cause": null, "append": "01kz95b2y1rpvx0atqtrxtawva"}}
[DEBUG Postgres.go SELECT] Col: at, Type: string, Value: 1785940249538.266
[DEBUG Postgres.go SQL] Query: UPDATE "proj_verify_book_uniqueness"._meta SET checkpoint = $1, updated_at = (NOW() AT TIME ZONE 'UTC') WHERE singleton = TRUE
[DEBUG Postgres.go SQL] Params: []interface {}{"2"}
[DEBUG Postgres.go SQL] Query: SELECT t.value, (((
                  1.000000
                  * (1000000.000000 * (CASE WHEN value->>'_name' = $2 THEN 1.0 ELSE 0.0 END)
                    + 1000.000000 * (CASE WHEN value_name_tsvector @@ fts_1.q THEN 1.0 / (1.0 + (value_name_tsvector <=> fts_1.q)) ELSE 0.0 END) / sqrt(GREATEST(length(value->>'name')::numeric, 1.0))
                  ) / 1001000.000000
                  ) / 1.000000 * 1.000000)) AS score FROM "proj_verify_book_uniqueness"."verify_book_uniqueness_books" t, (SELECT fts.expand_query('proj_verify_book_uniqueness', ($1::text), true) AS q OFFSET 0) fts_1 WHERE (true AND 
                ($2::text IS NULL OR $2::text IS NOT NULL) AND
                value_name_tsvector @@ fts_1.q
                AND (value_name_tsvector <=> fts_1.q) <= 100.0
                ) ORDER BY score DESC, t.n DESC
[DEBUG Postgres.go SQL] Params: []interface {}{"harry potter chambre secrets", "harry potter et la chambre des secrets"}
[DEBUG Postgres.go SQL execute] Query: 
      CREATE EXTENSION IF NOT EXISTS pg_trgm;
      CREATE EXTENSION IF NOT EXISTS rum;
      CREATE EXTENSION IF NOT EXISTS unaccent;

      CREATE SCHEMA IF NOT EXISTS fts;

      -- Centralized Text Normalization
      CREATE OR REPLACE FUNCTION fts.normalize(w text) RETURNS text AS $$
      BEGIN
          RETURN unaccent(lower(w));
      END;
      $$ LANGUAGE plpgsql IMMUTABLE;

      CREATE SCHEMA IF NOT EXISTS "proj_verify_book_uniqueness";

      -- FTS Words Table
      CREATE TABLE IF NOT EXISTS "proj_verify_book_uniqueness".fts_words (
          word TEXT PRIMARY KEY,
          doc_count INT DEFAULT 1
      );
      CREATE INDEX IF NOT EXISTS idx_proj_verify_book_uniqueness_fts_words_trgm ON "proj_verify_book_uniqueness".fts_words USING gin (word gin_trgm_ops);
      CREATE INDEX IF NOT EXISTS idx_proj_verify_book_uniqueness_fts_words_doc_count ON "proj_verify_book_uniqueness".fts_words (doc_count);

      -- FTS Word Couples Table
      CREATE TABLE IF NOT EXISTS "proj_verify_book_uniqueness".fts_word_couples (
          concat_word TEXT PRIMARY KEY,
          separated_words TEXT,
          doc_count INT DEFAULT 1
      );
      CREATE INDEX IF NOT EXISTS idx_proj_verify_book_uniqueness_fts_word_couples_trgm ON "proj_verify_book_uniqueness".fts_word_couples USING gin (concat_word gin_trgm_ops);
      CREATE INDEX IF NOT EXISTS idx_proj_verify_book_uniqueness_fts_word_couples_doc_count ON "proj_verify_book_uniqueness".fts_word_couples (doc_count);

      -- FTS Dictionary Candidates Extraction
      CREATE OR REPLACE FUNCTION fts.find_candidates(schema_name text, w text) RETURNS text[] AS $$
      DECLARE
          candidates text[];
          w_arr text[];
      BEGIN
          IF length(w) < 4 THEN
              RETURN ARRAY[w];
          END IF;
          
          IF length(w) < 6 THEN
              PERFORM set_config('pg_trgm.similarity_threshold', '0.20', true);
          ELSIF length(w) < 8 THEN
              PERFORM set_config('pg_trgm.similarity_threshold', '0.25', true);
          ELSE
              PERFORM set_config('pg_trgm.similarity_threshold', '0.35', true);
          END IF;

          w_arr := string_to_array(w, NULL);

          EXECUTE format('
              SELECT array_agg(ranked.word) FROM (
                  SELECT sub.word 
                  FROM (
                      SELECT d.word, 
                             d.doc_count,
                             (SELECT count(*) FROM (SELECT unnest($2) INTERSECT SELECT unnest(string_to_array(d.word, NULL))) x)::float AS overlap,
                             (SELECT count(DISTINCT x) FROM unnest(string_to_array(d.word, NULL)) AS t(x))::float AS unique_len
                      FROM %I.fts_words d 
                      WHERE d.word %% $1
                  ) sub
                  WHERE abs(sub.unique_len - (SELECT count(DISTINCT x) FROM unnest($2) AS t(x))::float) <= 2.0
                    AND abs(length(sub.word) - length($1)) <= 2
                  ORDER BY 
                      (sub.word LIKE $1 || ''%%'') DESC,
                      (left(sub.word, 1) = left($1, 1) OR (length($1) >= 2 AND left(sub.word, 2) = substring($1 from 2 for 1) || left($1, 1))) DESC,
                      sub.overlap DESC,
                      (sub.overlap / GREATEST(sub.unique_len, 1.0)) DESC,
                      similarity(sub.word, $1) DESC,
                      sub.doc_count DESC
                  LIMIT 8
              ) ranked;
          ', schema_name) INTO candidates USING w, w_arr;

          RETURN coalesce(candidates, ARRAY[]::text[]);
      END;
      $$ LANGUAGE plpgsql STABLE;

      -- FTS Dictionary Query Expansion
      CREATE OR REPLACE FUNCTION fts.expand_query(schema_name text, search_query text, quick_nothing_better_than_slower_something boolean DEFAULT false) RETURNS tsquery AS $$
      DECLARE
          words text[];
          clauses text[] := ARRAY[]::text[];
          candidates text[];
          w text;
          best_couple text;
          single_clause text;
          couple_clause text;
          expanded text;
          word_exists boolean;
      BEGIN
          search_query := regexp_replace(search_query, '[[:punct:]]', ' ', 'g');
          words := regexp_split_to_array(trim(search_query), '\s+');
          IF array_length(words, 1) IS NULL THEN
              RETURN websearch_to_tsquery('french'::regconfig, search_query);
          END IF;

          FOR i IN 1..array_length(words, 1) LOOP
              w := words[i];
              IF w = '' THEN CONTINUE; END IF;
              
              w := fts.normalize(w);
              
              IF w IN ('a', 'afin', 'ai', 'aie', 'aient', 'aies', 'ainsi', 'ait', 'apres', 'as', 'attendu', 'au', 'aujourd', 'auquel', 'aura', 'aurai', 'auraient', 'aurais', 'aurait', 'auras', 'aurez', 'auriez', 'aurions', 'aurons', 'auront', 'aussi', 'autre', 'autres', 'aux', 'auxquelles', 'auxquels', 'avaient', 'avais', 'avait', 'avant', 'avec', 'avez', 'aviez', 'avions', 'avoir', 'avons', 'ayant', 'ayante', 'ayantes', 'ayants', 'ayez', 'ayons', 'c', 'ca', 'car', 'ce', 'ceci', 'cela', 'celle', 'celles', 'celui', 'cependant', 'certain', 'certaine', 'certaines', 'certains', 'ces', 'cet', 'cette', 'ceux', 'chez', 'ci', 'combien', 'comme', 'comment', 'compris', 'concernant', 'contre', 'd', 'dans', 'de', 'debout', 'dedans', 'dehors', 'dela', 'depuis', 'derriere', 'des', 'desormais', 'desquelles', 'desquels', 'dessous', 'dessus', 'devant', 'devers', 'devra', 'divers', 'diverse', 'diverses', 'doit', 'donc', 'dont', 'du', 'duquel', 'durant', 'elle', 'elles', 'en', 'entre', 'environ', 'es', 'est', 'et', 'etaient', 'etais', 'etait', 'etant', 'etante', 'etantes', 'etants', 'etat', 'etc', 'ete', 'etee', 'etees', 'etes', 'etiez', 'etions', 'etre', 'eu', 'eue', 'eues', 'euh', 'eumes', 'eurent', 'eus', 'eusse', 'eussent', 'eusses', 'eussiez', 'eussions', 'eut', 'eutes', 'eux', 'excepte', 'fumes', 'furent', 'fus', 'fusse', 'fussent', 'fusses', 'fussiez', 'fussions', 'fut', 'futes', 'helas', 'hormis', 'hors', 'hui', 'il', 'ils', 'j', 'je', 'jusqu', 'jusque', 'l', 'la', 'laquelle', 'le', 'lequel', 'les', 'lesquelles', 'lesquels', 'leur', 'leurs', 'lorsque', 'lui', 'm', 'ma', 'mais', 'malgre', 'me', 'meme', 'memes', 'merci', 'mes', 'mien', 'mienne', 'miennes', 'miens', 'moi', 'moins', 'mon', 'moyennant', 'n', 'ne', 'neanmoins', 'ni', 'non', 'nos', 'notre', 'notres', 'nous', 'on', 'ont', 'ou', 'outre', 'par', 'parmi', 'partant', 'pas', 'passe', 'pendant', 'plein', 'plus', 'plusieurs', 'pour', 'pourquoi', 'pres', 'proche', 'puisque', 'qu', 'quand', 'que', 'quel', 'quelle', 'quelles', 'quels', 'qui', 'quoi', 'quoique', 'revoici', 'revoila', 's', 'sa', 'sans', 'sauf', 'se', 'sera', 'serai', 'seraient', 'serais', 'serait', 'seras', 'serez', 'seriez', 'serions', 'serons', 'seront', 'ses', 'si', 'sien', 'sienne', 'siennes', 'siens', 'sinon', 'soi', 'soient', 'sois', 'soit', 'sommes', 'son', 'sont', 'sous', 'soyez', 'soyons', 'suis', 'suite', 'sur', 't', 'ta', 'te', 'tel', 'telle', 'telles', 'tels', 'tes', 'tien', 'tienne', 'tiennes', 'tiens', 'toi', 'ton', 'tous', 'tout', 'toute', 'toutes', 'tu', 'un', 'une', 'unes', 'uns', 'voici', 'voila', 'vos', 'votre', 'votres', 'vous', 'vu', 'y') OR length(to_tsvector('french'::regconfig, w)) = 0 THEN
                  CONTINUE;
              END IF;
              
              -- 1. Single word candidates
              EXECUTE format('SELECT EXISTS(SELECT 1 FROM %I.fts_words WHERE word = $1)', schema_name) INTO word_exists USING w;
              IF word_exists THEN
                  candidates := ARRAY[w];
              ELSE
                  candidates := fts.find_candidates(schema_name, w);
              END IF;
              
              single_clause := '';
              IF array_length(candidates, 1) > 0 THEN
                  single_clause := '(' || array_to_string(candidates, ' | ') || ')';
              ELSE
                  single_clause := w;
              END IF;

              -- 2. Word couple candidates
              couple_clause := '';
              -- Why not "AND NOT word_exists"? Consider "socio-économique" and "socioéconomique" (both are correct)
              IF NOT quick_nothing_better_than_slower_something AND length(w) >= 6 THEN
                  PERFORM set_config('pg_trgm.similarity_threshold', '0.33', true);
                  
                  EXECUTE format('
                      SELECT separated_words 
                      FROM %I.fts_word_couples 
                      WHERE concat_word %% $1
                        AND abs(length(concat_word) - length($1)) <= 1
                      ORDER BY similarity(concat_word, $1) DESC, doc_count DESC 
                      LIMIT 1
                  ', schema_name) INTO best_couple USING w;
                  
                  IF best_couple IS NOT NULL THEN
                      couple_clause := '(' || replace(best_couple, ' ', ' & ') || ')';
                  END IF;
              END IF;

              -- 3. Combine clauses
              IF couple_clause <> '' THEN
                  clauses := array_append(clauses, '(' || single_clause || ' | ' || couple_clause || ')');
              ELSE
                  clauses := array_append(clauses, single_clause);
              END IF;
          END LOOP;

          IF array_length(clauses, 1) IS NULL THEN
              RETURN websearch_to_tsquery('french'::regconfig, search_query);
          END IF;

          IF quick_nothing_better_than_slower_something THEN
              expanded := array_to_string(clauses, ' & ');
          ELSE
              expanded := array_to_string(clauses, ' | ');
          END IF;

          BEGIN
              RETURN to_tsquery('french'::regconfig, expanded);
          EXCEPTION WHEN OTHERS THEN
              RETURN websearch_to_tsquery('french'::regconfig, search_query);
          END;
      END;
      $$ LANGUAGE plpgsql STABLE;
      
      CREATE TABLE IF NOT EXISTS "proj_verify_book_uniqueness"."verify_book_uniqueness_books" (
        n BIGSERIAL PRIMARY KEY,
        key VARCHAR NOT NULL,
        key_aliases TEXT[] NOT NULL DEFAULT '{}',
        value JSONB NOT NULL,
        updated_at TIMESTAMP NOT NULL DEFAULT (NOW() AT TIME ZONE 'UTC')
      );

      CREATE UNIQUE INDEX IF NOT EXISTS idx_proj_verify_book_uniqueness_verify_book_uniqueness_books_key ON "proj_verify_book_uniqueness"."verify_book_uniqueness_books" (key);
      CREATE INDEX IF NOT EXISTS idx_proj_verify_book_uniqueness_verify_book_uniqueness_books_key_aliases ON "proj_verify_book_uniqueness"."verify_book_uniqueness_books" USING gin(key_aliases);
      CREATE INDEX IF NOT EXISTS idx_proj_verify_book_uniqueness_verify_book_uniqueness_books_value ON "proj_verify_book_uniqueness"."verify_book_uniqueness_books" USING gin(value);
      
CREATE INDEX IF NOT EXISTS idx_proj_verify_book_uniqueness_verify_book_uniqueness_books_value_id ON "proj_verify_book_uniqueness"."verify_book_uniqueness_books" ((value->>'id'));
CREATE INDEX IF NOT EXISTS idx_proj_verify_book_uniqueness_verify_book_uniqueness_books_value_id_jsonb ON "proj_verify_book_uniqueness"."verify_book_uniqueness_books" ((value->'id'));
CREATE INDEX IF NOT EXISTS idx_proj_verify_book_uniqueness_verify_book_uniqueness_books_value_name ON "proj_verify_book_uniqueness"."verify_book_uniqueness_books" ((value->>'name'));
CREATE INDEX IF NOT EXISTS idx_proj_verify_book_uniqueness_verify_book_uniqueness_books_value_name_jsonb ON "proj_verify_book_uniqueness"."verify_book_uniqueness_books" ((value->'name'));
CREATE INDEX IF NOT EXISTS idx_proj_verify_book_uniqueness_verify_book_uniqueness_books_value_name_norm ON "proj_verify_book_uniqueness"."verify_book_uniqueness_books" ((value->>'_name'));

        ALTER TABLE "proj_verify_book_uniqueness"."verify_book_uniqueness_books" ADD COLUMN IF NOT EXISTS value_name_tsvector tsvector GENERATED ALWAYS AS (to_tsvector('french'::regconfig, value->>'_name')) STORED;

        CREATE INDEX IF NOT EXISTS idx_proj_verify_book_uniqueness_verify_book_uniqueness_books_value_name_fts_ts ON "proj_verify_book_uniqueness"."verify_book_uniqueness_books" USING rum (value_name_tsvector);

        -- Auto-population Trigger
        CREATE OR REPLACE FUNCTION "proj_verify_book_uniqueness".trg_func_verify_book_uniqueness_books_value_name_into_fts_words() RETURNS TRIGGER AS $$
        DECLARE
            new_arr text[];
            old_arr text[];
        BEGIN
            -- Short-circuit optimization to dramatically boost irrelevant field updates
            IF TG_OP = 'UPDATE' AND coalesce(NEW.value->>'_name', '') = coalesce(OLD.value->>'_name', '') THEN
                RETURN NULL;
            END IF;

            IF TG_OP = 'INSERT' OR TG_OP = 'UPDATE' THEN
                new_arr := regexp_split_to_array(fts.normalize(coalesce(NEW.value->>'_name', '')), '[^a-z0-9]+');
            END IF;
            IF TG_OP = 'DELETE' OR TG_OP = 'UPDATE' THEN
                old_arr := regexp_split_to_array(fts.normalize(coalesce(OLD.value->>'_name', '')), '[^a-z0-9]+');
            END IF;

            IF TG_OP = 'INSERT' THEN
                -- Insert individual words
                INSERT INTO "proj_verify_book_uniqueness".fts_words (word)
                SELECT DISTINCT unnest FROM unnest(new_arr) WHERE length(unnest) >= 3
                ON CONFLICT (word) DO UPDATE SET doc_count = fts_words.doc_count + 1;
                
                -- Insert word couples (bigrams)
                INSERT INTO "proj_verify_book_uniqueness".fts_word_couples (concat_word, separated_words)
                SELECT t1.word || t2.word, MAX(t1.word || ' ' || t2.word)
                FROM unnest(new_arr) WITH ORDINALITY AS t1(word, rn)
                JOIN unnest(new_arr) WITH ORDINALITY AS t2(word, rn) ON t2.rn = t1.rn + 1
                WHERE t1.word <> '' AND t2.word <> '' AND length(t1.word || t2.word) >= 6
                GROUP BY t1.word || t2.word
                ON CONFLICT (concat_word) DO UPDATE SET doc_count = fts_word_couples.doc_count + 1;

            ELSIF TG_OP = 'UPDATE' THEN
                -- Words added
                INSERT INTO "proj_verify_book_uniqueness".fts_words (word)
                SELECT unnest FROM unnest(new_arr) WHERE length(unnest) >= 3
                EXCEPT
                SELECT unnest FROM unnest(old_arr) WHERE length(unnest) >= 3
                ON CONFLICT (word) DO UPDATE SET doc_count = fts_words.doc_count + 1;

                -- Word Couples added
                INSERT INTO "proj_verify_book_uniqueness".fts_word_couples (concat_word, separated_words)
                SELECT added_concat, MAX(added_sep) FROM (
                    SELECT t1.word || t2.word AS added_concat, t1.word || ' ' || t2.word AS added_sep
                    FROM unnest(new_arr) WITH ORDINALITY AS t1(word, rn)
                    JOIN unnest(new_arr) WITH ORDINALITY AS t2(word, rn) ON t2.rn = t1.rn + 1
                    WHERE t1.word <> '' AND t2.word <> '' AND length(t1.word || t2.word) >= 6
                    EXCEPT
                    SELECT t1.word || t2.word AS added_concat, t1.word || ' ' || t2.word AS added_sep
                    FROM unnest(old_arr) WITH ORDINALITY AS t1(word, rn)
                    JOIN unnest(old_arr) WITH ORDINALITY AS t2(word, rn) ON t2.rn = t1.rn + 1
                    WHERE t1.word <> '' AND t2.word <> '' AND length(t1.word || t2.word) >= 6
                ) sub
                GROUP BY added_concat
                ON CONFLICT (concat_word) DO UPDATE SET doc_count = fts_word_couples.doc_count + 1;

                -- Words removed
                WITH decremented_words AS (
                    UPDATE "proj_verify_book_uniqueness".fts_words
                    SET doc_count = fts_words.doc_count - 1
                    WHERE word IN (
                        SELECT unnest FROM unnest(old_arr) WHERE length(unnest) >= 3
                        EXCEPT
                        SELECT unnest FROM unnest(new_arr) WHERE length(unnest) >= 3
                    )
                    RETURNING word, doc_count
                )
                DELETE FROM "proj_verify_book_uniqueness".fts_words WHERE word IN (SELECT word FROM decremented_words WHERE doc_count <= 0);
                
                -- Word couples removed
                WITH decremented_couples AS (
                    UPDATE "proj_verify_book_uniqueness".fts_word_couples
                    SET doc_count = fts_word_couples.doc_count - 1
                    WHERE concat_word IN (
                        SELECT t1.word || t2.word
                        FROM unnest(old_arr) WITH ORDINALITY AS t1(word, rn)
                        JOIN unnest(old_arr) WITH ORDINALITY AS t2(word, rn) ON t2.rn = t1.rn + 1
                        WHERE t1.word <> '' AND t2.word <> '' AND length(t1.word || t2.word) >= 6
                        EXCEPT
                        SELECT t1.word || t2.word
                        FROM unnest(new_arr) WITH ORDINALITY AS t1(word, rn)
                        JOIN unnest(new_arr) WITH ORDINALITY AS t2(word, rn) ON t2.rn = t1.rn + 1
                        WHERE t1.word <> '' AND t2.word <> '' AND length(t1.word || t2.word) >= 6
                    )
                    RETURNING concat_word, doc_count
                )
                DELETE FROM "proj_verify_book_uniqueness".fts_word_couples WHERE concat_word IN (SELECT concat_word FROM decremented_couples WHERE doc_count <= 0);
                
            ELSIF TG_OP = 'DELETE' THEN
                -- Words removed
                WITH decremented_words AS (
                    UPDATE "proj_verify_book_uniqueness".fts_words
                    SET doc_count = fts_words.doc_count - 1
                    WHERE word IN (
                        SELECT DISTINCT unnest FROM unnest(old_arr) WHERE length(unnest) >= 3
                    )
                    RETURNING word, doc_count
                )
                DELETE FROM "proj_verify_book_uniqueness".fts_words WHERE word IN (SELECT word FROM decremented_words WHERE doc_count <= 0);
                
                -- Word couples removed
                WITH decremented_couples AS (
                    UPDATE "proj_verify_book_uniqueness".fts_word_couples
                    SET doc_count = fts_word_couples.doc_count - 1
                    WHERE concat_word IN (
                        SELECT t1.word || t2.word
                        FROM unnest(old_arr) WITH ORDINALITY AS t1(word, rn)
                        JOIN unnest(old_arr) WITH ORDINALITY AS t2(word, rn) ON t2.rn = t1.rn + 1
                        WHERE t1.word <> '' AND t2.word <> '' AND length(t1.word || t2.word) >= 6
                    )
                    RETURNING concat_word, doc_count
                )
                DELETE FROM "proj_verify_book_uniqueness".fts_word_couples WHERE concat_word IN (SELECT concat_word FROM decremented_couples WHERE doc_count <= 0);
            END IF;
            RETURN NULL;
        END;
        $$ LANGUAGE plpgsql;

        DROP TRIGGER IF EXISTS trg_verify_book_uniqueness_books_value_name_into_fts_words ON "proj_verify_book_uniqueness"."verify_book_uniqueness_books";
        CREATE TRIGGER trg_verify_book_uniqueness_books_value_name_into_fts_words
        AFTER INSERT OR UPDATE OR DELETE ON "proj_verify_book_uniqueness"."verify_book_uniqueness_books"
        FOR EACH ROW EXECUTE FUNCTION "proj_verify_book_uniqueness".trg_func_verify_book_uniqueness_books_value_name_into_fts_words();
        ALTER TABLE "proj_verify_book_uniqueness"."verify_book_uniqueness_books" ADD COLUMN IF NOT EXISTS value_tsvector tsvector GENERATED ALWAYS AS (setweight(to_tsvector('french'::regconfig, coalesce(value->>'_name', '')), 'A')) STORED;
CREATE INDEX IF NOT EXISTS idx_proj_verify_book_uniqueness_verify_book_uniqueness_books_value_tsvector ON "proj_verify_book_uniqueness"."verify_book_uniqueness_books" USING rum (value_tsvector);

[DEBUG Postgres.go SQL execute] Params: []interface {}{}
[DEBUG Postgres.go SQL] Query: SELECT t.value, (((
                  1.000000
                  * (1000000.000000 * (CASE WHEN value->>'_name' = $2 THEN 1.0 ELSE 0.0 END)
                    + 1000.000000 * (CASE WHEN value_name_tsvector @@ fts_1.q THEN 1.0 / (1.0 + (value_name_tsvector <=> fts_1.q)) ELSE 0.0 END) / sqrt(GREATEST(length(value->>'name')::numeric, 1.0))
                  ) / 1001000.000000
                  ) / 1.000000 * 1.000000)) AS score FROM "proj_verify_book_uniqueness"."verify_book_uniqueness_books" t, (SELECT fts.expand_query('proj_verify_book_uniqueness', ($1::text), true) AS q OFFSET 0) fts_1 WHERE (true AND 
                ($2::text IS NULL OR $2::text IS NOT NULL) AND
                value_name_tsvector @@ fts_1.q
                AND (value_name_tsvector <=> fts_1.q) <= 100.0
                ) ORDER BY score DESC, t.n DESC
[DEBUG Postgres.go SQL] Params: []interface {}{"harry potter chambre secrets", "harry potter et la chambre des secrets"}
[DEBUG Postgres.go JSON_MARSHAL] {"id":"01kz95b2y4fgamndhbdykm6cf8"}
[DEBUG Postgres.go JSON_MARSHAL_RAW] map[string]interface {}{"id":"01kz95b2y4fgamndhbdykm6cf8"}
[DEBUG Postgres.go JSON_MARSHAL] {"book":"01kz95b2y4fgamndhbdykm6cf8"}
[DEBUG Postgres.go JSON_MARSHAL_RAW] map[string]interface {}{"book":"01kz95b2y4fgamndhbdykm6cf8"}
[DEBUG Postgres.go JSON_MARSHAL] {"id":"01kz95b2xawhh0kb9xrdmg79f7"}
[DEBUG Postgres.go JSON_MARSHAL_RAW] map[string]interface {}{"id":"01kz95b2xawhh0kb9xrdmg79f7"}
[DEBUG Postgres.go JSON_MARSHAL] {"editor":"01kz95b2xawhh0kb9xrdmg79f7"}
[DEBUG Postgres.go JSON_MARSHAL_RAW] map[string]interface {}{"editor":"01kz95b2xawhh0kb9xrdmg79f7"}
[DEBUG Postgres.go JSON_MARSHAL] {"id":"01kz95b2txznfygarjd8s2zbvb"}
[DEBUG Postgres.go JSON_MARSHAL_RAW] map[string]interface {}{"id":"01kz95b2txznfygarjd8s2zbvb"}
[DEBUG Postgres.go JSON_MARSHAL] {"author":"01kz95b2txznfygarjd8s2zbvb"}
[DEBUG Postgres.go JSON_MARSHAL_RAW] map[string]interface {}{"author":"01kz95b2txznfygarjd8s2zbvb"}
[DEBUG Postgres.go SQL] Query: SELECT n::text, id::text, type::text, payload::text, meta::text, CAST(EXTRACT(EPOCH FROM at) * 1000 AS float8)::text AS at FROM events WHERE ((((type = $1 AND payload @> $2::jsonb) OR (type = $3 AND payload @> $4::jsonb)) OR ((type = $5 AND payload @> $6::jsonb) OR (type = $7 AND payload @> $8::jsonb))) OR ((type = $9 AND payload @> $10::jsonb) OR (type = $11 AND payload @> $12::jsonb))) ORDER BY events.n ASC
[DEBUG Postgres.go SQL] Params: []interface {}{"BookReferenced", "{\"id\":\"01kz95b2y4fgamndhbdykm6cf8\"}", "BookDereferenced", "{\"book\":\"01kz95b2y4fgamndhbdykm6cf8\"}", "EditorReferenced", "{\"id\":\"01kz95b2xawhh0kb9xrdmg79f7\"}", "EditorDereferenced", "{\"editor\":\"01kz95b2xawhh0kb9xrdmg79f7\"}", "AuthorReferenced", "{\"id\":\"01kz95b2txznfygarjd8s2zbvb\"}", "AuthorDereferenced", "{\"author\":\"01kz95b2txznfygarjd8s2zbvb\"}"}
[DEBUG Postgres.go SELECT] Col: n, Type: string, Value: 1
[DEBUG Postgres.go SELECT] Col: id, Type: string, Value: 01kz95b2x86z17bh6xah5sedkc
[DEBUG Postgres.go SELECT] Col: type, Type: string, Value: AuthorReferenced
[DEBUG Postgres.go SELECT] Col: payload, Type: string, Value: {"id": "01kz95b2txznfygarjd8s2zbvb", "name": "Zola", "portrait": null, "biography": "Blablah...", "legacyIds": []}
[DEBUG Postgres.go SELECT] Col: meta, Type: string, Value: {"trace": {"run": "01kz95b2ttb8x08xspzxv7abwg", "cause": null, "append": "01kz95b2x21am27z9yk8a5rrhf"}}
[DEBUG Postgres.go SELECT] Col: at, Type: string, Value: 1785940249511.407
[DEBUG Postgres.go SELECT] Col: n, Type: string, Value: 2
[DEBUG Postgres.go SELECT] Col: id, Type: string, Value: 01kz95b2y2nd39tnwx3gfb08t1
[DEBUG Postgres.go SELECT] Col: type, Type: string, Value: EditorReferenced
[DEBUG Postgres.go SELECT] Col: payload, Type: string, Value: {"id": "01kz95b2xawhh0kb9xrdmg79f7", "name": "Flammarion", "legacyBookIds": [1]}
[DEBUG Postgres.go SELECT] Col: meta, Type: string, Value: {"trace": {"run": "01kz95b2ttb8x08xspzxv7abwg", "cause": null, "append": "01kz95b2y1rpvx0atqtrxtawva"}}
[DEBUG Postgres.go SELECT] Col: at, Type: string, Value: 1785940249538.266
[DEBUG Postgres.go SQL] Query: SELECT pg_advisory_lock($1::bigint)
[DEBUG Postgres.go SQL] Params: []interface {}{"1785940249566811003"}
[DEBUG Postgres.go SELECT] Col: pg_advisory_lock, Type: string, Value: 
[DEBUG Postgres.go SQL] Query: 
        WITH collisions AS (
            SELECT lock_key as colliding_key FROM cco.append_intents
            WHERE (events @? $2::jsonpath) OR ($3::jsonb @? context)
        ),
        zombie_check AS (
            SELECT colliding_key, pg_try_advisory_lock(colliding_key) as is_zombie
            FROM collisions
        ),
        active_collisions AS (
            SELECT colliding_key FROM zombie_check WHERE NOT is_zombie
        ),
        cleanup_zombies AS (
            DELETE FROM cco.append_intents
            WHERE lock_key IN (SELECT colliding_key FROM zombie_check WHERE is_zombie)
        ),
        release_zombie_locks AS (
            SELECT pg_advisory_unlock(colliding_key)
            FROM zombie_check WHERE is_zombie
        ),
        insertion AS (
            INSERT INTO cco.append_intents (intent_id, lock_key, context, events)
            SELECT $1, $4::bigint, $2::jsonpath, $3::jsonb 
            WHERE (SELECT count(*) FROM active_collisions) < 1
            RETURNING true as inserted
        )
        SELECT COALESCE((SELECT inserted FROM insertion), false) as success
      
[DEBUG Postgres.go SQL] Params: []interface {}{"fd6e0e74-2166-4406-97ad-912d233535a7", "$ ? (((((@.type == \"BookReferenced\" && @.payload.id == \"01kz95b2y4fgamndhbdykm6cf8\") || (@.type == \"BookDereferenced\" && @.payload.book == \"01kz95b2y4fgamndhbdykm6cf8\")) || ((@.type == \"EditorReferenced\" && @.payload.id == \"01kz95b2xawhh0kb9xrdmg79f7\") || (@.type == \"EditorDereferenced\" && @.payload.editor == \"01kz95b2xawhh0kb9xrdmg79f7\"))) || ((@.type == \"AuthorReferenced\" && @.payload.id == \"01kz95b2txznfygarjd8s2zbvb\") || (@.type == \"AuthorDereferenced\" && @.payload.author == \"01kz95b2txznfygarjd8s2zbvb\"))))", "\"[{\\\"payload\\\":{\\\"authors\\\":[\\\"01kz95b2txznfygarjd8s2zbvb\\\"],\\\"cover\\\":{\\\"dimensions\\\":{\\\"height\\\":600,\\\"width\\\":800},\\\"hash\\\":\\\"a1b2c3d4e5f6g7h8\\\",\\\"mimeType\\\":\\\"image/png\\\",\\\"size\\\":123456,\\\"src\\\":\\\"path/to/a1b2c3d4e5f6g7h8.png\\\"},\\\"editor\\\":\\\"01kz95b2xawhh0kb9xrdmg79f7\\\",\\\"id\\\":\\\"01kz95b2y4fgamndhbdykm6cf8\\\",\\\"legacyId\\\":null,\\\"name\\\":\\\"Harry Potter et la Chambre des Secrets\\\",\\\"year\\\":{\\\"approximately\\\":false,\\\"year\\\":1998}},\\\"type\\\":\\\"BookReferenced\\\"}]\"", "1785940249566811003"}
[DEBUG Postgres.go SELECT] Col: success, Type: bool, Value: true
[DEBUG Postgres.go SQL] Query: BEGIN
[DEBUG Postgres.go SQL] Params: []interface {}{}
[DEBUG Postgres.go JSON_MARSHAL] {"id":"01kz95b2y4fgamndhbdykm6cf8"}
[DEBUG Postgres.go JSON_MARSHAL_RAW] map[string]interface {}{"id":"01kz95b2y4fgamndhbdykm6cf8"}
[DEBUG Postgres.go JSON_MARSHAL] {"book":"01kz95b2y4fgamndhbdykm6cf8"}
[DEBUG Postgres.go JSON_MARSHAL_RAW] map[string]interface {}{"book":"01kz95b2y4fgamndhbdykm6cf8"}
[DEBUG Postgres.go JSON_MARSHAL] {"id":"01kz95b2xawhh0kb9xrdmg79f7"}
[DEBUG Postgres.go JSON_MARSHAL_RAW] map[string]interface {}{"id":"01kz95b2xawhh0kb9xrdmg79f7"}
[DEBUG Postgres.go JSON_MARSHAL] {"editor":"01kz95b2xawhh0kb9xrdmg79f7"}
[DEBUG Postgres.go JSON_MARSHAL_RAW] map[string]interface {}{"editor":"01kz95b2xawhh0kb9xrdmg79f7"}
[DEBUG Postgres.go JSON_MARSHAL] {"id":"01kz95b2txznfygarjd8s2zbvb"}
[DEBUG Postgres.go JSON_MARSHAL_RAW] map[string]interface {}{"id":"01kz95b2txznfygarjd8s2zbvb"}
[DEBUG Postgres.go JSON_MARSHAL] {"author":"01kz95b2txznfygarjd8s2zbvb"}
[DEBUG Postgres.go JSON_MARSHAL_RAW] map[string]interface {}{"author":"01kz95b2txznfygarjd8s2zbvb"}
[DEBUG Postgres.go SQL] Query: 
            WITH context AS (SELECT MAX(n) as max_seq FROM events WHERE ((((type = $1 AND payload @> $2::jsonb) OR (type = $3 AND payload @> $4::jsonb)) OR ((type = $5 AND payload @> $6::jsonb) OR (type = $7 AND payload @> $8::jsonb))) OR ((type = $9 AND payload @> $10::jsonb) OR (type = $11 AND payload @> $12::jsonb))))
              , registry_cross_check AS (
                  SELECT count(*) as cnt 
                  FROM cco.append_intents other
                  JOIN cco.append_intents me ON me.intent_id = $13
                  WHERE ((other.events @? $14::jsonpath) OR ($15::jsonb @? other.context))
                    AND other.intent_id != $13
                    AND other.lock_key < me.lock_key
              )
            INSERT INTO events (type, payload, meta, at)
            SELECT unnest($16::text[]), unnest($17::jsonb[]), unnest($18::jsonb[]), NOW() AT TIME ZONE 'UTC'
            FROM context
            WHERE COALESCE(max_seq, 0) = 2
             AND (SELECT cnt FROM registry_cross_check) = 0
            RETURNING n::text, id::text, type::text, payload::text, meta::text, CAST(EXTRACT(EPOCH FROM at) * 1000 AS float8)::text AS at
            
[DEBUG Postgres.go SQL] Params: []interface {}{"BookReferenced", "{\"id\":\"01kz95b2y4fgamndhbdykm6cf8\"}", "BookDereferenced", "{\"book\":\"01kz95b2y4fgamndhbdykm6cf8\"}", "EditorReferenced", "{\"id\":\"01kz95b2xawhh0kb9xrdmg79f7\"}", "EditorDereferenced", "{\"editor\":\"01kz95b2xawhh0kb9xrdmg79f7\"}", "AuthorReferenced", "{\"id\":\"01kz95b2txznfygarjd8s2zbvb\"}", "AuthorDereferenced", "{\"author\":\"01kz95b2txznfygarjd8s2zbvb\"}", "fd6e0e74-2166-4406-97ad-912d233535a7", "$ ? (((((@.type == \"BookReferenced\" && @.payload.id == \"01kz95b2y4fgamndhbdykm6cf8\") || (@.type == \"BookDereferenced\" && @.payload.book == \"01kz95b2y4fgamndhbdykm6cf8\")) || ((@.type == \"EditorReferenced\" && @.payload.id == \"01kz95b2xawhh0kb9xrdmg79f7\") || (@.type == \"EditorDereferenced\" && @.payload.editor == \"01kz95b2xawhh0kb9xrdmg79f7\"))) || ((@.type == \"AuthorReferenced\" && @.payload.id == \"01kz95b2txznfygarjd8s2zbvb\") || (@.type == \"AuthorDereferenced\" && @.payload.author == \"01kz95b2txznfygarjd8s2zbvb\"))))", "[{\"payload\":{\"authors\":[\"01kz95b2txznfygarjd8s2zbvb\"],\"cover\":{\"dimensions\":{\"height\":600,\"width\":800},\"hash\":\"a1b2c3d4e5f6g7h8\",\"mimeType\":\"image/png\",\"size\":123456,\"src\":\"path/to/a1b2c3d4e5f6g7h8.png\"},\"editor\":\"01kz95b2xawhh0kb9xrdmg79f7\",\"id\":\"01kz95b2y4fgamndhbdykm6cf8\",\"legacyId\":null,\"name\":\"Harry Potter et la Chambre des Secrets\",\"year\":{\"approximately\":false,\"year\":1998}},\"type\":\"BookReferenced\"}]", []interface {}{"BookReferenced"}, []interface {}{map[string]interface {}{"authors":[]interface {}{"01kz95b2txznfygarjd8s2zbvb"}, "cover":map[string]interface {}{"dimensions":map[string]interface {}{"height":600, "width":800}, "hash":"a1b2c3d4e5f6g7h8", "mimeType":"image/png", "size":123456, "src":"path/to/a1b2c3d4e5f6g7h8.png"}, "editor":"01kz95b2xawhh0kb9xrdmg79f7", "id":"01kz95b2y4fgamndhbdykm6cf8", "legacyId":interface {}(nil), "name":"Harry Potter et la Chambre des Secrets", "year":map[string]interface {}{"approximately":false, "year":1998}}}, []interface {}{map[string]interface {}{"trace":map[string]interface {}{"append":"01kz95b2yxpqf65jj3gahcjzcm", "cause":interface {}(nil), "run":"01kz95b2ttb8x08xspzxv7abwg"}}}}
[DEBUG Postgres.go SELECT] Col: n, Type: string, Value: 3
[DEBUG Postgres.go SELECT] Col: id, Type: string, Value: 01kz95b2z009nvqk2mmd7jr0k6
[DEBUG Postgres.go SELECT] Col: type, Type: string, Value: BookReferenced
[DEBUG Postgres.go SELECT] Col: payload, Type: string, Value: {"id": "01kz95b2y4fgamndhbdykm6cf8", "name": "Harry Potter et la Chambre des Secrets", "year": {"year": 1998, "approximately": false}, "cover": {"src": "path/to/a1b2c3d4e5f6g7h8.png", "hash": "a1b2c3d4e5f6g7h8", "size": 123456, "mimeType": "image/png", "dimensions": {"width": 800, "height": 600}}, "editor": "01kz95b2xawhh0kb9xrdmg79f7", "authors": ["01kz95b2txznfygarjd8s2zbvb"], "legacyId": null}
[DEBUG Postgres.go SELECT] Col: meta, Type: string, Value: {"trace": {"run": "01kz95b2ttb8x08xspzxv7abwg", "cause": null, "append": "01kz95b2yxpqf65jj3gahcjzcm"}}
[DEBUG Postgres.go SELECT] Col: at, Type: string, Value: 1785940249567.263
[DEBUG Postgres.go SQL] Query: DELETE FROM cco.append_intents WHERE intent_id = $1
[DEBUG Postgres.go SQL] Params: []interface {}{"fd6e0e74-2166-4406-97ad-912d233535a7"}
[DEBUG Postgres.go SQL] Query: SELECT pg_advisory_unlock($1::bigint)
[DEBUG Postgres.go SQL] Params: []interface {}{"1785940249566811003"}
[DEBUG Postgres.go SELECT] Col: pg_advisory_unlock, Type: bool, Value: true
[DEBUG Postgres.go SQL] Query: COMMIT
[DEBUG Postgres.go SQL] Params: []interface {}{}
[DEBUG Postgres.go SQL] Query: SELECT pg_advisory_unlock_all()
[DEBUG Postgres.go SQL] Params: []interface {}{}
[DEBUG Postgres.go SELECT] Col: pg_advisory_unlock_all, Type: string, Value: 
[TEST] HP ID: 01kz95b2y4fgamndhbdykm6cf8
[DEBUG Postgres.go SQL execute] Query: 
      CREATE SCHEMA IF NOT EXISTS "proj_verify_book_uniqueness";
      CREATE TABLE IF NOT EXISTS "proj_verify_book_uniqueness"._meta (
        singleton BOOLEAN PRIMARY KEY DEFAULT TRUE CHECK (singleton),
        checkpoint BIGINT NOT NULL,
        state VARCHAR NOT NULL,
        created_at TIMESTAMP NOT NULL DEFAULT (NOW() AT TIME ZONE 'UTC'),
        updated_at TIMESTAMP NOT NULL DEFAULT (NOW() AT TIME ZONE 'UTC'),
        updated_model_at TIMESTAMP NOT NULL DEFAULT (NOW() AT TIME ZONE 'UTC')
      );
      
[DEBUG Postgres.go SQL execute] Params: []interface {}{}
[DEBUG Postgres.go SQL] Query: SELECT EXTRACT(EPOCH FROM created_at)::varchar AS created_at, EXTRACT(EPOCH FROM updated_model_at)::varchar AS updated_model_at FROM "proj_verify_book_uniqueness"._meta WHERE singleton = TRUE
[DEBUG Postgres.go SQL] Params: []interface {}{}
[DEBUG Postgres.go SELECT] Col: created_at, Type: string, Value: 1785940249.544866
[DEBUG Postgres.go SELECT] Col: updated_model_at, Type: string, Value: 1785940249.544866
[DEBUG Postgres.go SQL execute] Query: 
      CREATE SCHEMA IF NOT EXISTS "proj_verify_book_uniqueness";
      CREATE TABLE IF NOT EXISTS "proj_verify_book_uniqueness"._meta (
        singleton BOOLEAN PRIMARY KEY DEFAULT TRUE CHECK (singleton),
        checkpoint BIGINT NOT NULL,
        state VARCHAR NOT NULL,
        created_at TIMESTAMP NOT NULL DEFAULT (NOW() AT TIME ZONE 'UTC'),
        updated_at TIMESTAMP NOT NULL DEFAULT (NOW() AT TIME ZONE 'UTC'),
        updated_model_at TIMESTAMP NOT NULL DEFAULT (NOW() AT TIME ZONE 'UTC')
      );
      
[DEBUG Postgres.go SQL execute] Params: []interface {}{}
[DEBUG Postgres.go SQL] Query: SELECT checkpoint::varchar FROM "proj_verify_book_uniqueness"._meta WHERE singleton = TRUE
[DEBUG Postgres.go SQL] Params: []interface {}{}
[DEBUG Postgres.go SELECT] Col: checkpoint, Type: string, Value: 2
[DEBUG Postgres.go SQL] Query: 
        WITH horizon AS (SELECT pg_snapshot_xmin(pg_current_snapshot())::text::bigint as min_xact)
        SELECT n::text, id::text, type::text, payload::text, meta::text, CAST(EXTRACT(EPOCH FROM at) * 1000 AS float8)::text AS at 
        FROM events, horizon 
        WHERE 
        n >= $1 AND (xact < horizon.min_xact OR at < NOW() - INTERVAL '1 minute')
ORDER BY events.n ASC
[DEBUG Postgres.go SQL] Params: []interface {}{"2"}
[DEBUG Postgres.go SELECT] Col: n, Type: string, Value: 2
[DEBUG Postgres.go SELECT] Col: id, Type: string, Value: 01kz95b2y2nd39tnwx3gfb08t1
[DEBUG Postgres.go SELECT] Col: type, Type: string, Value: EditorReferenced
[DEBUG Postgres.go SELECT] Col: payload, Type: string, Value: {"id": "01kz95b2xawhh0kb9xrdmg79f7", "name": "Flammarion", "legacyBookIds": [1]}
[DEBUG Postgres.go SELECT] Col: meta, Type: string, Value: {"trace": {"run": "01kz95b2ttb8x08xspzxv7abwg", "cause": null, "append": "01kz95b2y1rpvx0atqtrxtawva"}}
[DEBUG Postgres.go SELECT] Col: at, Type: string, Value: 1785940249538.266
[DEBUG Postgres.go SELECT] Col: n, Type: string, Value: 3
[DEBUG Postgres.go SELECT] Col: id, Type: string, Value: 01kz95b2z009nvqk2mmd7jr0k6
[DEBUG Postgres.go SELECT] Col: type, Type: string, Value: BookReferenced
[DEBUG Postgres.go SELECT] Col: payload, Type: string, Value: {"id": "01kz95b2y4fgamndhbdykm6cf8", "name": "Harry Potter et la Chambre des Secrets", "year": {"year": 1998, "approximately": false}, "cover": {"src": "path/to/a1b2c3d4e5f6g7h8.png", "hash": "a1b2c3d4e5f6g7h8", "size": 123456, "mimeType": "image/png", "dimensions": {"width": 800, "height": 600}}, "editor": "01kz95b2xawhh0kb9xrdmg79f7", "authors": ["01kz95b2txznfygarjd8s2zbvb"], "legacyId": null}
[DEBUG Postgres.go SELECT] Col: meta, Type: string, Value: {"trace": {"run": "01kz95b2ttb8x08xspzxv7abwg", "cause": null, "append": "01kz95b2yxpqf65jj3gahcjzcm"}}
[DEBUG Postgres.go SELECT] Col: at, Type: string, Value: 1785940249567.263
[DEBUG Postgres.go JSON_MARSHAL] {"_name":"harry potter et la chambre des secrets","authors":["01kz95b2txznfygarjd8s2zbvb"],"editor":"01kz95b2xawhh0kb9xrdmg79f7","id":"01kz95b2y4fgamndhbdykm6cf8","name":"Harry Potter et la Chambre des Secrets"}
[DEBUG Postgres.go JSON_MARSHAL_RAW] map[string]interface {}{"_name":"harry potter et la chambre des secrets", "authors":[]interface {}{"01kz95b2txznfygarjd8s2zbvb"}, "editor":"01kz95b2xawhh0kb9xrdmg79f7", "id":"01kz95b2y4fgamndhbdykm6cf8", "name":"Harry Potter et la Chambre des Secrets"}
[DEBUG Postgres.go SQL] Query: INSERT INTO "proj_verify_book_uniqueness"."verify_book_uniqueness_books" (key, key_aliases, value) VALUES ($1, $2, $3) ON CONFLICT (key) DO UPDATE SET value = EXCLUDED.value, key_aliases = EXCLUDED.key_aliases, updated_at = (NOW() AT TIME ZONE 'UTC') RETURNING EXTRACT(EPOCH FROM updated_at)::varchar AS updated_at
[DEBUG Postgres.go SQL] Params: []interface {}{"01kz95b2y4fgamndhbdykm6cf8", []interface {}{}, "{\"_name\":\"harry potter et la chambre des secrets\",\"authors\":[\"01kz95b2txznfygarjd8s2zbvb\"],\"editor\":\"01kz95b2xawhh0kb9xrdmg79f7\",\"id\":\"01kz95b2y4fgamndhbdykm6cf8\",\"name\":\"Harry Potter et la Chambre des Secrets\"}"}
[DEBUG Postgres.go SELECT] Col: updated_at, Type: string, Value: 1785940249.574318
[DEBUG Postgres.go SQL] Query: UPDATE "proj_verify_book_uniqueness"._meta SET checkpoint = $1, updated_at = (NOW() AT TIME ZONE 'UTC'), updated_model_at = (NOW() AT TIME ZONE 'UTC') WHERE singleton = TRUE
[DEBUG Postgres.go SQL] Params: []interface {}{"3"}
[DEBUG Postgres.go SQL] Query: SELECT EXTRACT(EPOCH FROM created_at)::varchar AS created_at, EXTRACT(EPOCH FROM updated_model_at)::varchar AS updated_model_at FROM "proj_verify_book_uniqueness"._meta WHERE singleton = TRUE
[DEBUG Postgres.go SQL] Params: []interface {}{}
[DEBUG Postgres.go SELECT] Col: created_at, Type: string, Value: 1785940249.544866
[DEBUG Postgres.go SELECT] Col: updated_model_at, Type: string, Value: 1785940249.576911
[DEBUG Postgres.go SQL] Query: SELECT t.value, (((
                  1.000000
                  * (1000000.000000 * (CASE WHEN value->>'_name' = $2 THEN 1.0 ELSE 0.0 END)
                    + 1000.000000 * (CASE WHEN value_name_tsvector @@ fts_1.q THEN 1.0 / (1.0 + (value_name_tsvector <=> fts_1.q)) ELSE 0.0 END) / sqrt(GREATEST(length(value->>'name')::numeric, 1.0))
                  ) / 1001000.000000
                  ) / 1.000000 * 1.000000)) AS score FROM "proj_verify_book_uniqueness"."verify_book_uniqueness_books" t, (SELECT fts.expand_query('proj_verify_book_uniqueness', ($1::text), true) AS q OFFSET 0) fts_1 WHERE (true AND 
                ($2::text IS NULL OR $2::text IS NOT NULL) AND
                value_name_tsvector @@ fts_1.q
                AND (value_name_tsvector <=> fts_1.q) <= 100.0
                ) ORDER BY score DESC, t.n DESC
[DEBUG Postgres.go SQL] Params: []interface {}{"seigneur anneaux", "le seigneur des anneaux"}
[DEBUG Postgres.go JSON_MARSHAL] {"id":"01kz95b2z1w9y906ckjtm1st2x"}
[DEBUG Postgres.go JSON_MARSHAL_RAW] map[string]interface {}{"id":"01kz95b2z1w9y906ckjtm1st2x"}
[DEBUG Postgres.go JSON_MARSHAL] {"book":"01kz95b2z1w9y906ckjtm1st2x"}
[DEBUG Postgres.go JSON_MARSHAL_RAW] map[string]interface {}{"book":"01kz95b2z1w9y906ckjtm1st2x"}
[DEBUG Postgres.go JSON_MARSHAL] {"id":"01kz95b2xawhh0kb9xrdmg79f7"}
[DEBUG Postgres.go JSON_MARSHAL_RAW] map[string]interface {}{"id":"01kz95b2xawhh0kb9xrdmg79f7"}
[DEBUG Postgres.go JSON_MARSHAL] {"editor":"01kz95b2xawhh0kb9xrdmg79f7"}
[DEBUG Postgres.go JSON_MARSHAL_RAW] map[string]interface {}{"editor":"01kz95b2xawhh0kb9xrdmg79f7"}
[DEBUG Postgres.go JSON_MARSHAL] {"id":"01kz95b2txznfygarjd8s2zbvb"}
[DEBUG Postgres.go JSON_MARSHAL_RAW] map[string]interface {}{"id":"01kz95b2txznfygarjd8s2zbvb"}
[DEBUG Postgres.go JSON_MARSHAL] {"author":"01kz95b2txznfygarjd8s2zbvb"}
[DEBUG Postgres.go JSON_MARSHAL_RAW] map[string]interface {}{"author":"01kz95b2txznfygarjd8s2zbvb"}
[DEBUG Postgres.go SQL] Query: SELECT n::text, id::text, type::text, payload::text, meta::text, CAST(EXTRACT(EPOCH FROM at) * 1000 AS float8)::text AS at FROM events WHERE ((((type = $1 AND payload @> $2::jsonb) OR (type = $3 AND payload @> $4::jsonb)) OR ((type = $5 AND payload @> $6::jsonb) OR (type = $7 AND payload @> $8::jsonb))) OR ((type = $9 AND payload @> $10::jsonb) OR (type = $11 AND payload @> $12::jsonb))) ORDER BY events.n ASC
[DEBUG Postgres.go SQL] Params: []interface {}{"BookReferenced", "{\"id\":\"01kz95b2z1w9y906ckjtm1st2x\"}", "BookDereferenced", "{\"book\":\"01kz95b2z1w9y906ckjtm1st2x\"}", "EditorReferenced", "{\"id\":\"01kz95b2xawhh0kb9xrdmg79f7\"}", "EditorDereferenced", "{\"editor\":\"01kz95b2xawhh0kb9xrdmg79f7\"}", "AuthorReferenced", "{\"id\":\"01kz95b2txznfygarjd8s2zbvb\"}", "AuthorDereferenced", "{\"author\":\"01kz95b2txznfygarjd8s2zbvb\"}"}
[DEBUG Postgres.go SELECT] Col: n, Type: string, Value: 1
[DEBUG Postgres.go SELECT] Col: id, Type: string, Value: 01kz95b2x86z17bh6xah5sedkc
[DEBUG Postgres.go SELECT] Col: type, Type: string, Value: AuthorReferenced
[DEBUG Postgres.go SELECT] Col: payload, Type: string, Value: {"id": "01kz95b2txznfygarjd8s2zbvb", "name": "Zola", "portrait": null, "biography": "Blablah...", "legacyIds": []}
[DEBUG Postgres.go SELECT] Col: meta, Type: string, Value: {"trace": {"run": "01kz95b2ttb8x08xspzxv7abwg", "cause": null, "append": "01kz95b2x21am27z9yk8a5rrhf"}}
[DEBUG Postgres.go SELECT] Col: at, Type: string, Value: 1785940249511.407
[DEBUG Postgres.go SELECT] Col: n, Type: string, Value: 2
[DEBUG Postgres.go SELECT] Col: id, Type: string, Value: 01kz95b2y2nd39tnwx3gfb08t1
[DEBUG Postgres.go SELECT] Col: type, Type: string, Value: EditorReferenced
[DEBUG Postgres.go SELECT] Col: payload, Type: string, Value: {"id": "01kz95b2xawhh0kb9xrdmg79f7", "name": "Flammarion", "legacyBookIds": [1]}
[DEBUG Postgres.go SELECT] Col: meta, Type: string, Value: {"trace": {"run": "01kz95b2ttb8x08xspzxv7abwg", "cause": null, "append": "01kz95b2y1rpvx0atqtrxtawva"}}
[DEBUG Postgres.go SELECT] Col: at, Type: string, Value: 1785940249538.266
[DEBUG Postgres.go SQL] Query: SELECT pg_advisory_lock($1::bigint)
[DEBUG Postgres.go SQL] Params: []interface {}{"1785940249581811004"}
[DEBUG Postgres.go SELECT] Col: pg_advisory_lock, Type: string, Value: 
[DEBUG Postgres.go SQL] Query: 
        WITH collisions AS (
            SELECT lock_key as colliding_key FROM cco.append_intents
            WHERE (events @? $2::jsonpath) OR ($3::jsonb @? context)
        ),
        zombie_check AS (
            SELECT colliding_key, pg_try_advisory_lock(colliding_key) as is_zombie
            FROM collisions
        ),
        active_collisions AS (
            SELECT colliding_key FROM zombie_check WHERE NOT is_zombie
        ),
        cleanup_zombies AS (
            DELETE FROM cco.append_intents
            WHERE lock_key IN (SELECT colliding_key FROM zombie_check WHERE is_zombie)
        ),
        release_zombie_locks AS (
            SELECT pg_advisory_unlock(colliding_key)
            FROM zombie_check WHERE is_zombie
        ),
        insertion AS (
            INSERT INTO cco.append_intents (intent_id, lock_key, context, events)
            SELECT $1, $4::bigint, $2::jsonpath, $3::jsonb 
            WHERE (SELECT count(*) FROM active_collisions) < 1
            RETURNING true as inserted
        )
        SELECT COALESCE((SELECT inserted FROM insertion), false) as success
      
[DEBUG Postgres.go SQL] Params: []interface {}{"8cbcf701-6aea-4b97-9790-fa3bcceecbc1", "$ ? (((((@.type == \"BookReferenced\" && @.payload.id == \"01kz95b2z1w9y906ckjtm1st2x\") || (@.type == \"BookDereferenced\" && @.payload.book == \"01kz95b2z1w9y906ckjtm1st2x\")) || ((@.type == \"EditorReferenced\" && @.payload.id == \"01kz95b2xawhh0kb9xrdmg79f7\") || (@.type == \"EditorDereferenced\" && @.payload.editor == \"01kz95b2xawhh0kb9xrdmg79f7\"))) || ((@.type == \"AuthorReferenced\" && @.payload.id == \"01kz95b2txznfygarjd8s2zbvb\") || (@.type == \"AuthorDereferenced\" && @.payload.author == \"01kz95b2txznfygarjd8s2zbvb\"))))", "\"[{\\\"payload\\\":{\\\"authors\\\":[\\\"01kz95b2txznfygarjd8s2zbvb\\\"],\\\"cover\\\":{\\\"dimensions\\\":{\\\"height\\\":600,\\\"width\\\":800},\\\"hash\\\":\\\"a1b2c3d4e5f6g7h8\\\",\\\"mimeType\\\":\\\"image/png\\\",\\\"size\\\":123456,\\\"src\\\":\\\"path/to/a1b2c3d4e5f6g7h8.png\\\"},\\\"editor\\\":\\\"01kz95b2xawhh0kb9xrdmg79f7\\\",\\\"id\\\":\\\"01kz95b2z1w9y906ckjtm1st2x\\\",\\\"legacyId\\\":null,\\\"name\\\":\\\"Le Seigneur des Anneaux\\\",\\\"year\\\":{\\\"approximately\\\":false,\\\"year\\\":1954}},\\\"type\\\":\\\"BookReferenced\\\"}]\"", "1785940249581811004"}
[DEBUG Postgres.go SELECT] Col: success, Type: bool, Value: true
[DEBUG Postgres.go SQL] Query: BEGIN
[DEBUG Postgres.go SQL] Params: []interface {}{}
[DEBUG Postgres.go JSON_MARSHAL] {"id":"01kz95b2z1w9y906ckjtm1st2x"}
[DEBUG Postgres.go JSON_MARSHAL_RAW] map[string]interface {}{"id":"01kz95b2z1w9y906ckjtm1st2x"}
[DEBUG Postgres.go JSON_MARSHAL] {"book":"01kz95b2z1w9y906ckjtm1st2x"}
[DEBUG Postgres.go JSON_MARSHAL_RAW] map[string]interface {}{"book":"01kz95b2z1w9y906ckjtm1st2x"}
[DEBUG Postgres.go JSON_MARSHAL] {"id":"01kz95b2xawhh0kb9xrdmg79f7"}
[DEBUG Postgres.go JSON_MARSHAL_RAW] map[string]interface {}{"id":"01kz95b2xawhh0kb9xrdmg79f7"}
[DEBUG Postgres.go JSON_MARSHAL] {"editor":"01kz95b2xawhh0kb9xrdmg79f7"}
[DEBUG Postgres.go JSON_MARSHAL_RAW] map[string]interface {}{"editor":"01kz95b2xawhh0kb9xrdmg79f7"}
[DEBUG Postgres.go JSON_MARSHAL] {"id":"01kz95b2txznfygarjd8s2zbvb"}
[DEBUG Postgres.go JSON_MARSHAL_RAW] map[string]interface {}{"id":"01kz95b2txznfygarjd8s2zbvb"}
[DEBUG Postgres.go JSON_MARSHAL] {"author":"01kz95b2txznfygarjd8s2zbvb"}
[DEBUG Postgres.go JSON_MARSHAL_RAW] map[string]interface {}{"author":"01kz95b2txznfygarjd8s2zbvb"}
[DEBUG Postgres.go SQL] Query: 
            WITH context AS (SELECT MAX(n) as max_seq FROM events WHERE ((((type = $1 AND payload @> $2::jsonb) OR (type = $3 AND payload @> $4::jsonb)) OR ((type = $5 AND payload @> $6::jsonb) OR (type = $7 AND payload @> $8::jsonb))) OR ((type = $9 AND payload @> $10::jsonb) OR (type = $11 AND payload @> $12::jsonb))))
              , registry_cross_check AS (
                  SELECT count(*) as cnt 
                  FROM cco.append_intents other
                  JOIN cco.append_intents me ON me.intent_id = $13
                  WHERE ((other.events @? $14::jsonpath) OR ($15::jsonb @? other.context))
                    AND other.intent_id != $13
                    AND other.lock_key < me.lock_key
              )
            INSERT INTO events (type, payload, meta, at)
            SELECT unnest($16::text[]), unnest($17::jsonb[]), unnest($18::jsonb[]), NOW() AT TIME ZONE 'UTC'
            FROM context
            WHERE COALESCE(max_seq, 0) = 2
             AND (SELECT cnt FROM registry_cross_check) = 0
            RETURNING n::text, id::text, type::text, payload::text, meta::text, CAST(EXTRACT(EPOCH FROM at) * 1000 AS float8)::text AS at
            
[DEBUG Postgres.go SQL] Params: []interface {}{"BookReferenced", "{\"id\":\"01kz95b2z1w9y906ckjtm1st2x\"}", "BookDereferenced", "{\"book\":\"01kz95b2z1w9y906ckjtm1st2x\"}", "EditorReferenced", "{\"id\":\"01kz95b2xawhh0kb9xrdmg79f7\"}", "EditorDereferenced", "{\"editor\":\"01kz95b2xawhh0kb9xrdmg79f7\"}", "AuthorReferenced", "{\"id\":\"01kz95b2txznfygarjd8s2zbvb\"}", "AuthorDereferenced", "{\"author\":\"01kz95b2txznfygarjd8s2zbvb\"}", "8cbcf701-6aea-4b97-9790-fa3bcceecbc1", "$ ? (((((@.type == \"BookReferenced\" && @.payload.id == \"01kz95b2z1w9y906ckjtm1st2x\") || (@.type == \"BookDereferenced\" && @.payload.book == \"01kz95b2z1w9y906ckjtm1st2x\")) || ((@.type == \"EditorReferenced\" && @.payload.id == \"01kz95b2xawhh0kb9xrdmg79f7\") || (@.type == \"EditorDereferenced\" && @.payload.editor == \"01kz95b2xawhh0kb9xrdmg79f7\"))) || ((@.type == \"AuthorReferenced\" && @.payload.id == \"01kz95b2txznfygarjd8s2zbvb\") || (@.type == \"AuthorDereferenced\" && @.payload.author == \"01kz95b2txznfygarjd8s2zbvb\"))))", "[{\"payload\":{\"authors\":[\"01kz95b2txznfygarjd8s2zbvb\"],\"cover\":{\"dimensions\":{\"height\":600,\"width\":800},\"hash\":\"a1b2c3d4e5f6g7h8\",\"mimeType\":\"image/png\",\"size\":123456,\"src\":\"path/to/a1b2c3d4e5f6g7h8.png\"},\"editor\":\"01kz95b2xawhh0kb9xrdmg79f7\",\"id\":\"01kz95b2z1w9y906ckjtm1st2x\",\"legacyId\":null,\"name\":\"Le Seigneur des Anneaux\",\"year\":{\"approximately\":false,\"year\":1954}},\"type\":\"BookReferenced\"}]", []interface {}{"BookReferenced"}, []interface {}{map[string]interface {}{"authors":[]interface {}{"01kz95b2txznfygarjd8s2zbvb"}, "cover":map[string]interface {}{"dimensions":map[string]interface {}{"height":600, "width":800}, "hash":"a1b2c3d4e5f6g7h8", "mimeType":"image/png", "size":123456, "src":"path/to/a1b2c3d4e5f6g7h8.png"}, "editor":"01kz95b2xawhh0kb9xrdmg79f7", "id":"01kz95b2z1w9y906ckjtm1st2x", "legacyId":interface {}(nil), "name":"Le Seigneur des Anneaux", "year":map[string]interface {}{"approximately":false, "year":1954}}}, []interface {}{map[string]interface {}{"trace":map[string]interface {}{"append":"01kz95b2zd7e2trby0cajhpg45", "cause":interface {}(nil), "run":"01kz95b2ttb8x08xspzxv7abwg"}}}}
[DEBUG Postgres.go SELECT] Col: n, Type: string, Value: 4
[DEBUG Postgres.go SELECT] Col: id, Type: string, Value: 01kz95b2ze4ggsdvmnsejnd549
[DEBUG Postgres.go SELECT] Col: type, Type: string, Value: BookReferenced
[DEBUG Postgres.go SELECT] Col: payload, Type: string, Value: {"id": "01kz95b2z1w9y906ckjtm1st2x", "name": "Le Seigneur des Anneaux", "year": {"year": 1954, "approximately": false}, "cover": {"src": "path/to/a1b2c3d4e5f6g7h8.png", "hash": "a1b2c3d4e5f6g7h8", "size": 123456, "mimeType": "image/png", "dimensions": {"width": 800, "height": 600}}, "editor": "01kz95b2xawhh0kb9xrdmg79f7", "authors": ["01kz95b2txznfygarjd8s2zbvb"], "legacyId": null}
[DEBUG Postgres.go SELECT] Col: meta, Type: string, Value: {"trace": {"run": "01kz95b2ttb8x08xspzxv7abwg", "cause": null, "append": "01kz95b2zd7e2trby0cajhpg45"}}
[DEBUG Postgres.go SELECT] Col: at, Type: string, Value: 1785940249582.199
[DEBUG Postgres.go SQL] Query: DELETE FROM cco.append_intents WHERE intent_id = $1
[DEBUG Postgres.go SQL] Params: []interface {}{"8cbcf701-6aea-4b97-9790-fa3bcceecbc1"}
[DEBUG Postgres.go SQL] Query: SELECT pg_advisory_unlock($1::bigint)
[DEBUG Postgres.go SQL] Params: []interface {}{"1785940249581811004"}
[DEBUG Postgres.go SELECT] Col: pg_advisory_unlock, Type: bool, Value: true
[DEBUG Postgres.go SQL] Query: COMMIT
[DEBUG Postgres.go SQL] Params: []interface {}{}
[DEBUG Postgres.go SQL] Query: SELECT pg_advisory_unlock_all()
[DEBUG Postgres.go SQL] Params: []interface {}{}
[DEBUG Postgres.go SELECT] Col: pg_advisory_unlock_all, Type: string, Value: 
[TEST] LOTR ID: 01kz95b2z1w9y906ckjtm1st2x
[DEBUG Postgres.go SQL execute] Query: 
      CREATE SCHEMA IF NOT EXISTS "proj_verify_book_uniqueness";
      CREATE TABLE IF NOT EXISTS "proj_verify_book_uniqueness"._meta (
        singleton BOOLEAN PRIMARY KEY DEFAULT TRUE CHECK (singleton),
        checkpoint BIGINT NOT NULL,
        state VARCHAR NOT NULL,
        created_at TIMESTAMP NOT NULL DEFAULT (NOW() AT TIME ZONE 'UTC'),
        updated_at TIMESTAMP NOT NULL DEFAULT (NOW() AT TIME ZONE 'UTC'),
        updated_model_at TIMESTAMP NOT NULL DEFAULT (NOW() AT TIME ZONE 'UTC')
      );
      
[DEBUG Postgres.go SQL execute] Params: []interface {}{}
[DEBUG Postgres.go SQL] Query: SELECT EXTRACT(EPOCH FROM created_at)::varchar AS created_at, EXTRACT(EPOCH FROM updated_model_at)::varchar AS updated_model_at FROM "proj_verify_book_uniqueness"._meta WHERE singleton = TRUE
[DEBUG Postgres.go SQL] Params: []interface {}{}
[DEBUG Postgres.go SELECT] Col: created_at, Type: string, Value: 1785940249.544866
[DEBUG Postgres.go SELECT] Col: updated_model_at, Type: string, Value: 1785940249.576911
[DEBUG Postgres.go SQL execute] Query: 
      CREATE SCHEMA IF NOT EXISTS "proj_verify_book_uniqueness";
      CREATE TABLE IF NOT EXISTS "proj_verify_book_uniqueness"._meta (
        singleton BOOLEAN PRIMARY KEY DEFAULT TRUE CHECK (singleton),
        checkpoint BIGINT NOT NULL,
        state VARCHAR NOT NULL,
        created_at TIMESTAMP NOT NULL DEFAULT (NOW() AT TIME ZONE 'UTC'),
        updated_at TIMESTAMP NOT NULL DEFAULT (NOW() AT TIME ZONE 'UTC'),
        updated_model_at TIMESTAMP NOT NULL DEFAULT (NOW() AT TIME ZONE 'UTC')
      );
      
[DEBUG Postgres.go SQL execute] Params: []interface {}{}
[DEBUG Postgres.go SQL] Query: SELECT checkpoint::varchar FROM "proj_verify_book_uniqueness"._meta WHERE singleton = TRUE
[DEBUG Postgres.go SQL] Params: []interface {}{}
[DEBUG Postgres.go SELECT] Col: checkpoint, Type: string, Value: 3
[DEBUG Postgres.go SQL] Query: 
        WITH horizon AS (SELECT pg_snapshot_xmin(pg_current_snapshot())::text::bigint as min_xact)
        SELECT n::text, id::text, type::text, payload::text, meta::text, CAST(EXTRACT(EPOCH FROM at) * 1000 AS float8)::text AS at 
        FROM events, horizon 
        WHERE 
        n >= $1 AND (xact < horizon.min_xact OR at < NOW() - INTERVAL '1 minute')
ORDER BY events.n ASC
[DEBUG Postgres.go SQL] Params: []interface {}{"3"}
[DEBUG Postgres.go SELECT] Col: n, Type: string, Value: 3
[DEBUG Postgres.go SELECT] Col: id, Type: string, Value: 01kz95b2z009nvqk2mmd7jr0k6
[DEBUG Postgres.go SELECT] Col: type, Type: string, Value: BookReferenced
[DEBUG Postgres.go SELECT] Col: payload, Type: string, Value: {"id": "01kz95b2y4fgamndhbdykm6cf8", "name": "Harry Potter et la Chambre des Secrets", "year": {"year": 1998, "approximately": false}, "cover": {"src": "path/to/a1b2c3d4e5f6g7h8.png", "hash": "a1b2c3d4e5f6g7h8", "size": 123456, "mimeType": "image/png", "dimensions": {"width": 800, "height": 600}}, "editor": "01kz95b2xawhh0kb9xrdmg79f7", "authors": ["01kz95b2txznfygarjd8s2zbvb"], "legacyId": null}
[DEBUG Postgres.go SELECT] Col: meta, Type: string, Value: {"trace": {"run": "01kz95b2ttb8x08xspzxv7abwg", "cause": null, "append": "01kz95b2yxpqf65jj3gahcjzcm"}}
[DEBUG Postgres.go SELECT] Col: at, Type: string, Value: 1785940249567.263
[DEBUG Postgres.go SELECT] Col: n, Type: string, Value: 4
[DEBUG Postgres.go SELECT] Col: id, Type: string, Value: 01kz95b2ze4ggsdvmnsejnd549
[DEBUG Postgres.go SELECT] Col: type, Type: string, Value: BookReferenced
[DEBUG Postgres.go SELECT] Col: payload, Type: string, Value: {"id": "01kz95b2z1w9y906ckjtm1st2x", "name": "Le Seigneur des Anneaux", "year": {"year": 1954, "approximately": false}, "cover": {"src": "path/to/a1b2c3d4e5f6g7h8.png", "hash": "a1b2c3d4e5f6g7h8", "size": 123456, "mimeType": "image/png", "dimensions": {"width": 800, "height": 600}}, "editor": "01kz95b2xawhh0kb9xrdmg79f7", "authors": ["01kz95b2txznfygarjd8s2zbvb"], "legacyId": null}
[DEBUG Postgres.go SELECT] Col: meta, Type: string, Value: {"trace": {"run": "01kz95b2ttb8x08xspzxv7abwg", "cause": null, "append": "01kz95b2zd7e2trby0cajhpg45"}}
[DEBUG Postgres.go SELECT] Col: at, Type: string, Value: 1785940249582.199
[DEBUG Postgres.go JSON_MARSHAL] {"_name":"le seigneur des anneaux","authors":["01kz95b2txznfygarjd8s2zbvb"],"editor":"01kz95b2xawhh0kb9xrdmg79f7","id":"01kz95b2z1w9y906ckjtm1st2x","name":"Le Seigneur des Anneaux"}
[DEBUG Postgres.go JSON_MARSHAL_RAW] map[string]interface {}{"_name":"le seigneur des anneaux", "authors":[]interface {}{"01kz95b2txznfygarjd8s2zbvb"}, "editor":"01kz95b2xawhh0kb9xrdmg79f7", "id":"01kz95b2z1w9y906ckjtm1st2x", "name":"Le Seigneur des Anneaux"}
[DEBUG Postgres.go SQL] Query: INSERT INTO "proj_verify_book_uniqueness"."verify_book_uniqueness_books" (key, key_aliases, value) VALUES ($1, $2, $3) ON CONFLICT (key) DO UPDATE SET value = EXCLUDED.value, key_aliases = EXCLUDED.key_aliases, updated_at = (NOW() AT TIME ZONE 'UTC') RETURNING EXTRACT(EPOCH FROM updated_at)::varchar AS updated_at
[DEBUG Postgres.go SQL] Params: []interface {}{"01kz95b2z1w9y906ckjtm1st2x", []interface {}{}, "{\"_name\":\"le seigneur des anneaux\",\"authors\":[\"01kz95b2txznfygarjd8s2zbvb\"],\"editor\":\"01kz95b2xawhh0kb9xrdmg79f7\",\"id\":\"01kz95b2z1w9y906ckjtm1st2x\",\"name\":\"Le Seigneur des Anneaux\"}"}
[DEBUG Postgres.go SELECT] Col: updated_at, Type: string, Value: 1785940249.588257
[DEBUG Postgres.go SQL] Query: UPDATE "proj_verify_book_uniqueness"._meta SET checkpoint = $1, updated_at = (NOW() AT TIME ZONE 'UTC'), updated_model_at = (NOW() AT TIME ZONE 'UTC') WHERE singleton = TRUE
[DEBUG Postgres.go SQL] Params: []interface {}{"4"}
[DEBUG Postgres.go SQL] Query: SELECT EXTRACT(EPOCH FROM created_at)::varchar AS created_at, EXTRACT(EPOCH FROM updated_model_at)::varchar AS updated_model_at FROM "proj_verify_book_uniqueness"._meta WHERE singleton = TRUE
[DEBUG Postgres.go SQL] Params: []interface {}{}
[DEBUG Postgres.go SELECT] Col: created_at, Type: string, Value: 1785940249.544866
[DEBUG Postgres.go SELECT] Col: updated_model_at, Type: string, Value: 1785940249.589568
[DEBUG Postgres.go SQL] Query: SELECT t.value, (((
                  1.000000
                  * (1000000.000000 * (CASE WHEN value->>'_name' = $2 THEN 1.0 ELSE 0.0 END)
                    + 1000.000000 * (CASE WHEN value_name_tsvector @@ fts_1.q THEN 1.0 / (1.0 + (value_name_tsvector <=> fts_1.q)) ELSE 0.0 END) / sqrt(GREATEST(length(value->>'name')::numeric, 1.0))
                  ) / 1001000.000000
                  ) / 1.000000 * 1.000000)) AS score FROM "proj_verify_book_uniqueness"."verify_book_uniqueness_books" t, (SELECT fts.expand_query('proj_verify_book_uniqueness', ($1::text), true) AS q OFFSET 0) fts_1 WHERE (true AND 
                ($2::text IS NULL OR $2::text IS NOT NULL) AND
                value_name_tsvector @@ fts_1.q
                AND (value_name_tsvector <=> fts_1.q) <= 100.0
                ) ORDER BY score DESC, t.n DESC
[DEBUG Postgres.go SQL] Params: []interface {}{"germinal", "germinal"}
[DEBUG Postgres.go JSON_MARSHAL] {"id":"01kz95b2zfpw5hbg01asksjnxd"}
[DEBUG Postgres.go JSON_MARSHAL_RAW] map[string]interface {}{"id":"01kz95b2zfpw5hbg01asksjnxd"}
[DEBUG Postgres.go JSON_MARSHAL] {"book":"01kz95b2zfpw5hbg01asksjnxd"}
[DEBUG Postgres.go JSON_MARSHAL_RAW] map[string]interface {}{"book":"01kz95b2zfpw5hbg01asksjnxd"}
[DEBUG Postgres.go JSON_MARSHAL] {"id":"01kz95b2xawhh0kb9xrdmg79f7"}
[DEBUG Postgres.go JSON_MARSHAL_RAW] map[string]interface {}{"id":"01kz95b2xawhh0kb9xrdmg79f7"}
[DEBUG Postgres.go JSON_MARSHAL] {"editor":"01kz95b2xawhh0kb9xrdmg79f7"}
[DEBUG Postgres.go JSON_MARSHAL_RAW] map[string]interface {}{"editor":"01kz95b2xawhh0kb9xrdmg79f7"}
[DEBUG Postgres.go JSON_MARSHAL] {"id":"01kz95b2txznfygarjd8s2zbvb"}
[DEBUG Postgres.go JSON_MARSHAL_RAW] map[string]interface {}{"id":"01kz95b2txznfygarjd8s2zbvb"}
[DEBUG Postgres.go JSON_MARSHAL] {"author":"01kz95b2txznfygarjd8s2zbvb"}
[DEBUG Postgres.go JSON_MARSHAL_RAW] map[string]interface {}{"author":"01kz95b2txznfygarjd8s2zbvb"}
[DEBUG Postgres.go SQL] Query: SELECT n::text, id::text, type::text, payload::text, meta::text, CAST(EXTRACT(EPOCH FROM at) * 1000 AS float8)::text AS at FROM events WHERE ((((type = $1 AND payload @> $2::jsonb) OR (type = $3 AND payload @> $4::jsonb)) OR ((type = $5 AND payload @> $6::jsonb) OR (type = $7 AND payload @> $8::jsonb))) OR ((type = $9 AND payload @> $10::jsonb) OR (type = $11 AND payload @> $12::jsonb))) ORDER BY events.n ASC
[DEBUG Postgres.go SQL] Params: []interface {}{"BookReferenced", "{\"id\":\"01kz95b2zfpw5hbg01asksjnxd\"}", "BookDereferenced", "{\"book\":\"01kz95b2zfpw5hbg01asksjnxd\"}", "EditorReferenced", "{\"id\":\"01kz95b2xawhh0kb9xrdmg79f7\"}", "EditorDereferenced", "{\"editor\":\"01kz95b2xawhh0kb9xrdmg79f7\"}", "AuthorReferenced", "{\"id\":\"01kz95b2txznfygarjd8s2zbvb\"}", "AuthorDereferenced", "{\"author\":\"01kz95b2txznfygarjd8s2zbvb\"}"}
[DEBUG Postgres.go SELECT] Col: n, Type: string, Value: 1
[DEBUG Postgres.go SELECT] Col: id, Type: string, Value: 01kz95b2x86z17bh6xah5sedkc
[DEBUG Postgres.go SELECT] Col: type, Type: string, Value: AuthorReferenced
[DEBUG Postgres.go SELECT] Col: payload, Type: string, Value: {"id": "01kz95b2txznfygarjd8s2zbvb", "name": "Zola", "portrait": null, "biography": "Blablah...", "legacyIds": []}
[DEBUG Postgres.go SELECT] Col: meta, Type: string, Value: {"trace": {"run": "01kz95b2ttb8x08xspzxv7abwg", "cause": null, "append": "01kz95b2x21am27z9yk8a5rrhf"}}
[DEBUG Postgres.go SELECT] Col: at, Type: string, Value: 1785940249511.407
[DEBUG Postgres.go SELECT] Col: n, Type: string, Value: 2
[DEBUG Postgres.go SELECT] Col: id, Type: string, Value: 01kz95b2y2nd39tnwx3gfb08t1
[DEBUG Postgres.go SELECT] Col: type, Type: string, Value: EditorReferenced
[DEBUG Postgres.go SELECT] Col: payload, Type: string, Value: {"id": "01kz95b2xawhh0kb9xrdmg79f7", "name": "Flammarion", "legacyBookIds": [1]}
[DEBUG Postgres.go SELECT] Col: meta, Type: string, Value: {"trace": {"run": "01kz95b2ttb8x08xspzxv7abwg", "cause": null, "append": "01kz95b2y1rpvx0atqtrxtawva"}}
[DEBUG Postgres.go SELECT] Col: at, Type: string, Value: 1785940249538.266
[DEBUG Postgres.go SQL] Query: SELECT pg_advisory_lock($1::bigint)
[DEBUG Postgres.go SQL] Params: []interface {}{"1785940249593811005"}
[DEBUG Postgres.go SELECT] Col: pg_advisory_lock, Type: string, Value: 
[DEBUG Postgres.go SQL] Query: 
        WITH collisions AS (
            SELECT lock_key as colliding_key FROM cco.append_intents
            WHERE (events @? $2::jsonpath) OR ($3::jsonb @? context)
        ),
        zombie_check AS (
            SELECT colliding_key, pg_try_advisory_lock(colliding_key) as is_zombie
            FROM collisions
        ),
        active_collisions AS (
            SELECT colliding_key FROM zombie_check WHERE NOT is_zombie
        ),
        cleanup_zombies AS (
            DELETE FROM cco.append_intents
            WHERE lock_key IN (SELECT colliding_key FROM zombie_check WHERE is_zombie)
        ),
        release_zombie_locks AS (
            SELECT pg_advisory_unlock(colliding_key)
            FROM zombie_check WHERE is_zombie
        ),
        insertion AS (
            INSERT INTO cco.append_intents (intent_id, lock_key, context, events)
            SELECT $1, $4::bigint, $2::jsonpath, $3::jsonb 
            WHERE (SELECT count(*) FROM active_collisions) < 1
            RETURNING true as inserted
        )
        SELECT COALESCE((SELECT inserted FROM insertion), false) as success
      
[DEBUG Postgres.go SQL] Params: []interface {}{"85e87d70-991f-4dee-b9d5-c120d4ebd453", "$ ? (((((@.type == \"BookReferenced\" && @.payload.id == \"01kz95b2zfpw5hbg01asksjnxd\") || (@.type == \"BookDereferenced\" && @.payload.book == \"01kz95b2zfpw5hbg01asksjnxd\")) || ((@.type == \"EditorReferenced\" && @.payload.id == \"01kz95b2xawhh0kb9xrdmg79f7\") || (@.type == \"EditorDereferenced\" && @.payload.editor == \"01kz95b2xawhh0kb9xrdmg79f7\"))) || ((@.type == \"AuthorReferenced\" && @.payload.id == \"01kz95b2txznfygarjd8s2zbvb\") || (@.type == \"AuthorDereferenced\" && @.payload.author == \"01kz95b2txznfygarjd8s2zbvb\"))))", "\"[{\\\"payload\\\":{\\\"authors\\\":[\\\"01kz95b2txznfygarjd8s2zbvb\\\"],\\\"cover\\\":null,\\\"editor\\\":\\\"01kz95b2xawhh0kb9xrdmg79f7\\\",\\\"id\\\":\\\"01kz95b2zfpw5hbg01asksjnxd\\\",\\\"legacyId\\\":null,\\\"name\\\":\\\"Germinal\\\",\\\"year\\\":{\\\"approximately\\\":false,\\\"year\\\":1885}},\\\"type\\\":\\\"BookReferenced\\\"}]\"", "1785940249593811005"}
[DEBUG Postgres.go SELECT] Col: success, Type: bool, Value: true
[DEBUG Postgres.go SQL] Query: BEGIN
[DEBUG Postgres.go SQL] Params: []interface {}{}
[DEBUG Postgres.go JSON_MARSHAL] {"id":"01kz95b2zfpw5hbg01asksjnxd"}
[DEBUG Postgres.go JSON_MARSHAL_RAW] map[string]interface {}{"id":"01kz95b2zfpw5hbg01asksjnxd"}
[DEBUG Postgres.go JSON_MARSHAL] {"book":"01kz95b2zfpw5hbg01asksjnxd"}
[DEBUG Postgres.go JSON_MARSHAL_RAW] map[string]interface {}{"book":"01kz95b2zfpw5hbg01asksjnxd"}
[DEBUG Postgres.go JSON_MARSHAL] {"id":"01kz95b2xawhh0kb9xrdmg79f7"}
[DEBUG Postgres.go JSON_MARSHAL_RAW] map[string]interface {}{"id":"01kz95b2xawhh0kb9xrdmg79f7"}
[DEBUG Postgres.go JSON_MARSHAL] {"editor":"01kz95b2xawhh0kb9xrdmg79f7"}
[DEBUG Postgres.go JSON_MARSHAL_RAW] map[string]interface {}{"editor":"01kz95b2xawhh0kb9xrdmg79f7"}
[DEBUG Postgres.go JSON_MARSHAL] {"id":"01kz95b2txznfygarjd8s2zbvb"}
[DEBUG Postgres.go JSON_MARSHAL_RAW] map[string]interface {}{"id":"01kz95b2txznfygarjd8s2zbvb"}
[DEBUG Postgres.go JSON_MARSHAL] {"author":"01kz95b2txznfygarjd8s2zbvb"}
[DEBUG Postgres.go JSON_MARSHAL_RAW] map[string]interface {}{"author":"01kz95b2txznfygarjd8s2zbvb"}
[DEBUG Postgres.go SQL] Query: 
            WITH context AS (SELECT MAX(n) as max_seq FROM events WHERE ((((type = $1 AND payload @> $2::jsonb) OR (type = $3 AND payload @> $4::jsonb)) OR ((type = $5 AND payload @> $6::jsonb) OR (type = $7 AND payload @> $8::jsonb))) OR ((type = $9 AND payload @> $10::jsonb) OR (type = $11 AND payload @> $12::jsonb))))
              , registry_cross_check AS (
                  SELECT count(*) as cnt 
                  FROM cco.append_intents other
                  JOIN cco.append_intents me ON me.intent_id = $13
                  WHERE ((other.events @? $14::jsonpath) OR ($15::jsonb @? other.context))
                    AND other.intent_id != $13
                    AND other.lock_key < me.lock_key
              )
            INSERT INTO events (type, payload, meta, at)
            SELECT unnest($16::text[]), unnest($17::jsonb[]), unnest($18::jsonb[]), NOW() AT TIME ZONE 'UTC'
            FROM context
            WHERE COALESCE(max_seq, 0) = 2
             AND (SELECT cnt FROM registry_cross_check) = 0
            RETURNING n::text, id::text, type::text, payload::text, meta::text, CAST(EXTRACT(EPOCH FROM at) * 1000 AS float8)::text AS at
            
[DEBUG Postgres.go SQL] Params: []interface {}{"BookReferenced", "{\"id\":\"01kz95b2zfpw5hbg01asksjnxd\"}", "BookDereferenced", "{\"book\":\"01kz95b2zfpw5hbg01asksjnxd\"}", "EditorReferenced", "{\"id\":\"01kz95b2xawhh0kb9xrdmg79f7\"}", "EditorDereferenced", "{\"editor\":\"01kz95b2xawhh0kb9xrdmg79f7\"}", "AuthorReferenced", "{\"id\":\"01kz95b2txznfygarjd8s2zbvb\"}", "AuthorDereferenced", "{\"author\":\"01kz95b2txznfygarjd8s2zbvb\"}", "85e87d70-991f-4dee-b9d5-c120d4ebd453", "$ ? (((((@.type == \"BookReferenced\" && @.payload.id == \"01kz95b2zfpw5hbg01asksjnxd\") || (@.type == \"BookDereferenced\" && @.payload.book == \"01kz95b2zfpw5hbg01asksjnxd\")) || ((@.type == \"EditorReferenced\" && @.payload.id == \"01kz95b2xawhh0kb9xrdmg79f7\") || (@.type == \"EditorDereferenced\" && @.payload.editor == \"01kz95b2xawhh0kb9xrdmg79f7\"))) || ((@.type == \"AuthorReferenced\" && @.payload.id == \"01kz95b2txznfygarjd8s2zbvb\") || (@.type == \"AuthorDereferenced\" && @.payload.author == \"01kz95b2txznfygarjd8s2zbvb\"))))", "[{\"payload\":{\"authors\":[\"01kz95b2txznfygarjd8s2zbvb\"],\"cover\":null,\"editor\":\"01kz95b2xawhh0kb9xrdmg79f7\",\"id\":\"01kz95b2zfpw5hbg01asksjnxd\",\"legacyId\":null,\"name\":\"Germinal\",\"year\":{\"approximately\":false,\"year\":1885}},\"type\":\"BookReferenced\"}]", []interface {}{"BookReferenced"}, []interface {}{map[string]interface {}{"authors":[]interface {}{"01kz95b2txznfygarjd8s2zbvb"}, "cover":interface {}(nil), "editor":"01kz95b2xawhh0kb9xrdmg79f7", "id":"01kz95b2zfpw5hbg01asksjnxd", "legacyId":interface {}(nil), "name":"Germinal", "year":map[string]interface {}{"approximately":false, "year":1885}}}, []interface {}{map[string]interface {}{"trace":map[string]interface {}{"append":"01kz95b2zsxp2fmn0gd2q0dm46", "cause":interface {}(nil), "run":"01kz95b2ttb8x08xspzxv7abwg"}}}}
[DEBUG Postgres.go SELECT] Col: n, Type: string, Value: 5
[DEBUG Postgres.go SELECT] Col: id, Type: string, Value: 01kz95b2zttfy23jtqtmgj00y5
[DEBUG Postgres.go SELECT] Col: type, Type: string, Value: BookReferenced
[DEBUG Postgres.go SELECT] Col: payload, Type: string, Value: {"id": "01kz95b2zfpw5hbg01asksjnxd", "name": "Germinal", "year": {"year": 1885, "approximately": false}, "cover": null, "editor": "01kz95b2xawhh0kb9xrdmg79f7", "authors": ["01kz95b2txznfygarjd8s2zbvb"], "legacyId": null}
[DEBUG Postgres.go SELECT] Col: meta, Type: string, Value: {"trace": {"run": "01kz95b2ttb8x08xspzxv7abwg", "cause": null, "append": "01kz95b2zsxp2fmn0gd2q0dm46"}}
[DEBUG Postgres.go SELECT] Col: at, Type: string, Value: 1785940249593.988
[DEBUG Postgres.go SQL] Query: DELETE FROM cco.append_intents WHERE intent_id = $1
[DEBUG Postgres.go SQL] Params: []interface {}{"85e87d70-991f-4dee-b9d5-c120d4ebd453"}
[DEBUG Postgres.go SQL] Query: SELECT pg_advisory_unlock($1::bigint)
[DEBUG Postgres.go SQL] Params: []interface {}{"1785940249593811005"}
[DEBUG Postgres.go SELECT] Col: pg_advisory_unlock, Type: bool, Value: true
[DEBUG Postgres.go SQL] Query: COMMIT
[DEBUG Postgres.go SQL] Params: []interface {}{}
[DEBUG Postgres.go SQL] Query: SELECT pg_advisory_unlock_all()
[DEBUG Postgres.go SQL] Params: []interface {}{}
[DEBUG Postgres.go SELECT] Col: pg_advisory_unlock_all, Type: string, Value: 
[TEST] GERMINAL ID: 01kz95b2zfpw5hbg01asksjnxd
[DEBUG Postgres.go SQL execute] Query: 
      CREATE SCHEMA IF NOT EXISTS "proj_write_article";
      CREATE TABLE IF NOT EXISTS "proj_write_article"._meta (
        singleton BOOLEAN PRIMARY KEY DEFAULT TRUE CHECK (singleton),
        checkpoint BIGINT NOT NULL,
        state VARCHAR NOT NULL,
        created_at TIMESTAMP NOT NULL DEFAULT (NOW() AT TIME ZONE 'UTC'),
        updated_at TIMESTAMP NOT NULL DEFAULT (NOW() AT TIME ZONE 'UTC'),
        updated_model_at TIMESTAMP NOT NULL DEFAULT (NOW() AT TIME ZONE 'UTC')
      );
      
[DEBUG Postgres.go SQL execute] Params: []interface {}{}
[DEBUG Postgres.go SQL] Query: SELECT checkpoint::varchar FROM "proj_write_article"._meta WHERE singleton = TRUE
[DEBUG Postgres.go SQL] Params: []interface {}{}
[DEBUG Postgres.go JSON_MARSHAL] {"type":"Running","value":null}
[DEBUG Postgres.go JSON_MARSHAL_RAW] map[string]interface {}{"type":"Running", "value":interface {}(nil)}
[DEBUG Postgres.go SQL] Query: INSERT INTO "proj_write_article"._meta (checkpoint, state) VALUES (0, $1) ON CONFLICT (singleton) DO NOTHING
[DEBUG Postgres.go SQL] Params: []interface {}{"{\"type\":\"Running\",\"value\":null}"}
[DEBUG Postgres.go SQL] Query: 
        WITH horizon AS (SELECT pg_snapshot_xmin(pg_current_snapshot())::text::bigint as min_xact)
        SELECT n::text, id::text, type::text, payload::text, meta::text, CAST(EXTRACT(EPOCH FROM at) * 1000 AS float8)::text AS at 
        FROM events, horizon 
        WHERE 
        n >= $1 AND (xact < horizon.min_xact OR at < NOW() - INTERVAL '1 minute')
ORDER BY events.n ASC
[DEBUG Postgres.go SQL] Params: []interface {}{"0"}
[DEBUG Postgres.go SELECT] Col: n, Type: string, Value: 1
[DEBUG Postgres.go SELECT] Col: id, Type: string, Value: 01kz95b2x86z17bh6xah5sedkc
[DEBUG Postgres.go SELECT] Col: type, Type: string, Value: AuthorReferenced
[DEBUG Postgres.go SELECT] Col: payload, Type: string, Value: {"id": "01kz95b2txznfygarjd8s2zbvb", "name": "Zola", "portrait": null, "biography": "Blablah...", "legacyIds": []}
[DEBUG Postgres.go SELECT] Col: meta, Type: string, Value: {"trace": {"run": "01kz95b2ttb8x08xspzxv7abwg", "cause": null, "append": "01kz95b2x21am27z9yk8a5rrhf"}}
[DEBUG Postgres.go SELECT] Col: at, Type: string, Value: 1785940249511.407
[DEBUG Postgres.go SELECT] Col: n, Type: string, Value: 2
[DEBUG Postgres.go SELECT] Col: id, Type: string, Value: 01kz95b2y2nd39tnwx3gfb08t1
[DEBUG Postgres.go SELECT] Col: type, Type: string, Value: EditorReferenced
[DEBUG Postgres.go SELECT] Col: payload, Type: string, Value: {"id": "01kz95b2xawhh0kb9xrdmg79f7", "name": "Flammarion", "legacyBookIds": [1]}
[DEBUG Postgres.go SELECT] Col: meta, Type: string, Value: {"trace": {"run": "01kz95b2ttb8x08xspzxv7abwg", "cause": null, "append": "01kz95b2y1rpvx0atqtrxtawva"}}
[DEBUG Postgres.go SELECT] Col: at, Type: string, Value: 1785940249538.266
[DEBUG Postgres.go SELECT] Col: n, Type: string, Value: 3
[DEBUG Postgres.go SELECT] Col: id, Type: string, Value: 01kz95b2z009nvqk2mmd7jr0k6
[DEBUG Postgres.go SELECT] Col: type, Type: string, Value: BookReferenced
[DEBUG Postgres.go SELECT] Col: payload, Type: string, Value: {"id": "01kz95b2y4fgamndhbdykm6cf8", "name": "Harry Potter et la Chambre des Secrets", "year": {"year": 1998, "approximately": false}, "cover": {"src": "path/to/a1b2c3d4e5f6g7h8.png", "hash": "a1b2c3d4e5f6g7h8", "size": 123456, "mimeType": "image/png", "dimensions": {"width": 800, "height": 600}}, "editor": "01kz95b2xawhh0kb9xrdmg79f7", "authors": ["01kz95b2txznfygarjd8s2zbvb"], "legacyId": null}
[DEBUG Postgres.go SELECT] Col: meta, Type: string, Value: {"trace": {"run": "01kz95b2ttb8x08xspzxv7abwg", "cause": null, "append": "01kz95b2yxpqf65jj3gahcjzcm"}}
[DEBUG Postgres.go SELECT] Col: at, Type: string, Value: 1785940249567.263
[DEBUG Postgres.go SELECT] Col: n, Type: string, Value: 4
[DEBUG Postgres.go SELECT] Col: id, Type: string, Value: 01kz95b2ze4ggsdvmnsejnd549
[DEBUG Postgres.go SELECT] Col: type, Type: string, Value: BookReferenced
[DEBUG Postgres.go SELECT] Col: payload, Type: string, Value: {"id": "01kz95b2z1w9y906ckjtm1st2x", "name": "Le Seigneur des Anneaux", "year": {"year": 1954, "approximately": false}, "cover": {"src": "path/to/a1b2c3d4e5f6g7h8.png", "hash": "a1b2c3d4e5f6g7h8", "size": 123456, "mimeType": "image/png", "dimensions": {"width": 800, "height": 600}}, "editor": "01kz95b2xawhh0kb9xrdmg79f7", "authors": ["01kz95b2txznfygarjd8s2zbvb"], "legacyId": null}
[DEBUG Postgres.go SELECT] Col: meta, Type: string, Value: {"trace": {"run": "01kz95b2ttb8x08xspzxv7abwg", "cause": null, "append": "01kz95b2zd7e2trby0cajhpg45"}}
[DEBUG Postgres.go SELECT] Col: at, Type: string, Value: 1785940249582.199
[DEBUG Postgres.go SELECT] Col: n, Type: string, Value: 5
[DEBUG Postgres.go SELECT] Col: id, Type: string, Value: 01kz95b2zttfy23jtqtmgj00y5
[DEBUG Postgres.go SELECT] Col: type, Type: string, Value: BookReferenced
[DEBUG Postgres.go SELECT] Col: payload, Type: string, Value: {"id": "01kz95b2zfpw5hbg01asksjnxd", "name": "Germinal", "year": {"year": 1885, "approximately": false}, "cover": null, "editor": "01kz95b2xawhh0kb9xrdmg79f7", "authors": ["01kz95b2txznfygarjd8s2zbvb"], "legacyId": null}
[DEBUG Postgres.go SELECT] Col: meta, Type: string, Value: {"trace": {"run": "01kz95b2ttb8x08xspzxv7abwg", "cause": null, "append": "01kz95b2zsxp2fmn0gd2q0dm46"}}
[DEBUG Postgres.go SELECT] Col: at, Type: string, Value: 1785940249593.988
[DEBUG Postgres.go SQL] Query: UPDATE "proj_write_article"._meta SET checkpoint = $1, updated_at = (NOW() AT TIME ZONE 'UTC') WHERE singleton = TRUE
[DEBUG Postgres.go SQL] Params: []interface {}{"5"}
[DEBUG Postgres.go SQL] Query: SELECT t.value FROM "proj_write_article"."write_article_articles" t WHERE (true AND value->>'slug' = $1) ORDER BY t.n DESC LIMIT $2
[DEBUG Postgres.go SQL] Params: []interface {}{"my-fantasy-article", "2"}
[DEBUG Postgres.go SQL execute] Query: 
      CREATE EXTENSION IF NOT EXISTS pg_trgm;
      CREATE EXTENSION IF NOT EXISTS rum;
      CREATE EXTENSION IF NOT EXISTS unaccent;

      CREATE SCHEMA IF NOT EXISTS fts;

      -- Centralized Text Normalization
      CREATE OR REPLACE FUNCTION fts.normalize(w text) RETURNS text AS $$
      BEGIN
          RETURN unaccent(lower(w));
      END;
      $$ LANGUAGE plpgsql IMMUTABLE;

      CREATE SCHEMA IF NOT EXISTS "proj_write_article";

      -- FTS Words Table
      CREATE TABLE IF NOT EXISTS "proj_write_article".fts_words (
          word TEXT PRIMARY KEY,
          doc_count INT DEFAULT 1
      );
      CREATE INDEX IF NOT EXISTS idx_proj_write_article_fts_words_trgm ON "proj_write_article".fts_words USING gin (word gin_trgm_ops);
      CREATE INDEX IF NOT EXISTS idx_proj_write_article_fts_words_doc_count ON "proj_write_article".fts_words (doc_count);

      -- FTS Word Couples Table
      CREATE TABLE IF NOT EXISTS "proj_write_article".fts_word_couples (
          concat_word TEXT PRIMARY KEY,
          separated_words TEXT,
          doc_count INT DEFAULT 1
      );
      CREATE INDEX IF NOT EXISTS idx_proj_write_article_fts_word_couples_trgm ON "proj_write_article".fts_word_couples USING gin (concat_word gin_trgm_ops);
      CREATE INDEX IF NOT EXISTS idx_proj_write_article_fts_word_couples_doc_count ON "proj_write_article".fts_word_couples (doc_count);

      -- FTS Dictionary Candidates Extraction
      CREATE OR REPLACE FUNCTION fts.find_candidates(schema_name text, w text) RETURNS text[] AS $$
      DECLARE
          candidates text[];
          w_arr text[];
      BEGIN
          IF length(w) < 4 THEN
              RETURN ARRAY[w];
          END IF;
          
          IF length(w) < 6 THEN
              PERFORM set_config('pg_trgm.similarity_threshold', '0.20', true);
          ELSIF length(w) < 8 THEN
              PERFORM set_config('pg_trgm.similarity_threshold', '0.25', true);
          ELSE
              PERFORM set_config('pg_trgm.similarity_threshold', '0.35', true);
          END IF;

          w_arr := string_to_array(w, NULL);

          EXECUTE format('
              SELECT array_agg(ranked.word) FROM (
                  SELECT sub.word 
                  FROM (
                      SELECT d.word, 
                             d.doc_count,
                             (SELECT count(*) FROM (SELECT unnest($2) INTERSECT SELECT unnest(string_to_array(d.word, NULL))) x)::float AS overlap,
                             (SELECT count(DISTINCT x) FROM unnest(string_to_array(d.word, NULL)) AS t(x))::float AS unique_len
                      FROM %I.fts_words d 
                      WHERE d.word %% $1
                  ) sub
                  WHERE abs(sub.unique_len - (SELECT count(DISTINCT x) FROM unnest($2) AS t(x))::float) <= 2.0
                    AND abs(length(sub.word) - length($1)) <= 2
                  ORDER BY 
                      (sub.word LIKE $1 || ''%%'') DESC,
                      (left(sub.word, 1) = left($1, 1) OR (length($1) >= 2 AND left(sub.word, 2) = substring($1 from 2 for 1) || left($1, 1))) DESC,
                      sub.overlap DESC,
                      (sub.overlap / GREATEST(sub.unique_len, 1.0)) DESC,
                      similarity(sub.word, $1) DESC,
                      sub.doc_count DESC
                  LIMIT 8
              ) ranked;
          ', schema_name) INTO candidates USING w, w_arr;

          RETURN coalesce(candidates, ARRAY[]::text[]);
      END;
      $$ LANGUAGE plpgsql STABLE;

      -- FTS Dictionary Query Expansion
      CREATE OR REPLACE FUNCTION fts.expand_query(schema_name text, search_query text, quick_nothing_better_than_slower_something boolean DEFAULT false) RETURNS tsquery AS $$
      DECLARE
          words text[];
          clauses text[] := ARRAY[]::text[];
          candidates text[];
          w text;
          best_couple text;
          single_clause text;
          couple_clause text;
          expanded text;
          word_exists boolean;
      BEGIN
          search_query := regexp_replace(search_query, '[[:punct:]]', ' ', 'g');
          words := regexp_split_to_array(trim(search_query), '\s+');
          IF array_length(words, 1) IS NULL THEN
              RETURN websearch_to_tsquery('french'::regconfig, search_query);
          END IF;

          FOR i IN 1..array_length(words, 1) LOOP
              w := words[i];
              IF w = '' THEN CONTINUE; END IF;
              
              w := fts.normalize(w);
              
              IF w IN ('a', 'afin', 'ai', 'aie', 'aient', 'aies', 'ainsi', 'ait', 'apres', 'as', 'attendu', 'au', 'aujourd', 'auquel', 'aura', 'aurai', 'auraient', 'aurais', 'aurait', 'auras', 'aurez', 'auriez', 'aurions', 'aurons', 'auront', 'aussi', 'autre', 'autres', 'aux', 'auxquelles', 'auxquels', 'avaient', 'avais', 'avait', 'avant', 'avec', 'avez', 'aviez', 'avions', 'avoir', 'avons', 'ayant', 'ayante', 'ayantes', 'ayants', 'ayez', 'ayons', 'c', 'ca', 'car', 'ce', 'ceci', 'cela', 'celle', 'celles', 'celui', 'cependant', 'certain', 'certaine', 'certaines', 'certains', 'ces', 'cet', 'cette', 'ceux', 'chez', 'ci', 'combien', 'comme', 'comment', 'compris', 'concernant', 'contre', 'd', 'dans', 'de', 'debout', 'dedans', 'dehors', 'dela', 'depuis', 'derriere', 'des', 'desormais', 'desquelles', 'desquels', 'dessous', 'dessus', 'devant', 'devers', 'devra', 'divers', 'diverse', 'diverses', 'doit', 'donc', 'dont', 'du', 'duquel', 'durant', 'elle', 'elles', 'en', 'entre', 'environ', 'es', 'est', 'et', 'etaient', 'etais', 'etait', 'etant', 'etante', 'etantes', 'etants', 'etat', 'etc', 'ete', 'etee', 'etees', 'etes', 'etiez', 'etions', 'etre', 'eu', 'eue', 'eues', 'euh', 'eumes', 'eurent', 'eus', 'eusse', 'eussent', 'eusses', 'eussiez', 'eussions', 'eut', 'eutes', 'eux', 'excepte', 'fumes', 'furent', 'fus', 'fusse', 'fussent', 'fusses', 'fussiez', 'fussions', 'fut', 'futes', 'helas', 'hormis', 'hors', 'hui', 'il', 'ils', 'j', 'je', 'jusqu', 'jusque', 'l', 'la', 'laquelle', 'le', 'lequel', 'les', 'lesquelles', 'lesquels', 'leur', 'leurs', 'lorsque', 'lui', 'm', 'ma', 'mais', 'malgre', 'me', 'meme', 'memes', 'merci', 'mes', 'mien', 'mienne', 'miennes', 'miens', 'moi', 'moins', 'mon', 'moyennant', 'n', 'ne', 'neanmoins', 'ni', 'non', 'nos', 'notre', 'notres', 'nous', 'on', 'ont', 'ou', 'outre', 'par', 'parmi', 'partant', 'pas', 'passe', 'pendant', 'plein', 'plus', 'plusieurs', 'pour', 'pourquoi', 'pres', 'proche', 'puisque', 'qu', 'quand', 'que', 'quel', 'quelle', 'quelles', 'quels', 'qui', 'quoi', 'quoique', 'revoici', 'revoila', 's', 'sa', 'sans', 'sauf', 'se', 'sera', 'serai', 'seraient', 'serais', 'serait', 'seras', 'serez', 'seriez', 'serions', 'serons', 'seront', 'ses', 'si', 'sien', 'sienne', 'siennes', 'siens', 'sinon', 'soi', 'soient', 'sois', 'soit', 'sommes', 'son', 'sont', 'sous', 'soyez', 'soyons', 'suis', 'suite', 'sur', 't', 'ta', 'te', 'tel', 'telle', 'telles', 'tels', 'tes', 'tien', 'tienne', 'tiennes', 'tiens', 'toi', 'ton', 'tous', 'tout', 'toute', 'toutes', 'tu', 'un', 'une', 'unes', 'uns', 'voici', 'voila', 'vos', 'votre', 'votres', 'vous', 'vu', 'y') OR length(to_tsvector('french'::regconfig, w)) = 0 THEN
                  CONTINUE;
              END IF;
              
              -- 1. Single word candidates
              EXECUTE format('SELECT EXISTS(SELECT 1 FROM %I.fts_words WHERE word = $1)', schema_name) INTO word_exists USING w;
              IF word_exists THEN
                  candidates := ARRAY[w];
              ELSE
                  candidates := fts.find_candidates(schema_name, w);
              END IF;
              
              single_clause := '';
              IF array_length(candidates, 1) > 0 THEN
                  single_clause := '(' || array_to_string(candidates, ' | ') || ')';
              ELSE
                  single_clause := w;
              END IF;

              -- 2. Word couple candidates
              couple_clause := '';
              -- Why not "AND NOT word_exists"? Consider "socio-économique" and "socioéconomique" (both are correct)
              IF NOT quick_nothing_better_than_slower_something AND length(w) >= 6 THEN
                  PERFORM set_config('pg_trgm.similarity_threshold', '0.33', true);
                  
                  EXECUTE format('
                      SELECT separated_words 
                      FROM %I.fts_word_couples 
                      WHERE concat_word %% $1
                        AND abs(length(concat_word) - length($1)) <= 1
                      ORDER BY similarity(concat_word, $1) DESC, doc_count DESC 
                      LIMIT 1
                  ', schema_name) INTO best_couple USING w;
                  
                  IF best_couple IS NOT NULL THEN
                      couple_clause := '(' || replace(best_couple, ' ', ' & ') || ')';
                  END IF;
              END IF;

              -- 3. Combine clauses
              IF couple_clause <> '' THEN
                  clauses := array_append(clauses, '(' || single_clause || ' | ' || couple_clause || ')');
              ELSE
                  clauses := array_append(clauses, single_clause);
              END IF;
          END LOOP;

          IF array_length(clauses, 1) IS NULL THEN
              RETURN websearch_to_tsquery('french'::regconfig, search_query);
          END IF;

          IF quick_nothing_better_than_slower_something THEN
              expanded := array_to_string(clauses, ' & ');
          ELSE
              expanded := array_to_string(clauses, ' | ');
          END IF;

          BEGIN
              RETURN to_tsquery('french'::regconfig, expanded);
          EXCEPTION WHEN OTHERS THEN
              RETURN websearch_to_tsquery('french'::regconfig, search_query);
          END;
      END;
      $$ LANGUAGE plpgsql STABLE;
      
      CREATE TABLE IF NOT EXISTS "proj_write_article"."write_article_articles" (
        n BIGSERIAL PRIMARY KEY,
        key VARCHAR NOT NULL,
        key_aliases TEXT[] NOT NULL DEFAULT '{}',
        value JSONB NOT NULL,
        updated_at TIMESTAMP NOT NULL DEFAULT (NOW() AT TIME ZONE 'UTC')
      );

      CREATE UNIQUE INDEX IF NOT EXISTS idx_proj_write_article_write_article_articles_key ON "proj_write_article"."write_article_articles" (key);
      CREATE INDEX IF NOT EXISTS idx_proj_write_article_write_article_articles_key_aliases ON "proj_write_article"."write_article_articles" USING gin(key_aliases);
      CREATE INDEX IF NOT EXISTS idx_proj_write_article_write_article_articles_value ON "proj_write_article"."write_article_articles" USING gin(value);
      
CREATE INDEX IF NOT EXISTS idx_proj_write_article_write_article_articles_value_id ON "proj_write_article"."write_article_articles" ((value->>'id'));
CREATE INDEX IF NOT EXISTS idx_proj_write_article_write_article_articles_value_id_jsonb ON "proj_write_article"."write_article_articles" ((value->'id'));
CREATE INDEX IF NOT EXISTS idx_proj_write_article_write_article_articles_value_slug ON "proj_write_article"."write_article_articles" ((value->>'slug'));
CREATE INDEX IF NOT EXISTS idx_proj_write_article_write_article_articles_value_slug_jsonb ON "proj_write_article"."write_article_articles" ((value->'slug'));

[DEBUG Postgres.go SQL execute] Params: []interface {}{}
[DEBUG Postgres.go SQL] Query: SELECT t.value FROM "proj_write_article"."write_article_articles" t WHERE (true AND value->>'slug' = $1) ORDER BY t.n DESC LIMIT $2
[DEBUG Postgres.go SQL] Params: []interface {}{"my-fantasy-article", "2"}
[DEBUG Postgres.go SQL execute] Query: 
      CREATE SCHEMA IF NOT EXISTS "proj_verify_article_slug_uniqueness";
      CREATE TABLE IF NOT EXISTS "proj_verify_article_slug_uniqueness"._meta (
        singleton BOOLEAN PRIMARY KEY DEFAULT TRUE CHECK (singleton),
        checkpoint BIGINT NOT NULL,
        state VARCHAR NOT NULL,
        created_at TIMESTAMP NOT NULL DEFAULT (NOW() AT TIME ZONE 'UTC'),
        updated_at TIMESTAMP NOT NULL DEFAULT (NOW() AT TIME ZONE 'UTC'),
        updated_model_at TIMESTAMP NOT NULL DEFAULT (NOW() AT TIME ZONE 'UTC')
      );
      
[DEBUG Postgres.go SQL execute] Params: []interface {}{}
[DEBUG Postgres.go SQL] Query: SELECT checkpoint::varchar FROM "proj_verify_article_slug_uniqueness"._meta WHERE singleton = TRUE
[DEBUG Postgres.go SQL] Params: []interface {}{}
[DEBUG Postgres.go JSON_MARSHAL] {"type":"Running","value":null}
[DEBUG Postgres.go JSON_MARSHAL_RAW] map[string]interface {}{"type":"Running", "value":interface {}(nil)}
[DEBUG Postgres.go SQL] Query: INSERT INTO "proj_verify_article_slug_uniqueness"._meta (checkpoint, state) VALUES (0, $1) ON CONFLICT (singleton) DO NOTHING
[DEBUG Postgres.go SQL] Params: []interface {}{"{\"type\":\"Running\",\"value\":null}"}
[DEBUG Postgres.go SQL] Query: 
        WITH horizon AS (SELECT pg_snapshot_xmin(pg_current_snapshot())::text::bigint as min_xact)
        SELECT n::text, id::text, type::text, payload::text, meta::text, CAST(EXTRACT(EPOCH FROM at) * 1000 AS float8)::text AS at 
        FROM events, horizon 
        WHERE 
        n >= $1 AND (xact < horizon.min_xact OR at < NOW() - INTERVAL '1 minute')
ORDER BY events.n ASC
[DEBUG Postgres.go SQL] Params: []interface {}{"0"}
[DEBUG Postgres.go SELECT] Col: n, Type: string, Value: 1
[DEBUG Postgres.go SELECT] Col: id, Type: string, Value: 01kz95b2x86z17bh6xah5sedkc
[DEBUG Postgres.go SELECT] Col: type, Type: string, Value: AuthorReferenced
[DEBUG Postgres.go SELECT] Col: payload, Type: string, Value: {"id": "01kz95b2txznfygarjd8s2zbvb", "name": "Zola", "portrait": null, "biography": "Blablah...", "legacyIds": []}
[DEBUG Postgres.go SELECT] Col: meta, Type: string, Value: {"trace": {"run": "01kz95b2ttb8x08xspzxv7abwg", "cause": null, "append": "01kz95b2x21am27z9yk8a5rrhf"}}
[DEBUG Postgres.go SELECT] Col: at, Type: string, Value: 1785940249511.407
[DEBUG Postgres.go SELECT] Col: n, Type: string, Value: 2
[DEBUG Postgres.go SELECT] Col: id, Type: string, Value: 01kz95b2y2nd39tnwx3gfb08t1
[DEBUG Postgres.go SELECT] Col: type, Type: string, Value: EditorReferenced
[DEBUG Postgres.go SELECT] Col: payload, Type: string, Value: {"id": "01kz95b2xawhh0kb9xrdmg79f7", "name": "Flammarion", "legacyBookIds": [1]}
[DEBUG Postgres.go SELECT] Col: meta, Type: string, Value: {"trace": {"run": "01kz95b2ttb8x08xspzxv7abwg", "cause": null, "append": "01kz95b2y1rpvx0atqtrxtawva"}}
[DEBUG Postgres.go SELECT] Col: at, Type: string, Value: 1785940249538.266
[DEBUG Postgres.go SELECT] Col: n, Type: string, Value: 3
[DEBUG Postgres.go SELECT] Col: id, Type: string, Value: 01kz95b2z009nvqk2mmd7jr0k6
[DEBUG Postgres.go SELECT] Col: type, Type: string, Value: BookReferenced
[DEBUG Postgres.go SELECT] Col: payload, Type: string, Value: {"id": "01kz95b2y4fgamndhbdykm6cf8", "name": "Harry Potter et la Chambre des Secrets", "year": {"year": 1998, "approximately": false}, "cover": {"src": "path/to/a1b2c3d4e5f6g7h8.png", "hash": "a1b2c3d4e5f6g7h8", "size": 123456, "mimeType": "image/png", "dimensions": {"width": 800, "height": 600}}, "editor": "01kz95b2xawhh0kb9xrdmg79f7", "authors": ["01kz95b2txznfygarjd8s2zbvb"], "legacyId": null}
[DEBUG Postgres.go SELECT] Col: meta, Type: string, Value: {"trace": {"run": "01kz95b2ttb8x08xspzxv7abwg", "cause": null, "append": "01kz95b2yxpqf65jj3gahcjzcm"}}
[DEBUG Postgres.go SELECT] Col: at, Type: string, Value: 1785940249567.263
[DEBUG Postgres.go SELECT] Col: n, Type: string, Value: 4
[DEBUG Postgres.go SELECT] Col: id, Type: string, Value: 01kz95b2ze4ggsdvmnsejnd549
[DEBUG Postgres.go SELECT] Col: type, Type: string, Value: BookReferenced
[DEBUG Postgres.go SELECT] Col: payload, Type: string, Value: {"id": "01kz95b2z1w9y906ckjtm1st2x", "name": "Le Seigneur des Anneaux", "year": {"year": 1954, "approximately": false}, "cover": {"src": "path/to/a1b2c3d4e5f6g7h8.png", "hash": "a1b2c3d4e5f6g7h8", "size": 123456, "mimeType": "image/png", "dimensions": {"width": 800, "height": 600}}, "editor": "01kz95b2xawhh0kb9xrdmg79f7", "authors": ["01kz95b2txznfygarjd8s2zbvb"], "legacyId": null}
[DEBUG Postgres.go SELECT] Col: meta, Type: string, Value: {"trace": {"run": "01kz95b2ttb8x08xspzxv7abwg", "cause": null, "append": "01kz95b2zd7e2trby0cajhpg45"}}
[DEBUG Postgres.go SELECT] Col: at, Type: string, Value: 1785940249582.199
[DEBUG Postgres.go SELECT] Col: n, Type: string, Value: 5
[DEBUG Postgres.go SELECT] Col: id, Type: string, Value: 01kz95b2zttfy23jtqtmgj00y5
[DEBUG Postgres.go SELECT] Col: type, Type: string, Value: BookReferenced
[DEBUG Postgres.go SELECT] Col: payload, Type: string, Value: {"id": "01kz95b2zfpw5hbg01asksjnxd", "name": "Germinal", "year": {"year": 1885, "approximately": false}, "cover": null, "editor": "01kz95b2xawhh0kb9xrdmg79f7", "authors": ["01kz95b2txznfygarjd8s2zbvb"], "legacyId": null}
[DEBUG Postgres.go SELECT] Col: meta, Type: string, Value: {"trace": {"run": "01kz95b2ttb8x08xspzxv7abwg", "cause": null, "append": "01kz95b2zsxp2fmn0gd2q0dm46"}}
[DEBUG Postgres.go SELECT] Col: at, Type: string, Value: 1785940249593.988
[DEBUG Postgres.go SQL] Query: UPDATE "proj_verify_article_slug_uniqueness"._meta SET checkpoint = $1, updated_at = (NOW() AT TIME ZONE 'UTC') WHERE singleton = TRUE
[DEBUG Postgres.go SQL] Params: []interface {}{"5"}
[DEBUG Postgres.go SQL] Query: SELECT t.value FROM "proj_verify_article_slug_uniqueness"."verify_article_slug_uniqueness_articles" t WHERE (true AND value->>'slug' = $1) ORDER BY t.n DESC LIMIT $2
[DEBUG Postgres.go SQL] Params: []interface {}{"my-fantasy-article", "2"}
[DEBUG Postgres.go SQL execute] Query: 
      CREATE EXTENSION IF NOT EXISTS pg_trgm;
      CREATE EXTENSION IF NOT EXISTS rum;
      CREATE EXTENSION IF NOT EXISTS unaccent;

      CREATE SCHEMA IF NOT EXISTS fts;

      -- Centralized Text Normalization
      CREATE OR REPLACE FUNCTION fts.normalize(w text) RETURNS text AS $$
      BEGIN
          RETURN unaccent(lower(w));
      END;
      $$ LANGUAGE plpgsql IMMUTABLE;

      CREATE SCHEMA IF NOT EXISTS "proj_verify_article_slug_uniqueness";

      -- FTS Words Table
      CREATE TABLE IF NOT EXISTS "proj_verify_article_slug_uniqueness".fts_words (
          word TEXT PRIMARY KEY,
          doc_count INT DEFAULT 1
      );
      CREATE INDEX IF NOT EXISTS idx_proj_verify_article_slug_uniqueness_fts_words_trgm ON "proj_verify_article_slug_uniqueness".fts_words USING gin (word gin_trgm_ops);
      CREATE INDEX IF NOT EXISTS idx_proj_verify_article_slug_uniqueness_fts_words_doc_count ON "proj_verify_article_slug_uniqueness".fts_words (doc_count);

      -- FTS Word Couples Table
      CREATE TABLE IF NOT EXISTS "proj_verify_article_slug_uniqueness".fts_word_couples (
          concat_word TEXT PRIMARY KEY,
          separated_words TEXT,
          doc_count INT DEFAULT 1
      );
      CREATE INDEX IF NOT EXISTS idx_proj_verify_article_slug_uniqueness_fts_word_couples_trgm ON "proj_verify_article_slug_uniqueness".fts_word_couples USING gin (concat_word gin_trgm_ops);
      CREATE INDEX IF NOT EXISTS idx_proj_verify_article_slug_uniqueness_fts_word_couples_doc_count ON "proj_verify_article_slug_uniqueness".fts_word_couples (doc_count);

      -- FTS Dictionary Candidates Extraction
      CREATE OR REPLACE FUNCTION fts.find_candidates(schema_name text, w text) RETURNS text[] AS $$
      DECLARE
          candidates text[];
          w_arr text[];
      BEGIN
          IF length(w) < 4 THEN
              RETURN ARRAY[w];
          END IF;
          
          IF length(w) < 6 THEN
              PERFORM set_config('pg_trgm.similarity_threshold', '0.20', true);
          ELSIF length(w) < 8 THEN
              PERFORM set_config('pg_trgm.similarity_threshold', '0.25', true);
          ELSE
              PERFORM set_config('pg_trgm.similarity_threshold', '0.35', true);
          END IF;

          w_arr := string_to_array(w, NULL);

          EXECUTE format('
              SELECT array_agg(ranked.word) FROM (
                  SELECT sub.word 
                  FROM (
                      SELECT d.word, 
                             d.doc_count,
                             (SELECT count(*) FROM (SELECT unnest($2) INTERSECT SELECT unnest(string_to_array(d.word, NULL))) x)::float AS overlap,
                             (SELECT count(DISTINCT x) FROM unnest(string_to_array(d.word, NULL)) AS t(x))::float AS unique_len
                      FROM %I.fts_words d 
                      WHERE d.word %% $1
                  ) sub
                  WHERE abs(sub.unique_len - (SELECT count(DISTINCT x) FROM unnest($2) AS t(x))::float) <= 2.0
                    AND abs(length(sub.word) - length($1)) <= 2
                  ORDER BY 
                      (sub.word LIKE $1 || ''%%'') DESC,
                      (left(sub.word, 1) = left($1, 1) OR (length($1) >= 2 AND left(sub.word, 2) = substring($1 from 2 for 1) || left($1, 1))) DESC,
                      sub.overlap DESC,
                      (sub.overlap / GREATEST(sub.unique_len, 1.0)) DESC,
                      similarity(sub.word, $1) DESC,
                      sub.doc_count DESC
                  LIMIT 8
              ) ranked;
          ', schema_name) INTO candidates USING w, w_arr;

          RETURN coalesce(candidates, ARRAY[]::text[]);
      END;
      $$ LANGUAGE plpgsql STABLE;

      -- FTS Dictionary Query Expansion
      CREATE OR REPLACE FUNCTION fts.expand_query(schema_name text, search_query text, quick_nothing_better_than_slower_something boolean DEFAULT false) RETURNS tsquery AS $$
      DECLARE
          words text[];
          clauses text[] := ARRAY[]::text[];
          candidates text[];
          w text;
          best_couple text;
          single_clause text;
          couple_clause text;
          expanded text;
          word_exists boolean;
      BEGIN
          search_query := regexp_replace(search_query, '[[:punct:]]', ' ', 'g');
          words := regexp_split_to_array(trim(search_query), '\s+');
          IF array_length(words, 1) IS NULL THEN
              RETURN websearch_to_tsquery('french'::regconfig, search_query);
          END IF;

          FOR i IN 1..array_length(words, 1) LOOP
              w := words[i];
              IF w = '' THEN CONTINUE; END IF;
              
              w := fts.normalize(w);
              
              IF w IN ('a', 'afin', 'ai', 'aie', 'aient', 'aies', 'ainsi', 'ait', 'apres', 'as', 'attendu', 'au', 'aujourd', 'auquel', 'aura', 'aurai', 'auraient', 'aurais', 'aurait', 'auras', 'aurez', 'auriez', 'aurions', 'aurons', 'auront', 'aussi', 'autre', 'autres', 'aux', 'auxquelles', 'auxquels', 'avaient', 'avais', 'avait', 'avant', 'avec', 'avez', 'aviez', 'avions', 'avoir', 'avons', 'ayant', 'ayante', 'ayantes', 'ayants', 'ayez', 'ayons', 'c', 'ca', 'car', 'ce', 'ceci', 'cela', 'celle', 'celles', 'celui', 'cependant', 'certain', 'certaine', 'certaines', 'certains', 'ces', 'cet', 'cette', 'ceux', 'chez', 'ci', 'combien', 'comme', 'comment', 'compris', 'concernant', 'contre', 'd', 'dans', 'de', 'debout', 'dedans', 'dehors', 'dela', 'depuis', 'derriere', 'des', 'desormais', 'desquelles', 'desquels', 'dessous', 'dessus', 'devant', 'devers', 'devra', 'divers', 'diverse', 'diverses', 'doit', 'donc', 'dont', 'du', 'duquel', 'durant', 'elle', 'elles', 'en', 'entre', 'environ', 'es', 'est', 'et', 'etaient', 'etais', 'etait', 'etant', 'etante', 'etantes', 'etants', 'etat', 'etc', 'ete', 'etee', 'etees', 'etes', 'etiez', 'etions', 'etre', 'eu', 'eue', 'eues', 'euh', 'eumes', 'eurent', 'eus', 'eusse', 'eussent', 'eusses', 'eussiez', 'eussions', 'eut', 'eutes', 'eux', 'excepte', 'fumes', 'furent', 'fus', 'fusse', 'fussent', 'fusses', 'fussiez', 'fussions', 'fut', 'futes', 'helas', 'hormis', 'hors', 'hui', 'il', 'ils', 'j', 'je', 'jusqu', 'jusque', 'l', 'la', 'laquelle', 'le', 'lequel', 'les', 'lesquelles', 'lesquels', 'leur', 'leurs', 'lorsque', 'lui', 'm', 'ma', 'mais', 'malgre', 'me', 'meme', 'memes', 'merci', 'mes', 'mien', 'mienne', 'miennes', 'miens', 'moi', 'moins', 'mon', 'moyennant', 'n', 'ne', 'neanmoins', 'ni', 'non', 'nos', 'notre', 'notres', 'nous', 'on', 'ont', 'ou', 'outre', 'par', 'parmi', 'partant', 'pas', 'passe', 'pendant', 'plein', 'plus', 'plusieurs', 'pour', 'pourquoi', 'pres', 'proche', 'puisque', 'qu', 'quand', 'que', 'quel', 'quelle', 'quelles', 'quels', 'qui', 'quoi', 'quoique', 'revoici', 'revoila', 's', 'sa', 'sans', 'sauf', 'se', 'sera', 'serai', 'seraient', 'serais', 'serait', 'seras', 'serez', 'seriez', 'serions', 'serons', 'seront', 'ses', 'si', 'sien', 'sienne', 'siennes', 'siens', 'sinon', 'soi', 'soient', 'sois', 'soit', 'sommes', 'son', 'sont', 'sous', 'soyez', 'soyons', 'suis', 'suite', 'sur', 't', 'ta', 'te', 'tel', 'telle', 'telles', 'tels', 'tes', 'tien', 'tienne', 'tiennes', 'tiens', 'toi', 'ton', 'tous', 'tout', 'toute', 'toutes', 'tu', 'un', 'une', 'unes', 'uns', 'voici', 'voila', 'vos', 'votre', 'votres', 'vous', 'vu', 'y') OR length(to_tsvector('french'::regconfig, w)) = 0 THEN
                  CONTINUE;
              END IF;
              
              -- 1. Single word candidates
              EXECUTE format('SELECT EXISTS(SELECT 1 FROM %I.fts_words WHERE word = $1)', schema_name) INTO word_exists USING w;
              IF word_exists THEN
                  candidates := ARRAY[w];
              ELSE
                  candidates := fts.find_candidates(schema_name, w);
              END IF;
              
              single_clause := '';
              IF array_length(candidates, 1) > 0 THEN
                  single_clause := '(' || array_to_string(candidates, ' | ') || ')';
              ELSE
                  single_clause := w;
              END IF;

              -- 2. Word couple candidates
              couple_clause := '';
              -- Why not "AND NOT word_exists"? Consider "socio-économique" and "socioéconomique" (both are correct)
              IF NOT quick_nothing_better_than_slower_something AND length(w) >= 6 THEN
                  PERFORM set_config('pg_trgm.similarity_threshold', '0.33', true);
                  
                  EXECUTE format('
                      SELECT separated_words 
                      FROM %I.fts_word_couples 
                      WHERE concat_word %% $1
                        AND abs(length(concat_word) - length($1)) <= 1
                      ORDER BY similarity(concat_word, $1) DESC, doc_count DESC 
                      LIMIT 1
                  ', schema_name) INTO best_couple USING w;
                  
                  IF best_couple IS NOT NULL THEN
                      couple_clause := '(' || replace(best_couple, ' ', ' & ') || ')';
                  END IF;
              END IF;

              -- 3. Combine clauses
              IF couple_clause <> '' THEN
                  clauses := array_append(clauses, '(' || single_clause || ' | ' || couple_clause || ')');
              ELSE
                  clauses := array_append(clauses, single_clause);
              END IF;
          END LOOP;

          IF array_length(clauses, 1) IS NULL THEN
              RETURN websearch_to_tsquery('french'::regconfig, search_query);
          END IF;

          IF quick_nothing_better_than_slower_something THEN
              expanded := array_to_string(clauses, ' & ');
          ELSE
              expanded := array_to_string(clauses, ' | ');
          END IF;

          BEGIN
              RETURN to_tsquery('french'::regconfig, expanded);
          EXCEPTION WHEN OTHERS THEN
              RETURN websearch_to_tsquery('french'::regconfig, search_query);
          END;
      END;
      $$ LANGUAGE plpgsql STABLE;
      
      CREATE TABLE IF NOT EXISTS "proj_verify_article_slug_uniqueness"."verify_article_slug_uniqueness_articles" (
        n BIGSERIAL PRIMARY KEY,
        key VARCHAR NOT NULL,
        key_aliases TEXT[] NOT NULL DEFAULT '{}',
        value JSONB NOT NULL,
        updated_at TIMESTAMP NOT NULL DEFAULT (NOW() AT TIME ZONE 'UTC')
      );

      CREATE UNIQUE INDEX IF NOT EXISTS idx_proj_verify_article_slug_uniqueness_verify_article_slug_uniqueness_articles_key ON "proj_verify_article_slug_uniqueness"."verify_article_slug_uniqueness_articles" (key);
      CREATE INDEX IF NOT EXISTS idx_proj_verify_article_slug_uniqueness_verify_article_slug_uniqueness_articles_key_aliases ON "proj_verify_article_slug_uniqueness"."verify_article_slug_uniqueness_articles" USING gin(key_aliases);
      CREATE INDEX IF NOT EXISTS idx_proj_verify_article_slug_uniqueness_verify_article_slug_uniqueness_articles_value ON "proj_verify_article_slug_uniqueness"."verify_article_slug_uniqueness_articles" USING gin(value);
      
CREATE INDEX IF NOT EXISTS idx_proj_verify_article_slug_uniqueness_verify_article_slug_uniqueness_articles_value_id ON "proj_verify_article_slug_uniqueness"."verify_article_slug_uniqueness_articles" ((value->>'id'));
CREATE INDEX IF NOT EXISTS idx_proj_verify_article_slug_uniqueness_verify_article_slug_uniqueness_articles_value_id_jsonb ON "proj_verify_article_slug_uniqueness"."verify_article_slug_uniqueness_articles" ((value->'id'));
CREATE INDEX IF NOT EXISTS idx_proj_verify_article_slug_uniqueness_verify_article_slug_uniqueness_articles_value_slug ON "proj_verify_article_slug_uniqueness"."verify_article_slug_uniqueness_articles" ((value->>'slug'));
CREATE INDEX IF NOT EXISTS idx_proj_verify_article_slug_uniqueness_verify_article_slug_uniqueness_articles_value_slug_jsonb ON "proj_verify_article_slug_uniqueness"."verify_article_slug_uniqueness_articles" ((value->'slug'));

[DEBUG Postgres.go SQL execute] Params: []interface {}{}
[DEBUG Postgres.go SQL] Query: SELECT t.value FROM "proj_verify_article_slug_uniqueness"."verify_article_slug_uniqueness_articles" t WHERE (true AND value->>'slug' = $1) ORDER BY t.n DESC LIMIT $2
[DEBUG Postgres.go SQL] Params: []interface {}{"my-fantasy-article", "2"}
[DEBUG Postgres.go SQL execute] Query: 
      CREATE SCHEMA IF NOT EXISTS "proj_verify_article_legacy_id_uniqueness";
      CREATE TABLE IF NOT EXISTS "proj_verify_article_legacy_id_uniqueness"._meta (
        singleton BOOLEAN PRIMARY KEY DEFAULT TRUE CHECK (singleton),
        checkpoint BIGINT NOT NULL,
        state VARCHAR NOT NULL,
        created_at TIMESTAMP NOT NULL DEFAULT (NOW() AT TIME ZONE 'UTC'),
        updated_at TIMESTAMP NOT NULL DEFAULT (NOW() AT TIME ZONE 'UTC'),
        updated_model_at TIMESTAMP NOT NULL DEFAULT (NOW() AT TIME ZONE 'UTC')
      );
      
[DEBUG Postgres.go SQL execute] Params: []interface {}{}
[DEBUG Postgres.go SQL] Query: SELECT EXTRACT(EPOCH FROM created_at)::varchar AS created_at, EXTRACT(EPOCH FROM updated_model_at)::varchar AS updated_model_at FROM "proj_verify_article_legacy_id_uniqueness"._meta WHERE singleton = TRUE
[DEBUG Postgres.go SQL] Params: []interface {}{}
[DEBUG Postgres.go JSON_MARSHAL] {"id":"01kz95b4yg4ek2h59nqsgry3n3"}
[DEBUG Postgres.go JSON_MARSHAL_RAW] map[string]interface {}{"id":"01kz95b4yg4ek2h59nqsgry3n3"}
[DEBUG Postgres.go JSON_MARSHAL] {"article":"01kz95b4yg4ek2h59nqsgry3n3"}
[DEBUG Postgres.go JSON_MARSHAL_RAW] map[string]interface {}{"article":"01kz95b4yg4ek2h59nqsgry3n3"}
[DEBUG Postgres.go JSON_MARSHAL] {"id":"01kz95b2txznfygarjd8s2zbvb"}
[DEBUG Postgres.go JSON_MARSHAL_RAW] map[string]interface {}{"id":"01kz95b2txznfygarjd8s2zbvb"}
[DEBUG Postgres.go JSON_MARSHAL] {"author":"01kz95b2txznfygarjd8s2zbvb"}
[DEBUG Postgres.go JSON_MARSHAL_RAW] map[string]interface {}{"author":"01kz95b2txznfygarjd8s2zbvb"}
[DEBUG Postgres.go JSON_MARSHAL] {"id":"01kz95b2y4fgamndhbdykm6cf8"}
[DEBUG Postgres.go JSON_MARSHAL_RAW] map[string]interface {}{"id":"01kz95b2y4fgamndhbdykm6cf8"}
[DEBUG Postgres.go JSON_MARSHAL] {"book":"01kz95b2y4fgamndhbdykm6cf8"}
[DEBUG Postgres.go JSON_MARSHAL_RAW] map[string]interface {}{"book":"01kz95b2y4fgamndhbdykm6cf8"}
[DEBUG Postgres.go JSON_MARSHAL] {"id":"01kz95b2z1w9y906ckjtm1st2x"}
[DEBUG Postgres.go JSON_MARSHAL_RAW] map[string]interface {}{"id":"01kz95b2z1w9y906ckjtm1st2x"}
[DEBUG Postgres.go JSON_MARSHAL] {"book":"01kz95b2z1w9y906ckjtm1st2x"}
[DEBUG Postgres.go JSON_MARSHAL_RAW] map[string]interface {}{"book":"01kz95b2z1w9y906ckjtm1st2x"}
[DEBUG Postgres.go SQL] Query: SELECT n::text, id::text, type::text, payload::text, meta::text, CAST(EXTRACT(EPOCH FROM at) * 1000 AS float8)::text AS at FROM events WHERE ((((type = $1 AND payload @> $2::jsonb) OR (type = $3 AND payload @> $4::jsonb)) OR ((type = $5 AND payload @> $6::jsonb) OR (type = $7 AND payload @> $8::jsonb))) OR ((false OR ((type = $9 AND payload @> $10::jsonb) OR (type = $11 AND payload @> $12::jsonb))) OR ((type = $13 AND payload @> $14::jsonb) OR (type = $15 AND payload @> $16::jsonb)))) ORDER BY events.n ASC
[DEBUG Postgres.go SQL] Params: []interface {}{"ArticleWritten", "{\"id\":\"01kz95b4yg4ek2h59nqsgry3n3\"}", "ArticleDiscarded", "{\"article\":\"01kz95b4yg4ek2h59nqsgry3n3\"}", "AuthorReferenced", "{\"id\":\"01kz95b2txznfygarjd8s2zbvb\"}", "AuthorDereferenced", "{\"author\":\"01kz95b2txznfygarjd8s2zbvb\"}", "BookReferenced", "{\"id\":\"01kz95b2y4fgamndhbdykm6cf8\"}", "BookDereferenced", "{\"book\":\"01kz95b2y4fgamndhbdykm6cf8\"}", "BookReferenced", "{\"id\":\"01kz95b2z1w9y906ckjtm1st2x\"}", "BookDereferenced", "{\"book\":\"01kz95b2z1w9y906ckjtm1st2x\"}"}
[DEBUG Postgres.go SELECT] Col: n, Type: string, Value: 1
[DEBUG Postgres.go SELECT] Col: id, Type: string, Value: 01kz95b2x86z17bh6xah5sedkc
[DEBUG Postgres.go SELECT] Col: type, Type: string, Value: AuthorReferenced
[DEBUG Postgres.go SELECT] Col: payload, Type: string, Value: {"id": "01kz95b2txznfygarjd8s2zbvb", "name": "Zola", "portrait": null, "biography": "Blablah...", "legacyIds": []}
[DEBUG Postgres.go SELECT] Col: meta, Type: string, Value: {"trace": {"run": "01kz95b2ttb8x08xspzxv7abwg", "cause": null, "append": "01kz95b2x21am27z9yk8a5rrhf"}}
[DEBUG Postgres.go SELECT] Col: at, Type: string, Value: 1785940249511.407
[DEBUG Postgres.go SELECT] Col: n, Type: string, Value: 3
[DEBUG Postgres.go SELECT] Col: id, Type: string, Value: 01kz95b2z009nvqk2mmd7jr0k6
[DEBUG Postgres.go SELECT] Col: type, Type: string, Value: BookReferenced
[DEBUG Postgres.go SELECT] Col: payload, Type: string, Value: {"id": "01kz95b2y4fgamndhbdykm6cf8", "name": "Harry Potter et la Chambre des Secrets", "year": {"year": 1998, "approximately": false}, "cover": {"src": "path/to/a1b2c3d4e5f6g7h8.png", "hash": "a1b2c3d4e5f6g7h8", "size": 123456, "mimeType": "image/png", "dimensions": {"width": 800, "height": 600}}, "editor": "01kz95b2xawhh0kb9xrdmg79f7", "authors": ["01kz95b2txznfygarjd8s2zbvb"], "legacyId": null}
[DEBUG Postgres.go SELECT] Col: meta, Type: string, Value: {"trace": {"run": "01kz95b2ttb8x08xspzxv7abwg", "cause": null, "append": "01kz95b2yxpqf65jj3gahcjzcm"}}
[DEBUG Postgres.go SELECT] Col: at, Type: string, Value: 1785940249567.263
[DEBUG Postgres.go SELECT] Col: n, Type: string, Value: 4
[DEBUG Postgres.go SELECT] Col: id, Type: string, Value: 01kz95b2ze4ggsdvmnsejnd549
[DEBUG Postgres.go SELECT] Col: type, Type: string, Value: BookReferenced
[DEBUG Postgres.go SELECT] Col: payload, Type: string, Value: {"id": "01kz95b2z1w9y906ckjtm1st2x", "name": "Le Seigneur des Anneaux", "year": {"year": 1954, "approximately": false}, "cover": {"src": "path/to/a1b2c3d4e5f6g7h8.png", "hash": "a1b2c3d4e5f6g7h8", "size": 123456, "mimeType": "image/png", "dimensions": {"width": 800, "height": 600}}, "editor": "01kz95b2xawhh0kb9xrdmg79f7", "authors": ["01kz95b2txznfygarjd8s2zbvb"], "legacyId": null}
[DEBUG Postgres.go SELECT] Col: meta, Type: string, Value: {"trace": {"run": "01kz95b2ttb8x08xspzxv7abwg", "cause": null, "append": "01kz95b2zd7e2trby0cajhpg45"}}
[DEBUG Postgres.go SELECT] Col: at, Type: string, Value: 1785940249582.199
[DEBUG Postgres.go SQL] Query: SELECT pg_advisory_lock($1::bigint)
[DEBUG Postgres.go SQL] Params: []interface {}{"1785940251667811006"}
[DEBUG Postgres.go SELECT] Col: pg_advisory_lock, Type: string, Value: 
[DEBUG Postgres.go SQL] Query: 
        WITH collisions AS (
            SELECT lock_key as colliding_key FROM cco.append_intents
            WHERE (events @? $2::jsonpath) OR ($3::jsonb @? context)
        ),
        zombie_check AS (
            SELECT colliding_key, pg_try_advisory_lock(colliding_key) as is_zombie
            FROM collisions
        ),
        active_collisions AS (
            SELECT colliding_key FROM zombie_check WHERE NOT is_zombie
        ),
        cleanup_zombies AS (
            DELETE FROM cco.append_intents
            WHERE lock_key IN (SELECT colliding_key FROM zombie_check WHERE is_zombie)
        ),
        release_zombie_locks AS (
            SELECT pg_advisory_unlock(colliding_key)
            FROM zombie_check WHERE is_zombie
        ),
        insertion AS (
            INSERT INTO cco.append_intents (intent_id, lock_key, context, events)
            SELECT $1, $4::bigint, $2::jsonpath, $3::jsonb 
            WHERE (SELECT count(*) FROM active_collisions) < 1
            RETURNING true as inserted
        )
        SELECT COALESCE((SELECT inserted FROM insertion), false) as success
      
[DEBUG Postgres.go SQL] Params: []interface {}{"b05b3f29-7e0d-4bcc-8e28-ff97e86426bb", "$ ? (((((@.type == \"ArticleWritten\" && @.payload.id == \"01kz95b4yg4ek2h59nqsgry3n3\") || (@.type == \"ArticleDiscarded\" && @.payload.article == \"01kz95b4yg4ek2h59nqsgry3n3\")) || ((@.type == \"AuthorReferenced\" && @.payload.id == \"01kz95b2txznfygarjd8s2zbvb\") || (@.type == \"AuthorDereferenced\" && @.payload.author == \"01kz95b2txznfygarjd8s2zbvb\"))) || ((1 == 0 || ((@.type == \"BookReferenced\" && @.payload.id == \"01kz95b2y4fgamndhbdykm6cf8\") || (@.type == \"BookDereferenced\" && @.payload.book == \"01kz95b2y4fgamndhbdykm6cf8\"))) || ((@.type == \"BookReferenced\" && @.payload.id == \"01kz95b2z1w9y906ckjtm1st2x\") || (@.type == \"BookDereferenced\" && @.payload.book == \"01kz95b2z1w9y906ckjtm1st2x\")))))", "\"[{\\\"payload\\\":{\\\"author\\\":\\\"01kz95b2txznfygarjd8s2zbvb\\\",\\\"books\\\":[\\\"01kz95b2y4fgamndhbdykm6cf8\\\",\\\"01kz95b2z1w9y906ckjtm1st2x\\\"],\\\"content\\\":\\\"\\\\u003cp\\\\u003eSome HTML Content\\\\u003c/p\\\\u003e\\\",\\\"id\\\":\\\"01kz95b4yg4ek2h59nqsgry3n3\\\",\\\"illustrations\\\":[],\\\"lead\\\":null,\\\"legacyId\\\":null,\\\"magazineIssue\\\":null,\\\"notes\\\":null,\\\"profitable\\\":true,\\\"slug\\\":\\\"my-fantasy-article\\\",\\\"sources\\\":null,\\\"theme\\\":null,\\\"title\\\":\\\"My Fantasy Article\\\"},\\\"type\\\":\\\"ArticleWritten\\\"}]\"", "1785940251667811006"}
[DEBUG Postgres.go SELECT] Col: success, Type: bool, Value: true
[DEBUG Postgres.go SQL] Query: BEGIN
[DEBUG Postgres.go SQL] Params: []interface {}{}
[DEBUG Postgres.go JSON_MARSHAL] {"id":"01kz95b4yg4ek2h59nqsgry3n3"}
[DEBUG Postgres.go JSON_MARSHAL_RAW] map[string]interface {}{"id":"01kz95b4yg4ek2h59nqsgry3n3"}
[DEBUG Postgres.go JSON_MARSHAL] {"article":"01kz95b4yg4ek2h59nqsgry3n3"}
[DEBUG Postgres.go JSON_MARSHAL_RAW] map[string]interface {}{"article":"01kz95b4yg4ek2h59nqsgry3n3"}
[DEBUG Postgres.go JSON_MARSHAL] {"id":"01kz95b2txznfygarjd8s2zbvb"}
[DEBUG Postgres.go JSON_MARSHAL_RAW] map[string]interface {}{"id":"01kz95b2txznfygarjd8s2zbvb"}
[DEBUG Postgres.go JSON_MARSHAL] {"author":"01kz95b2txznfygarjd8s2zbvb"}
[DEBUG Postgres.go JSON_MARSHAL_RAW] map[string]interface {}{"author":"01kz95b2txznfygarjd8s2zbvb"}
[DEBUG Postgres.go JSON_MARSHAL] {"id":"01kz95b2y4fgamndhbdykm6cf8"}
[DEBUG Postgres.go JSON_MARSHAL_RAW] map[string]interface {}{"id":"01kz95b2y4fgamndhbdykm6cf8"}
[DEBUG Postgres.go JSON_MARSHAL] {"book":"01kz95b2y4fgamndhbdykm6cf8"}
[DEBUG Postgres.go JSON_MARSHAL_RAW] map[string]interface {}{"book":"01kz95b2y4fgamndhbdykm6cf8"}
[DEBUG Postgres.go JSON_MARSHAL] {"id":"01kz95b2z1w9y906ckjtm1st2x"}
[DEBUG Postgres.go JSON_MARSHAL_RAW] map[string]interface {}{"id":"01kz95b2z1w9y906ckjtm1st2x"}
[DEBUG Postgres.go JSON_MARSHAL] {"book":"01kz95b2z1w9y906ckjtm1st2x"}
[DEBUG Postgres.go JSON_MARSHAL_RAW] map[string]interface {}{"book":"01kz95b2z1w9y906ckjtm1st2x"}
[DEBUG Postgres.go SQL] Query: 
            WITH context AS (SELECT MAX(n) as max_seq FROM events WHERE ((((type = $1 AND payload @> $2::jsonb) OR (type = $3 AND payload @> $4::jsonb)) OR ((type = $5 AND payload @> $6::jsonb) OR (type = $7 AND payload @> $8::jsonb))) OR ((false OR ((type = $9 AND payload @> $10::jsonb) OR (type = $11 AND payload @> $12::jsonb))) OR ((type = $13 AND payload @> $14::jsonb) OR (type = $15 AND payload @> $16::jsonb)))))
              , registry_cross_check AS (
                  SELECT count(*) as cnt 
                  FROM cco.append_intents other
                  JOIN cco.append_intents me ON me.intent_id = $17
                  WHERE ((other.events @? $18::jsonpath) OR ($19::jsonb @? other.context))
                    AND other.intent_id != $17
                    AND other.lock_key < me.lock_key
              )
            INSERT INTO events (type, payload, meta, at)
            SELECT unnest($20::text[]), unnest($21::jsonb[]), unnest($22::jsonb[]), NOW() AT TIME ZONE 'UTC'
            FROM context
            WHERE COALESCE(max_seq, 0) = 4
             AND (SELECT cnt FROM registry_cross_check) = 0
            RETURNING n::text, id::text, type::text, payload::text, meta::text, CAST(EXTRACT(EPOCH FROM at) * 1000 AS float8)::text AS at
            
[DEBUG Postgres.go SQL] Params: []interface {}{"ArticleWritten", "{\"id\":\"01kz95b4yg4ek2h59nqsgry3n3\"}", "ArticleDiscarded", "{\"article\":\"01kz95b4yg4ek2h59nqsgry3n3\"}", "AuthorReferenced", "{\"id\":\"01kz95b2txznfygarjd8s2zbvb\"}", "AuthorDereferenced", "{\"author\":\"01kz95b2txznfygarjd8s2zbvb\"}", "BookReferenced", "{\"id\":\"01kz95b2y4fgamndhbdykm6cf8\"}", "BookDereferenced", "{\"book\":\"01kz95b2y4fgamndhbdykm6cf8\"}", "BookReferenced", "{\"id\":\"01kz95b2z1w9y906ckjtm1st2x\"}", "BookDereferenced", "{\"book\":\"01kz95b2z1w9y906ckjtm1st2x\"}", "b05b3f29-7e0d-4bcc-8e28-ff97e86426bb", "$ ? (((((@.type == \"ArticleWritten\" && @.payload.id == \"01kz95b4yg4ek2h59nqsgry3n3\") || (@.type == \"ArticleDiscarded\" && @.payload.article == \"01kz95b4yg4ek2h59nqsgry3n3\")) || ((@.type == \"AuthorReferenced\" && @.payload.id == \"01kz95b2txznfygarjd8s2zbvb\") || (@.type == \"AuthorDereferenced\" && @.payload.author == \"01kz95b2txznfygarjd8s2zbvb\"))) || ((1 == 0 || ((@.type == \"BookReferenced\" && @.payload.id == \"01kz95b2y4fgamndhbdykm6cf8\") || (@.type == \"BookDereferenced\" && @.payload.book == \"01kz95b2y4fgamndhbdykm6cf8\"))) || ((@.type == \"BookReferenced\" && @.payload.id == \"01kz95b2z1w9y906ckjtm1st2x\") || (@.type == \"BookDereferenced\" && @.payload.book == \"01kz95b2z1w9y906ckjtm1st2x\")))))", "[{\"payload\":{\"author\":\"01kz95b2txznfygarjd8s2zbvb\",\"books\":[\"01kz95b2y4fgamndhbdykm6cf8\",\"01kz95b2z1w9y906ckjtm1st2x\"],\"content\":\"\\u003cp\\u003eSome HTML Content\\u003c/p\\u003e\",\"id\":\"01kz95b4yg4ek2h59nqsgry3n3\",\"illustrations\":[],\"lead\":null,\"legacyId\":null,\"magazineIssue\":null,\"notes\":null,\"profitable\":true,\"slug\":\"my-fantasy-article\",\"sources\":null,\"theme\":null,\"title\":\"My Fantasy Article\"},\"type\":\"ArticleWritten\"}]", []interface {}{"ArticleWritten"}, []interface {}{map[string]interface {}{"author":"01kz95b2txznfygarjd8s2zbvb", "books":[]interface {}{"01kz95b2y4fgamndhbdykm6cf8", "01kz95b2z1w9y906ckjtm1st2x"}, "content":"<p>Some HTML Content</p>", "id":"01kz95b4yg4ek2h59nqsgry3n3", "illustrations":[]interface {}{}, "lead":interface {}(nil), "legacyId":interface {}(nil), "magazineIssue":interface {}(nil), "notes":interface {}(nil), "profitable":true, "slug":"my-fantasy-article", "sources":interface {}(nil), "theme":interface {}(nil), "title":"My Fantasy Article"}}, []interface {}{map[string]interface {}{"trace":map[string]interface {}{"append":"01kz95b50kes4n3kty2rbee8yc", "cause":interface {}(nil), "run":"01kz95b2ttb8x08xspzxv7abwg"}}}}
[DEBUG Postgres.go SELECT] Col: n, Type: string, Value: 6
[DEBUG Postgres.go SELECT] Col: id, Type: string, Value: 01kz95b50nphc69xtvcrz55a2n
[DEBUG Postgres.go SELECT] Col: type, Type: string, Value: ArticleWritten
[DEBUG Postgres.go SELECT] Col: payload, Type: string, Value: {"id": "01kz95b4yg4ek2h59nqsgry3n3", "lead": null, "slug": "my-fantasy-article", "books": ["01kz95b2y4fgamndhbdykm6cf8", "01kz95b2z1w9y906ckjtm1st2x"], "notes": null, "theme": null, "title": "My Fantasy Article", "author": "01kz95b2txznfygarjd8s2zbvb", "content": "<p>Some HTML Content</p>", "sources": null, "legacyId": null, "profitable": true, "illustrations": [], "magazineIssue": null}
[DEBUG Postgres.go SELECT] Col: meta, Type: string, Value: {"trace": {"run": "01kz95b2ttb8x08xspzxv7abwg", "cause": null, "append": "01kz95b50kes4n3kty2rbee8yc"}}
[DEBUG Postgres.go SELECT] Col: at, Type: string, Value: 1785940251668.809
[DEBUG Postgres.go SQL] Query: DELETE FROM cco.append_intents WHERE intent_id = $1
[DEBUG Postgres.go SQL] Params: []interface {}{"b05b3f29-7e0d-4bcc-8e28-ff97e86426bb"}
[DEBUG Postgres.go SQL] Query: SELECT pg_advisory_unlock($1::bigint)
[DEBUG Postgres.go SQL] Params: []interface {}{"1785940251667811006"}
[DEBUG Postgres.go SELECT] Col: pg_advisory_unlock, Type: bool, Value: true
[DEBUG Postgres.go SQL] Query: COMMIT
[DEBUG Postgres.go SQL] Params: []interface {}{}
[DEBUG Postgres.go SQL] Query: SELECT pg_advisory_unlock_all()
[DEBUG Postgres.go SQL] Params: []interface {}{}
[DEBUG Postgres.go SELECT] Col: pg_advisory_unlock_all, Type: string, Value: 
[DEBUG Postgres.go SQL execute] Query: 
      CREATE SCHEMA IF NOT EXISTS "proj_write_article";
      CREATE TABLE IF NOT EXISTS "proj_write_article"._meta (
        singleton BOOLEAN PRIMARY KEY DEFAULT TRUE CHECK (singleton),
        checkpoint BIGINT NOT NULL,
        state VARCHAR NOT NULL,
        created_at TIMESTAMP NOT NULL DEFAULT (NOW() AT TIME ZONE 'UTC'),
        updated_at TIMESTAMP NOT NULL DEFAULT (NOW() AT TIME ZONE 'UTC'),
        updated_model_at TIMESTAMP NOT NULL DEFAULT (NOW() AT TIME ZONE 'UTC')
      );
      
[DEBUG Postgres.go SQL execute] Params: []interface {}{}
[DEBUG Postgres.go SQL] Query: SELECT checkpoint::varchar FROM "proj_write_article"._meta WHERE singleton = TRUE
[DEBUG Postgres.go SQL] Params: []interface {}{}
[DEBUG Postgres.go SELECT] Col: checkpoint, Type: string, Value: 5
[DEBUG Postgres.go SQL] Query: 
        WITH horizon AS (SELECT pg_snapshot_xmin(pg_current_snapshot())::text::bigint as min_xact)
        SELECT n::text, id::text, type::text, payload::text, meta::text, CAST(EXTRACT(EPOCH FROM at) * 1000 AS float8)::text AS at 
        FROM events, horizon 
        WHERE 
        n >= $1 AND (xact < horizon.min_xact OR at < NOW() - INTERVAL '1 minute')
ORDER BY events.n ASC
[DEBUG Postgres.go SQL] Params: []interface {}{"5"}
[DEBUG Postgres.go SELECT] Col: n, Type: string, Value: 5
[DEBUG Postgres.go SELECT] Col: id, Type: string, Value: 01kz95b2zttfy23jtqtmgj00y5
[DEBUG Postgres.go SELECT] Col: type, Type: string, Value: BookReferenced
[DEBUG Postgres.go SELECT] Col: payload, Type: string, Value: {"id": "01kz95b2zfpw5hbg01asksjnxd", "name": "Germinal", "year": {"year": 1885, "approximately": false}, "cover": null, "editor": "01kz95b2xawhh0kb9xrdmg79f7", "authors": ["01kz95b2txznfygarjd8s2zbvb"], "legacyId": null}
[DEBUG Postgres.go SELECT] Col: meta, Type: string, Value: {"trace": {"run": "01kz95b2ttb8x08xspzxv7abwg", "cause": null, "append": "01kz95b2zsxp2fmn0gd2q0dm46"}}
[DEBUG Postgres.go SELECT] Col: at, Type: string, Value: 1785940249593.988
[DEBUG Postgres.go SELECT] Col: n, Type: string, Value: 6
[DEBUG Postgres.go SELECT] Col: id, Type: string, Value: 01kz95b50nphc69xtvcrz55a2n
[DEBUG Postgres.go SELECT] Col: type, Type: string, Value: ArticleWritten
[DEBUG Postgres.go SELECT] Col: payload, Type: string, Value: {"id": "01kz95b4yg4ek2h59nqsgry3n3", "lead": null, "slug": "my-fantasy-article", "books": ["01kz95b2y4fgamndhbdykm6cf8", "01kz95b2z1w9y906ckjtm1st2x"], "notes": null, "theme": null, "title": "My Fantasy Article", "author": "01kz95b2txznfygarjd8s2zbvb", "content": "<p>Some HTML Content</p>", "sources": null, "legacyId": null, "profitable": true, "illustrations": [], "magazineIssue": null}
[DEBUG Postgres.go SELECT] Col: meta, Type: string, Value: {"trace": {"run": "01kz95b2ttb8x08xspzxv7abwg", "cause": null, "append": "01kz95b50kes4n3kty2rbee8yc"}}
[DEBUG Postgres.go SELECT] Col: at, Type: string, Value: 1785940251668.809
[DEBUG Postgres.go JSON_MARSHAL] {"id":"01kz95b4yg4ek2h59nqsgry3n3","slug":"my-fantasy-article"}
[DEBUG Postgres.go JSON_MARSHAL_RAW] map[string]interface {}{"id":"01kz95b4yg4ek2h59nqsgry3n3", "slug":"my-fantasy-article"}
[DEBUG Postgres.go SQL] Query: INSERT INTO "proj_write_article"."write_article_articles" (key, key_aliases, value) VALUES ($1, $2, $3) ON CONFLICT (key) DO UPDATE SET value = EXCLUDED.value, key_aliases = EXCLUDED.key_aliases, updated_at = (NOW() AT TIME ZONE 'UTC') RETURNING EXTRACT(EPOCH FROM updated_at)::varchar AS updated_at
[DEBUG Postgres.go SQL] Params: []interface {}{"01kz95b4yg4ek2h59nqsgry3n3", []interface {}{"my-fantasy-article"}, "{\"id\":\"01kz95b4yg4ek2h59nqsgry3n3\",\"slug\":\"my-fantasy-article\"}"}
[DEBUG Postgres.go SELECT] Col: updated_at, Type: string, Value: 1785940251.675027
[DEBUG Postgres.go SQL] Query: UPDATE "proj_write_article"._meta SET checkpoint = $1, updated_at = (NOW() AT TIME ZONE 'UTC'), updated_model_at = (NOW() AT TIME ZONE 'UTC') WHERE singleton = TRUE
[DEBUG Postgres.go SQL] Params: []interface {}{"6"}
[DEBUG Postgres.go SQL] Query: SELECT EXTRACT(EPOCH FROM created_at)::varchar AS created_at, EXTRACT(EPOCH FROM updated_model_at)::varchar AS updated_model_at FROM "proj_write_article"._meta WHERE singleton = TRUE
[DEBUG Postgres.go SQL] Params: []interface {}{}
[DEBUG Postgres.go SELECT] Col: created_at, Type: string, Value: 1785940251.617488
[DEBUG Postgres.go SELECT] Col: updated_model_at, Type: string, Value: 1785940251.676597
[DEBUG Postgres.go SQL] Query: SELECT t.value FROM "proj_write_article"."write_article_articles" t WHERE (true AND value->>'slug' = $1) ORDER BY t.n DESC LIMIT $2
[DEBUG Postgres.go SQL] Params: []interface {}{"my-realistic-article", "2"}
[DEBUG Postgres.go SQL execute] Query: 
      CREATE SCHEMA IF NOT EXISTS "proj_verify_article_slug_uniqueness";
      CREATE TABLE IF NOT EXISTS "proj_verify_article_slug_uniqueness"._meta (
        singleton BOOLEAN PRIMARY KEY DEFAULT TRUE CHECK (singleton),
        checkpoint BIGINT NOT NULL,
        state VARCHAR NOT NULL,
        created_at TIMESTAMP NOT NULL DEFAULT (NOW() AT TIME ZONE 'UTC'),
        updated_at TIMESTAMP NOT NULL DEFAULT (NOW() AT TIME ZONE 'UTC'),
        updated_model_at TIMESTAMP NOT NULL DEFAULT (NOW() AT TIME ZONE 'UTC')
      );
      
[DEBUG Postgres.go SQL execute] Params: []interface {}{}
[DEBUG Postgres.go SQL] Query: SELECT checkpoint::varchar FROM "proj_verify_article_slug_uniqueness"._meta WHERE singleton = TRUE
[DEBUG Postgres.go SQL] Params: []interface {}{}
[DEBUG Postgres.go SELECT] Col: checkpoint, Type: string, Value: 5
[DEBUG Postgres.go SQL] Query: 
        WITH horizon AS (SELECT pg_snapshot_xmin(pg_current_snapshot())::text::bigint as min_xact)
        SELECT n::text, id::text, type::text, payload::text, meta::text, CAST(EXTRACT(EPOCH FROM at) * 1000 AS float8)::text AS at 
        FROM events, horizon 
        WHERE 
        n >= $1 AND (xact < horizon.min_xact OR at < NOW() - INTERVAL '1 minute')
ORDER BY events.n ASC
[DEBUG Postgres.go SQL] Params: []interface {}{"5"}
[DEBUG Postgres.go SELECT] Col: n, Type: string, Value: 5
[DEBUG Postgres.go SELECT] Col: id, Type: string, Value: 01kz95b2zttfy23jtqtmgj00y5
[DEBUG Postgres.go SELECT] Col: type, Type: string, Value: BookReferenced
[DEBUG Postgres.go SELECT] Col: payload, Type: string, Value: {"id": "01kz95b2zfpw5hbg01asksjnxd", "name": "Germinal", "year": {"year": 1885, "approximately": false}, "cover": null, "editor": "01kz95b2xawhh0kb9xrdmg79f7", "authors": ["01kz95b2txznfygarjd8s2zbvb"], "legacyId": null}
[DEBUG Postgres.go SELECT] Col: meta, Type: string, Value: {"trace": {"run": "01kz95b2ttb8x08xspzxv7abwg", "cause": null, "append": "01kz95b2zsxp2fmn0gd2q0dm46"}}
[DEBUG Postgres.go SELECT] Col: at, Type: string, Value: 1785940249593.988
[DEBUG Postgres.go SELECT] Col: n, Type: string, Value: 6
[DEBUG Postgres.go SELECT] Col: id, Type: string, Value: 01kz95b50nphc69xtvcrz55a2n
[DEBUG Postgres.go SELECT] Col: type, Type: string, Value: ArticleWritten
[DEBUG Postgres.go SELECT] Col: payload, Type: string, Value: {"id": "01kz95b4yg4ek2h59nqsgry3n3", "lead": null, "slug": "my-fantasy-article", "books": ["01kz95b2y4fgamndhbdykm6cf8", "01kz95b2z1w9y906ckjtm1st2x"], "notes": null, "theme": null, "title": "My Fantasy Article", "author": "01kz95b2txznfygarjd8s2zbvb", "content": "<p>Some HTML Content</p>", "sources": null, "legacyId": null, "profitable": true, "illustrations": [], "magazineIssue": null}
[DEBUG Postgres.go SELECT] Col: meta, Type: string, Value: {"trace": {"run": "01kz95b2ttb8x08xspzxv7abwg", "cause": null, "append": "01kz95b50kes4n3kty2rbee8yc"}}
[DEBUG Postgres.go SELECT] Col: at, Type: string, Value: 1785940251668.809
[DEBUG Postgres.go JSON_MARSHAL] {"id":"01kz95b4yg4ek2h59nqsgry3n3","slug":"my-fantasy-article"}
[DEBUG Postgres.go JSON_MARSHAL_RAW] map[string]interface {}{"id":"01kz95b4yg4ek2h59nqsgry3n3", "slug":"my-fantasy-article"}
[DEBUG Postgres.go SQL] Query: INSERT INTO "proj_verify_article_slug_uniqueness"."verify_article_slug_uniqueness_articles" (key, key_aliases, value) VALUES ($1, $2, $3) ON CONFLICT (key) DO UPDATE SET value = EXCLUDED.value, key_aliases = EXCLUDED.key_aliases, updated_at = (NOW() AT TIME ZONE 'UTC') RETURNING EXTRACT(EPOCH FROM updated_at)::varchar AS updated_at
[DEBUG Postgres.go SQL] Params: []interface {}{"01kz95b4yg4ek2h59nqsgry3n3", []interface {}{"my-fantasy-article"}, "{\"id\":\"01kz95b4yg4ek2h59nqsgry3n3\",\"slug\":\"my-fantasy-article\"}"}
[DEBUG Postgres.go SELECT] Col: updated_at, Type: string, Value: 1785940251.681871
[DEBUG Postgres.go SQL] Query: UPDATE "proj_verify_article_slug_uniqueness"._meta SET checkpoint = $1, updated_at = (NOW() AT TIME ZONE 'UTC'), updated_model_at = (NOW() AT TIME ZONE 'UTC') WHERE singleton = TRUE
[DEBUG Postgres.go SQL] Params: []interface {}{"6"}
[DEBUG Postgres.go SQL] Query: SELECT EXTRACT(EPOCH FROM created_at)::varchar AS created_at, EXTRACT(EPOCH FROM updated_model_at)::varchar AS updated_model_at FROM "proj_verify_article_slug_uniqueness"._meta WHERE singleton = TRUE
[DEBUG Postgres.go SQL] Params: []interface {}{}
[DEBUG Postgres.go SELECT] Col: created_at, Type: string, Value: 1785940251.645794
[DEBUG Postgres.go SELECT] Col: updated_model_at, Type: string, Value: 1785940251.683216
[DEBUG Postgres.go SQL] Query: SELECT t.value FROM "proj_verify_article_slug_uniqueness"."verify_article_slug_uniqueness_articles" t WHERE (true AND value->>'slug' = $1) ORDER BY t.n DESC LIMIT $2
[DEBUG Postgres.go SQL] Params: []interface {}{"my-realistic-article", "2"}
[DEBUG Postgres.go SQL execute] Query: 
      CREATE SCHEMA IF NOT EXISTS "proj_verify_article_legacy_id_uniqueness";
      CREATE TABLE IF NOT EXISTS "proj_verify_article_legacy_id_uniqueness"._meta (
        singleton BOOLEAN PRIMARY KEY DEFAULT TRUE CHECK (singleton),
        checkpoint BIGINT NOT NULL,
        state VARCHAR NOT NULL,
        created_at TIMESTAMP NOT NULL DEFAULT (NOW() AT TIME ZONE 'UTC'),
        updated_at TIMESTAMP NOT NULL DEFAULT (NOW() AT TIME ZONE 'UTC'),
        updated_model_at TIMESTAMP NOT NULL DEFAULT (NOW() AT TIME ZONE 'UTC')
      );
      
[DEBUG Postgres.go SQL execute] Params: []interface {}{}
[DEBUG Postgres.go SQL] Query: SELECT EXTRACT(EPOCH FROM created_at)::varchar AS created_at, EXTRACT(EPOCH FROM updated_model_at)::varchar AS updated_model_at FROM "proj_verify_article_legacy_id_uniqueness"._meta WHERE singleton = TRUE
[DEBUG Postgres.go SQL] Params: []interface {}{}
[DEBUG Postgres.go JSON_MARSHAL] {"id":"01kz95b50pqen58mdm8srzmtmr"}
[DEBUG Postgres.go JSON_MARSHAL_RAW] map[string]interface {}{"id":"01kz95b50pqen58mdm8srzmtmr"}
[DEBUG Postgres.go JSON_MARSHAL] {"article":"01kz95b50pqen58mdm8srzmtmr"}
[DEBUG Postgres.go JSON_MARSHAL_RAW] map[string]interface {}{"article":"01kz95b50pqen58mdm8srzmtmr"}
[DEBUG Postgres.go JSON_MARSHAL] {"id":"01kz95b2txznfygarjd8s2zbvb"}
[DEBUG Postgres.go JSON_MARSHAL_RAW] map[string]interface {}{"id":"01kz95b2txznfygarjd8s2zbvb"}
[DEBUG Postgres.go JSON_MARSHAL] {"author":"01kz95b2txznfygarjd8s2zbvb"}
[DEBUG Postgres.go JSON_MARSHAL_RAW] map[string]interface {}{"author":"01kz95b2txznfygarjd8s2zbvb"}
[DEBUG Postgres.go JSON_MARSHAL] {"id":"01kz95b2zfpw5hbg01asksjnxd"}
[DEBUG Postgres.go JSON_MARSHAL_RAW] map[string]interface {}{"id":"01kz95b2zfpw5hbg01asksjnxd"}
[DEBUG Postgres.go JSON_MARSHAL] {"book":"01kz95b2zfpw5hbg01asksjnxd"}
[DEBUG Postgres.go JSON_MARSHAL_RAW] map[string]interface {}{"book":"01kz95b2zfpw5hbg01asksjnxd"}
[DEBUG Postgres.go SQL] Query: SELECT n::text, id::text, type::text, payload::text, meta::text, CAST(EXTRACT(EPOCH FROM at) * 1000 AS float8)::text AS at FROM events WHERE ((((type = $1 AND payload @> $2::jsonb) OR (type = $3 AND payload @> $4::jsonb)) OR ((type = $5 AND payload @> $6::jsonb) OR (type = $7 AND payload @> $8::jsonb))) OR (false OR ((type = $9 AND payload @> $10::jsonb) OR (type = $11 AND payload @> $12::jsonb)))) ORDER BY events.n ASC
[DEBUG Postgres.go SQL] Params: []interface {}{"ArticleWritten", "{\"id\":\"01kz95b50pqen58mdm8srzmtmr\"}", "ArticleDiscarded", "{\"article\":\"01kz95b50pqen58mdm8srzmtmr\"}", "AuthorReferenced", "{\"id\":\"01kz95b2txznfygarjd8s2zbvb\"}", "AuthorDereferenced", "{\"author\":\"01kz95b2txznfygarjd8s2zbvb\"}", "BookReferenced", "{\"id\":\"01kz95b2zfpw5hbg01asksjnxd\"}", "BookDereferenced", "{\"book\":\"01kz95b2zfpw5hbg01asksjnxd\"}"}
[DEBUG Postgres.go SELECT] Col: n, Type: string, Value: 1
[DEBUG Postgres.go SELECT] Col: id, Type: string, Value: 01kz95b2x86z17bh6xah5sedkc
[DEBUG Postgres.go SELECT] Col: type, Type: string, Value: AuthorReferenced
[DEBUG Postgres.go SELECT] Col: payload, Type: string, Value: {"id": "01kz95b2txznfygarjd8s2zbvb", "name": "Zola", "portrait": null, "biography": "Blablah...", "legacyIds": []}
[DEBUG Postgres.go SELECT] Col: meta, Type: string, Value: {"trace": {"run": "01kz95b2ttb8x08xspzxv7abwg", "cause": null, "append": "01kz95b2x21am27z9yk8a5rrhf"}}
[DEBUG Postgres.go SELECT] Col: at, Type: string, Value: 1785940249511.407
[DEBUG Postgres.go SELECT] Col: n, Type: string, Value: 5
[DEBUG Postgres.go SELECT] Col: id, Type: string, Value: 01kz95b2zttfy23jtqtmgj00y5
[DEBUG Postgres.go SELECT] Col: type, Type: string, Value: BookReferenced
[DEBUG Postgres.go SELECT] Col: payload, Type: string, Value: {"id": "01kz95b2zfpw5hbg01asksjnxd", "name": "Germinal", "year": {"year": 1885, "approximately": false}, "cover": null, "editor": "01kz95b2xawhh0kb9xrdmg79f7", "authors": ["01kz95b2txznfygarjd8s2zbvb"], "legacyId": null}
[DEBUG Postgres.go SELECT] Col: meta, Type: string, Value: {"trace": {"run": "01kz95b2ttb8x08xspzxv7abwg", "cause": null, "append": "01kz95b2zsxp2fmn0gd2q0dm46"}}
[DEBUG Postgres.go SELECT] Col: at, Type: string, Value: 1785940249593.988
[DEBUG Postgres.go SQL] Query: SELECT pg_advisory_lock($1::bigint)
[DEBUG Postgres.go SQL] Params: []interface {}{"1785940251689811007"}
[DEBUG Postgres.go SELECT] Col: pg_advisory_lock, Type: string, Value: 
[DEBUG Postgres.go SQL] Query: 
        WITH collisions AS (
            SELECT lock_key as colliding_key FROM cco.append_intents
            WHERE (events @? $2::jsonpath) OR ($3::jsonb @? context)
        ),
        zombie_check AS (
            SELECT colliding_key, pg_try_advisory_lock(colliding_key) as is_zombie
            FROM collisions
        ),
        active_collisions AS (
            SELECT colliding_key FROM zombie_check WHERE NOT is_zombie
        ),
        cleanup_zombies AS (
            DELETE FROM cco.append_intents
            WHERE lock_key IN (SELECT colliding_key FROM zombie_check WHERE is_zombie)
        ),
        release_zombie_locks AS (
            SELECT pg_advisory_unlock(colliding_key)
            FROM zombie_check WHERE is_zombie
        ),
        insertion AS (
            INSERT INTO cco.append_intents (intent_id, lock_key, context, events)
            SELECT $1, $4::bigint, $2::jsonpath, $3::jsonb 
            WHERE (SELECT count(*) FROM active_collisions) < 1
            RETURNING true as inserted
        )
        SELECT COALESCE((SELECT inserted FROM insertion), false) as success
      
[DEBUG Postgres.go SQL] Params: []interface {}{"54b302d5-5d4b-47c8-9ee7-0b17e2d0efe5", "$ ? (((((@.type == \"ArticleWritten\" && @.payload.id == \"01kz95b50pqen58mdm8srzmtmr\") || (@.type == \"ArticleDiscarded\" && @.payload.article == \"01kz95b50pqen58mdm8srzmtmr\")) || ((@.type == \"AuthorReferenced\" && @.payload.id == \"01kz95b2txznfygarjd8s2zbvb\") || (@.type == \"AuthorDereferenced\" && @.payload.author == \"01kz95b2txznfygarjd8s2zbvb\"))) || (1 == 0 || ((@.type == \"BookReferenced\" && @.payload.id == \"01kz95b2zfpw5hbg01asksjnxd\") || (@.type == \"BookDereferenced\" && @.payload.book == \"01kz95b2zfpw5hbg01asksjnxd\")))))", "\"[{\\\"payload\\\":{\\\"author\\\":\\\"01kz95b2txznfygarjd8s2zbvb\\\",\\\"books\\\":[\\\"01kz95b2zfpw5hbg01asksjnxd\\\"],\\\"content\\\":\\\"\\\\u003cp\\\\u003eSome HTML Content\\\\u003c/p\\\\u003e\\\",\\\"id\\\":\\\"01kz95b50pqen58mdm8srzmtmr\\\",\\\"illustrations\\\":[],\\\"lead\\\":null,\\\"legacyId\\\":null,\\\"magazineIssue\\\":null,\\\"notes\\\":null,\\\"profitable\\\":true,\\\"slug\\\":\\\"my-realistic-article\\\",\\\"sources\\\":null,\\\"theme\\\":null,\\\"title\\\":\\\"My Realistic Article\\\"},\\\"type\\\":\\\"ArticleWritten\\\"}]\"", "1785940251689811007"}
[DEBUG Postgres.go SELECT] Col: success, Type: bool, Value: true
[DEBUG Postgres.go SQL] Query: BEGIN
[DEBUG Postgres.go SQL] Params: []interface {}{}
[DEBUG Postgres.go JSON_MARSHAL] {"id":"01kz95b50pqen58mdm8srzmtmr"}
[DEBUG Postgres.go JSON_MARSHAL_RAW] map[string]interface {}{"id":"01kz95b50pqen58mdm8srzmtmr"}
[DEBUG Postgres.go JSON_MARSHAL] {"article":"01kz95b50pqen58mdm8srzmtmr"}
[DEBUG Postgres.go JSON_MARSHAL_RAW] map[string]interface {}{"article":"01kz95b50pqen58mdm8srzmtmr"}
[DEBUG Postgres.go JSON_MARSHAL] {"id":"01kz95b2txznfygarjd8s2zbvb"}
[DEBUG Postgres.go JSON_MARSHAL_RAW] map[string]interface {}{"id":"01kz95b2txznfygarjd8s2zbvb"}
[DEBUG Postgres.go JSON_MARSHAL] {"author":"01kz95b2txznfygarjd8s2zbvb"}
[DEBUG Postgres.go JSON_MARSHAL_RAW] map[string]interface {}{"author":"01kz95b2txznfygarjd8s2zbvb"}
[DEBUG Postgres.go JSON_MARSHAL] {"id":"01kz95b2zfpw5hbg01asksjnxd"}
[DEBUG Postgres.go JSON_MARSHAL_RAW] map[string]interface {}{"id":"01kz95b2zfpw5hbg01asksjnxd"}
[DEBUG Postgres.go JSON_MARSHAL] {"book":"01kz95b2zfpw5hbg01asksjnxd"}
[DEBUG Postgres.go JSON_MARSHAL_RAW] map[string]interface {}{"book":"01kz95b2zfpw5hbg01asksjnxd"}
[DEBUG Postgres.go SQL] Query: 
            WITH context AS (SELECT MAX(n) as max_seq FROM events WHERE ((((type = $1 AND payload @> $2::jsonb) OR (type = $3 AND payload @> $4::jsonb)) OR ((type = $5 AND payload @> $6::jsonb) OR (type = $7 AND payload @> $8::jsonb))) OR (false OR ((type = $9 AND payload @> $10::jsonb) OR (type = $11 AND payload @> $12::jsonb)))))
              , registry_cross_check AS (
                  SELECT count(*) as cnt 
                  FROM cco.append_intents other
                  JOIN cco.append_intents me ON me.intent_id = $13
                  WHERE ((other.events @? $14::jsonpath) OR ($15::jsonb @? other.context))
                    AND other.intent_id != $13
                    AND other.lock_key < me.lock_key
              )
            INSERT INTO events (type, payload, meta, at)
            SELECT unnest($16::text[]), unnest($17::jsonb[]), unnest($18::jsonb[]), NOW() AT TIME ZONE 'UTC'
            FROM context
            WHERE COALESCE(max_seq, 0) = 5
             AND (SELECT cnt FROM registry_cross_check) = 0
            RETURNING n::text, id::text, type::text, payload::text, meta::text, CAST(EXTRACT(EPOCH FROM at) * 1000 AS float8)::text AS at
            
[DEBUG Postgres.go SQL] Params: []interface {}{"ArticleWritten", "{\"id\":\"01kz95b50pqen58mdm8srzmtmr\"}", "ArticleDiscarded", "{\"article\":\"01kz95b50pqen58mdm8srzmtmr\"}", "AuthorReferenced", "{\"id\":\"01kz95b2txznfygarjd8s2zbvb\"}", "AuthorDereferenced", "{\"author\":\"01kz95b2txznfygarjd8s2zbvb\"}", "BookReferenced", "{\"id\":\"01kz95b2zfpw5hbg01asksjnxd\"}", "BookDereferenced", "{\"book\":\"01kz95b2zfpw5hbg01asksjnxd\"}", "54b302d5-5d4b-47c8-9ee7-0b17e2d0efe5", "$ ? (((((@.type == \"ArticleWritten\" && @.payload.id == \"01kz95b50pqen58mdm8srzmtmr\") || (@.type == \"ArticleDiscarded\" && @.payload.article == \"01kz95b50pqen58mdm8srzmtmr\")) || ((@.type == \"AuthorReferenced\" && @.payload.id == \"01kz95b2txznfygarjd8s2zbvb\") || (@.type == \"AuthorDereferenced\" && @.payload.author == \"01kz95b2txznfygarjd8s2zbvb\"))) || (1 == 0 || ((@.type == \"BookReferenced\" && @.payload.id == \"01kz95b2zfpw5hbg01asksjnxd\") || (@.type == \"BookDereferenced\" && @.payload.book == \"01kz95b2zfpw5hbg01asksjnxd\")))))", "[{\"payload\":{\"author\":\"01kz95b2txznfygarjd8s2zbvb\",\"books\":[\"01kz95b2zfpw5hbg01asksjnxd\"],\"content\":\"\\u003cp\\u003eSome HTML Content\\u003c/p\\u003e\",\"id\":\"01kz95b50pqen58mdm8srzmtmr\",\"illustrations\":[],\"lead\":null,\"legacyId\":null,\"magazineIssue\":null,\"notes\":null,\"profitable\":true,\"slug\":\"my-realistic-article\",\"sources\":null,\"theme\":null,\"title\":\"My Realistic Article\"},\"type\":\"ArticleWritten\"}]", []interface {}{"ArticleWritten"}, []interface {}{map[string]interface {}{"author":"01kz95b2txznfygarjd8s2zbvb", "books":[]interface {}{"01kz95b2zfpw5hbg01asksjnxd"}, "content":"<p>Some HTML Content</p>", "id":"01kz95b50pqen58mdm8srzmtmr", "illustrations":[]interface {}{}, "lead":interface {}(nil), "legacyId":interface {}(nil), "magazineIssue":interface {}(nil), "notes":interface {}(nil), "profitable":true, "slug":"my-realistic-article", "sources":interface {}(nil), "theme":interface {}(nil), "title":"My Realistic Article"}}, []interface {}{map[string]interface {}{"trace":map[string]interface {}{"append":"01kz95b519yehvp7ksfg381z2c", "cause":interface {}(nil), "run":"01kz95b2ttb8x08xspzxv7abwg"}}}}
[DEBUG Postgres.go SELECT] Col: n, Type: string, Value: 7
[DEBUG Postgres.go SELECT] Col: id, Type: string, Value: 01kz95b51bbw337qqf7bv22jgf
[DEBUG Postgres.go SELECT] Col: type, Type: string, Value: ArticleWritten
[DEBUG Postgres.go SELECT] Col: payload, Type: string, Value: {"id": "01kz95b50pqen58mdm8srzmtmr", "lead": null, "slug": "my-realistic-article", "books": ["01kz95b2zfpw5hbg01asksjnxd"], "notes": null, "theme": null, "title": "My Realistic Article", "author": "01kz95b2txznfygarjd8s2zbvb", "content": "<p>Some HTML Content</p>", "sources": null, "legacyId": null, "profitable": true, "illustrations": [], "magazineIssue": null}
[DEBUG Postgres.go SELECT] Col: meta, Type: string, Value: {"trace": {"run": "01kz95b2ttb8x08xspzxv7abwg", "cause": null, "append": "01kz95b519yehvp7ksfg381z2c"}}
[DEBUG Postgres.go SELECT] Col: at, Type: string, Value: 1785940251690.92
[DEBUG Postgres.go SQL] Query: DELETE FROM cco.append_intents WHERE intent_id = $1
[DEBUG Postgres.go SQL] Params: []interface {}{"54b302d5-5d4b-47c8-9ee7-0b17e2d0efe5"}
[DEBUG Postgres.go SQL] Query: SELECT pg_advisory_unlock($1::bigint)
[DEBUG Postgres.go SQL] Params: []interface {}{"1785940251689811007"}
[DEBUG Postgres.go SELECT] Col: pg_advisory_unlock, Type: bool, Value: true
[DEBUG Postgres.go SQL] Query: COMMIT
[DEBUG Postgres.go SQL] Params: []interface {}{}
[DEBUG Postgres.go SQL] Query: SELECT pg_advisory_unlock_all()
[DEBUG Postgres.go SQL] Params: []interface {}{}
[DEBUG Postgres.go SELECT] Col: pg_advisory_unlock_all, Type: string, Value: 
[DEBUG Postgres.go SQL execute] Query: 
      CREATE SCHEMA IF NOT EXISTS "proj_search_articles";
      CREATE TABLE IF NOT EXISTS "proj_search_articles"._meta (
        singleton BOOLEAN PRIMARY KEY DEFAULT TRUE CHECK (singleton),
        checkpoint BIGINT NOT NULL,
        state VARCHAR NOT NULL,
        created_at TIMESTAMP NOT NULL DEFAULT (NOW() AT TIME ZONE 'UTC'),
        updated_at TIMESTAMP NOT NULL DEFAULT (NOW() AT TIME ZONE 'UTC'),
        updated_model_at TIMESTAMP NOT NULL DEFAULT (NOW() AT TIME ZONE 'UTC')
      );
      
[DEBUG Postgres.go SQL execute] Params: []interface {}{}
[DEBUG Postgres.go SQL] Query: SELECT checkpoint::varchar FROM "proj_search_articles"._meta WHERE singleton = TRUE
[DEBUG Postgres.go SQL] Params: []interface {}{}
[DEBUG Postgres.go JSON_MARSHAL] {"type":"Running","value":null}
[DEBUG Postgres.go JSON_MARSHAL_RAW] map[string]interface {}{"type":"Running", "value":interface {}(nil)}
[DEBUG Postgres.go SQL] Query: INSERT INTO "proj_search_articles"._meta (checkpoint, state) VALUES (0, $1) ON CONFLICT (singleton) DO NOTHING
[DEBUG Postgres.go SQL] Params: []interface {}{"{\"type\":\"Running\",\"value\":null}"}
[DEBUG Postgres.go SQL] Query: 
        WITH horizon AS (SELECT pg_snapshot_xmin(pg_current_snapshot())::text::bigint as min_xact)
        SELECT n::text, id::text, type::text, payload::text, meta::text, CAST(EXTRACT(EPOCH FROM at) * 1000 AS float8)::text AS at 
        FROM events, horizon 
        WHERE 
        n >= $1 AND (xact < horizon.min_xact OR at < NOW() - INTERVAL '1 minute')
ORDER BY events.n ASC
[DEBUG Postgres.go SQL] Params: []interface {}{"0"}
[DEBUG Postgres.go SELECT] Col: n, Type: string, Value: 1
[DEBUG Postgres.go SELECT] Col: id, Type: string, Value: 01kz95b2x86z17bh6xah5sedkc
[DEBUG Postgres.go SELECT] Col: type, Type: string, Value: AuthorReferenced
[DEBUG Postgres.go SELECT] Col: payload, Type: string, Value: {"id": "01kz95b2txznfygarjd8s2zbvb", "name": "Zola", "portrait": null, "biography": "Blablah...", "legacyIds": []}
[DEBUG Postgres.go SELECT] Col: meta, Type: string, Value: {"trace": {"run": "01kz95b2ttb8x08xspzxv7abwg", "cause": null, "append": "01kz95b2x21am27z9yk8a5rrhf"}}
[DEBUG Postgres.go SELECT] Col: at, Type: string, Value: 1785940249511.407
[DEBUG Postgres.go SELECT] Col: n, Type: string, Value: 2
[DEBUG Postgres.go SELECT] Col: id, Type: string, Value: 01kz95b2y2nd39tnwx3gfb08t1
[DEBUG Postgres.go SELECT] Col: type, Type: string, Value: EditorReferenced
[DEBUG Postgres.go SELECT] Col: payload, Type: string, Value: {"id": "01kz95b2xawhh0kb9xrdmg79f7", "name": "Flammarion", "legacyBookIds": [1]}
[DEBUG Postgres.go SELECT] Col: meta, Type: string, Value: {"trace": {"run": "01kz95b2ttb8x08xspzxv7abwg", "cause": null, "append": "01kz95b2y1rpvx0atqtrxtawva"}}
[DEBUG Postgres.go SELECT] Col: at, Type: string, Value: 1785940249538.266
[DEBUG Postgres.go SELECT] Col: n, Type: string, Value: 3
[DEBUG Postgres.go SELECT] Col: id, Type: string, Value: 01kz95b2z009nvqk2mmd7jr0k6
[DEBUG Postgres.go SELECT] Col: type, Type: string, Value: BookReferenced
[DEBUG Postgres.go SELECT] Col: payload, Type: string, Value: {"id": "01kz95b2y4fgamndhbdykm6cf8", "name": "Harry Potter et la Chambre des Secrets", "year": {"year": 1998, "approximately": false}, "cover": {"src": "path/to/a1b2c3d4e5f6g7h8.png", "hash": "a1b2c3d4e5f6g7h8", "size": 123456, "mimeType": "image/png", "dimensions": {"width": 800, "height": 600}}, "editor": "01kz95b2xawhh0kb9xrdmg79f7", "authors": ["01kz95b2txznfygarjd8s2zbvb"], "legacyId": null}
[DEBUG Postgres.go SELECT] Col: meta, Type: string, Value: {"trace": {"run": "01kz95b2ttb8x08xspzxv7abwg", "cause": null, "append": "01kz95b2yxpqf65jj3gahcjzcm"}}
[DEBUG Postgres.go SELECT] Col: at, Type: string, Value: 1785940249567.263
[DEBUG Postgres.go SELECT] Col: n, Type: string, Value: 4
[DEBUG Postgres.go SELECT] Col: id, Type: string, Value: 01kz95b2ze4ggsdvmnsejnd549
[DEBUG Postgres.go SELECT] Col: type, Type: string, Value: BookReferenced
[DEBUG Postgres.go SELECT] Col: payload, Type: string, Value: {"id": "01kz95b2z1w9y906ckjtm1st2x", "name": "Le Seigneur des Anneaux", "year": {"year": 1954, "approximately": false}, "cover": {"src": "path/to/a1b2c3d4e5f6g7h8.png", "hash": "a1b2c3d4e5f6g7h8", "size": 123456, "mimeType": "image/png", "dimensions": {"width": 800, "height": 600}}, "editor": "01kz95b2xawhh0kb9xrdmg79f7", "authors": ["01kz95b2txznfygarjd8s2zbvb"], "legacyId": null}
[DEBUG Postgres.go SELECT] Col: meta, Type: string, Value: {"trace": {"run": "01kz95b2ttb8x08xspzxv7abwg", "cause": null, "append": "01kz95b2zd7e2trby0cajhpg45"}}
[DEBUG Postgres.go SELECT] Col: at, Type: string, Value: 1785940249582.199
[DEBUG Postgres.go SELECT] Col: n, Type: string, Value: 5
[DEBUG Postgres.go SELECT] Col: id, Type: string, Value: 01kz95b2zttfy23jtqtmgj00y5
[DEBUG Postgres.go SELECT] Col: type, Type: string, Value: BookReferenced
[DEBUG Postgres.go SELECT] Col: payload, Type: string, Value: {"id": "01kz95b2zfpw5hbg01asksjnxd", "name": "Germinal", "year": {"year": 1885, "approximately": false}, "cover": null, "editor": "01kz95b2xawhh0kb9xrdmg79f7", "authors": ["01kz95b2txznfygarjd8s2zbvb"], "legacyId": null}
[DEBUG Postgres.go SELECT] Col: meta, Type: string, Value: {"trace": {"run": "01kz95b2ttb8x08xspzxv7abwg", "cause": null, "append": "01kz95b2zsxp2fmn0gd2q0dm46"}}
[DEBUG Postgres.go SELECT] Col: at, Type: string, Value: 1785940249593.988
[DEBUG Postgres.go SELECT] Col: n, Type: string, Value: 6
[DEBUG Postgres.go SELECT] Col: id, Type: string, Value: 01kz95b50nphc69xtvcrz55a2n
[DEBUG Postgres.go SELECT] Col: type, Type: string, Value: ArticleWritten
[DEBUG Postgres.go SELECT] Col: payload, Type: string, Value: {"id": "01kz95b4yg4ek2h59nqsgry3n3", "lead": null, "slug": "my-fantasy-article", "books": ["01kz95b2y4fgamndhbdykm6cf8", "01kz95b2z1w9y906ckjtm1st2x"], "notes": null, "theme": null, "title": "My Fantasy Article", "author": "01kz95b2txznfygarjd8s2zbvb", "content": "<p>Some HTML Content</p>", "sources": null, "legacyId": null, "profitable": true, "illustrations": [], "magazineIssue": null}
[DEBUG Postgres.go SELECT] Col: meta, Type: string, Value: {"trace": {"run": "01kz95b2ttb8x08xspzxv7abwg", "cause": null, "append": "01kz95b50kes4n3kty2rbee8yc"}}
[DEBUG Postgres.go SELECT] Col: at, Type: string, Value: 1785940251668.809
[DEBUG Postgres.go SELECT] Col: n, Type: string, Value: 7
[DEBUG Postgres.go SELECT] Col: id, Type: string, Value: 01kz95b51bbw337qqf7bv22jgf
[DEBUG Postgres.go SELECT] Col: type, Type: string, Value: ArticleWritten
[DEBUG Postgres.go SELECT] Col: payload, Type: string, Value: {"id": "01kz95b50pqen58mdm8srzmtmr", "lead": null, "slug": "my-realistic-article", "books": ["01kz95b2zfpw5hbg01asksjnxd"], "notes": null, "theme": null, "title": "My Realistic Article", "author": "01kz95b2txznfygarjd8s2zbvb", "content": "<p>Some HTML Content</p>", "sources": null, "legacyId": null, "profitable": true, "illustrations": [], "magazineIssue": null}
[DEBUG Postgres.go SELECT] Col: meta, Type: string, Value: {"trace": {"run": "01kz95b2ttb8x08xspzxv7abwg", "cause": null, "append": "01kz95b519yehvp7ksfg381z2c"}}
[DEBUG Postgres.go SELECT] Col: at, Type: string, Value: 1785940251690.92
[DEBUG Postgres.go JSON_MARSHAL] {"biography":"Blablah...","id":"01kz95b2txznfygarjd8s2zbvb","name":"Zola","portrait":null}
[DEBUG Postgres.go JSON_MARSHAL_RAW] map[string]interface {}{"biography":"Blablah...", "id":"01kz95b2txznfygarjd8s2zbvb", "name":"Zola", "portrait":interface {}(nil)}
[DEBUG Postgres.go SQL] Query: INSERT INTO "proj_search_articles"."authors" (key, key_aliases, value) VALUES ($1, $2, $3) ON CONFLICT (key) DO UPDATE SET value = EXCLUDED.value, key_aliases = EXCLUDED.key_aliases, updated_at = (NOW() AT TIME ZONE 'UTC') RETURNING EXTRACT(EPOCH FROM updated_at)::varchar AS updated_at
[DEBUG Postgres.go SQL] Params: []interface {}{"01kz95b2txznfygarjd8s2zbvb", []interface {}{}, "{\"biography\":\"Blablah...\",\"id\":\"01kz95b2txznfygarjd8s2zbvb\",\"name\":\"Zola\",\"portrait\":null}"}
[DEBUG Postgres.go SQL execute] Query: 
      CREATE EXTENSION IF NOT EXISTS pg_trgm;
      CREATE EXTENSION IF NOT EXISTS rum;
      CREATE EXTENSION IF NOT EXISTS unaccent;

      CREATE SCHEMA IF NOT EXISTS fts;

      -- Centralized Text Normalization
      CREATE OR REPLACE FUNCTION fts.normalize(w text) RETURNS text AS $$
      BEGIN
          RETURN unaccent(lower(w));
      END;
      $$ LANGUAGE plpgsql IMMUTABLE;

      CREATE SCHEMA IF NOT EXISTS "proj_search_articles";

      -- FTS Words Table
      CREATE TABLE IF NOT EXISTS "proj_search_articles".fts_words (
          word TEXT PRIMARY KEY,
          doc_count INT DEFAULT 1
      );
      CREATE INDEX IF NOT EXISTS idx_proj_search_articles_fts_words_trgm ON "proj_search_articles".fts_words USING gin (word gin_trgm_ops);
      CREATE INDEX IF NOT EXISTS idx_proj_search_articles_fts_words_doc_count ON "proj_search_articles".fts_words (doc_count);

      -- FTS Word Couples Table
      CREATE TABLE IF NOT EXISTS "proj_search_articles".fts_word_couples (
          concat_word TEXT PRIMARY KEY,
          separated_words TEXT,
          doc_count INT DEFAULT 1
      );
      CREATE INDEX IF NOT EXISTS idx_proj_search_articles_fts_word_couples_trgm ON "proj_search_articles".fts_word_couples USING gin (concat_word gin_trgm_ops);
      CREATE INDEX IF NOT EXISTS idx_proj_search_articles_fts_word_couples_doc_count ON "proj_search_articles".fts_word_couples (doc_count);

      -- FTS Dictionary Candidates Extraction
      CREATE OR REPLACE FUNCTION fts.find_candidates(schema_name text, w text) RETURNS text[] AS $$
      DECLARE
          candidates text[];
          w_arr text[];
      BEGIN
          IF length(w) < 4 THEN
              RETURN ARRAY[w];
          END IF;
          
          IF length(w) < 6 THEN
              PERFORM set_config('pg_trgm.similarity_threshold', '0.20', true);
          ELSIF length(w) < 8 THEN
              PERFORM set_config('pg_trgm.similarity_threshold', '0.25', true);
          ELSE
              PERFORM set_config('pg_trgm.similarity_threshold', '0.35', true);
          END IF;

          w_arr := string_to_array(w, NULL);

          EXECUTE format('
              SELECT array_agg(ranked.word) FROM (
                  SELECT sub.word 
                  FROM (
                      SELECT d.word, 
                             d.doc_count,
                             (SELECT count(*) FROM (SELECT unnest($2) INTERSECT SELECT unnest(string_to_array(d.word, NULL))) x)::float AS overlap,
                             (SELECT count(DISTINCT x) FROM unnest(string_to_array(d.word, NULL)) AS t(x))::float AS unique_len
                      FROM %I.fts_words d 
                      WHERE d.word %% $1
                  ) sub
                  WHERE abs(sub.unique_len - (SELECT count(DISTINCT x) FROM unnest($2) AS t(x))::float) <= 2.0
                    AND abs(length(sub.word) - length($1)) <= 2
                  ORDER BY 
                      (sub.word LIKE $1 || ''%%'') DESC,
                      (left(sub.word, 1) = left($1, 1) OR (length($1) >= 2 AND left(sub.word, 2) = substring($1 from 2 for 1) || left($1, 1))) DESC,
                      sub.overlap DESC,
                      (sub.overlap / GREATEST(sub.unique_len, 1.0)) DESC,
                      similarity(sub.word, $1) DESC,
                      sub.doc_count DESC
                  LIMIT 8
              ) ranked;
          ', schema_name) INTO candidates USING w, w_arr;

          RETURN coalesce(candidates, ARRAY[]::text[]);
      END;
      $$ LANGUAGE plpgsql STABLE;

      -- FTS Dictionary Query Expansion
      CREATE OR REPLACE FUNCTION fts.expand_query(schema_name text, search_query text, quick_nothing_better_than_slower_something boolean DEFAULT false) RETURNS tsquery AS $$
      DECLARE
          words text[];
          clauses text[] := ARRAY[]::text[];
          candidates text[];
          w text;
          best_couple text;
          single_clause text;
          couple_clause text;
          expanded text;
          word_exists boolean;
      BEGIN
          search_query := regexp_replace(search_query, '[[:punct:]]', ' ', 'g');
          words := regexp_split_to_array(trim(search_query), '\s+');
          IF array_length(words, 1) IS NULL THEN
              RETURN websearch_to_tsquery('french'::regconfig, search_query);
          END IF;

          FOR i IN 1..array_length(words, 1) LOOP
              w := words[i];
              IF w = '' THEN CONTINUE; END IF;
              
              w := fts.normalize(w);
              
              IF w IN ('a', 'afin', 'ai', 'aie', 'aient', 'aies', 'ainsi', 'ait', 'apres', 'as', 'attendu', 'au', 'aujourd', 'auquel', 'aura', 'aurai', 'auraient', 'aurais', 'aurait', 'auras', 'aurez', 'auriez', 'aurions', 'aurons', 'auront', 'aussi', 'autre', 'autres', 'aux', 'auxquelles', 'auxquels', 'avaient', 'avais', 'avait', 'avant', 'avec', 'avez', 'aviez', 'avions', 'avoir', 'avons', 'ayant', 'ayante', 'ayantes', 'ayants', 'ayez', 'ayons', 'c', 'ca', 'car', 'ce', 'ceci', 'cela', 'celle', 'celles', 'celui', 'cependant', 'certain', 'certaine', 'certaines', 'certains', 'ces', 'cet', 'cette', 'ceux', 'chez', 'ci', 'combien', 'comme', 'comment', 'compris', 'concernant', 'contre', 'd', 'dans', 'de', 'debout', 'dedans', 'dehors', 'dela', 'depuis', 'derriere', 'des', 'desormais', 'desquelles', 'desquels', 'dessous', 'dessus', 'devant', 'devers', 'devra', 'divers', 'diverse', 'diverses', 'doit', 'donc', 'dont', 'du', 'duquel', 'durant', 'elle', 'elles', 'en', 'entre', 'environ', 'es', 'est', 'et', 'etaient', 'etais', 'etait', 'etant', 'etante', 'etantes', 'etants', 'etat', 'etc', 'ete', 'etee', 'etees', 'etes', 'etiez', 'etions', 'etre', 'eu', 'eue', 'eues', 'euh', 'eumes', 'eurent', 'eus', 'eusse', 'eussent', 'eusses', 'eussiez', 'eussions', 'eut', 'eutes', 'eux', 'excepte', 'fumes', 'furent', 'fus', 'fusse', 'fussent', 'fusses', 'fussiez', 'fussions', 'fut', 'futes', 'helas', 'hormis', 'hors', 'hui', 'il', 'ils', 'j', 'je', 'jusqu', 'jusque', 'l', 'la', 'laquelle', 'le', 'lequel', 'les', 'lesquelles', 'lesquels', 'leur', 'leurs', 'lorsque', 'lui', 'm', 'ma', 'mais', 'malgre', 'me', 'meme', 'memes', 'merci', 'mes', 'mien', 'mienne', 'miennes', 'miens', 'moi', 'moins', 'mon', 'moyennant', 'n', 'ne', 'neanmoins', 'ni', 'non', 'nos', 'notre', 'notres', 'nous', 'on', 'ont', 'ou', 'outre', 'par', 'parmi', 'partant', 'pas', 'passe', 'pendant', 'plein', 'plus', 'plusieurs', 'pour', 'pourquoi', 'pres', 'proche', 'puisque', 'qu', 'quand', 'que', 'quel', 'quelle', 'quelles', 'quels', 'qui', 'quoi', 'quoique', 'revoici', 'revoila', 's', 'sa', 'sans', 'sauf', 'se', 'sera', 'serai', 'seraient', 'serais', 'serait', 'seras', 'serez', 'seriez', 'serions', 'serons', 'seront', 'ses', 'si', 'sien', 'sienne', 'siennes', 'siens', 'sinon', 'soi', 'soient', 'sois', 'soit', 'sommes', 'son', 'sont', 'sous', 'soyez', 'soyons', 'suis', 'suite', 'sur', 't', 'ta', 'te', 'tel', 'telle', 'telles', 'tels', 'tes', 'tien', 'tienne', 'tiennes', 'tiens', 'toi', 'ton', 'tous', 'tout', 'toute', 'toutes', 'tu', 'un', 'une', 'unes', 'uns', 'voici', 'voila', 'vos', 'votre', 'votres', 'vous', 'vu', 'y') OR length(to_tsvector('french'::regconfig, w)) = 0 THEN
                  CONTINUE;
              END IF;
              
              -- 1. Single word candidates
              EXECUTE format('SELECT EXISTS(SELECT 1 FROM %I.fts_words WHERE word = $1)', schema_name) INTO word_exists USING w;
              IF word_exists THEN
                  candidates := ARRAY[w];
              ELSE
                  candidates := fts.find_candidates(schema_name, w);
              END IF;
              
              single_clause := '';
              IF array_length(candidates, 1) > 0 THEN
                  single_clause := '(' || array_to_string(candidates, ' | ') || ')';
              ELSE
                  single_clause := w;
              END IF;

              -- 2. Word couple candidates
              couple_clause := '';
              -- Why not "AND NOT word_exists"? Consider "socio-économique" and "socioéconomique" (both are correct)
              IF NOT quick_nothing_better_than_slower_something AND length(w) >= 6 THEN
                  PERFORM set_config('pg_trgm.similarity_threshold', '0.33', true);
                  
                  EXECUTE format('
                      SELECT separated_words 
                      FROM %I.fts_word_couples 
                      WHERE concat_word %% $1
                        AND abs(length(concat_word) - length($1)) <= 1
                      ORDER BY similarity(concat_word, $1) DESC, doc_count DESC 
                      LIMIT 1
                  ', schema_name) INTO best_couple USING w;
                  
                  IF best_couple IS NOT NULL THEN
                      couple_clause := '(' || replace(best_couple, ' ', ' & ') || ')';
                  END IF;
              END IF;

              -- 3. Combine clauses
              IF couple_clause <> '' THEN
                  clauses := array_append(clauses, '(' || single_clause || ' | ' || couple_clause || ')');
              ELSE
                  clauses := array_append(clauses, single_clause);
              END IF;
          END LOOP;

          IF array_length(clauses, 1) IS NULL THEN
              RETURN websearch_to_tsquery('french'::regconfig, search_query);
          END IF;

          IF quick_nothing_better_than_slower_something THEN
              expanded := array_to_string(clauses, ' & ');
          ELSE
              expanded := array_to_string(clauses, ' | ');
          END IF;

          BEGIN
              RETURN to_tsquery('french'::regconfig, expanded);
          EXCEPTION WHEN OTHERS THEN
              RETURN websearch_to_tsquery('french'::regconfig, search_query);
          END;
      END;
      $$ LANGUAGE plpgsql STABLE;
      
      CREATE TABLE IF NOT EXISTS "proj_search_articles"."authors" (
        n BIGSERIAL PRIMARY KEY,
        key VARCHAR NOT NULL,
        key_aliases TEXT[] NOT NULL DEFAULT '{}',
        value JSONB NOT NULL,
        updated_at TIMESTAMP NOT NULL DEFAULT (NOW() AT TIME ZONE 'UTC')
      );

      CREATE UNIQUE INDEX IF NOT EXISTS idx_proj_search_articles_authors_key ON "proj_search_articles"."authors" (key);
      CREATE INDEX IF NOT EXISTS idx_proj_search_articles_authors_key_aliases ON "proj_search_articles"."authors" USING gin(key_aliases);
      CREATE INDEX IF NOT EXISTS idx_proj_search_articles_authors_value ON "proj_search_articles"."authors" USING gin(value);
      

[DEBUG Postgres.go SQL execute] Params: []interface {}{}
[DEBUG Postgres.go JSON_MARSHAL] {"biography":"Blablah...","id":"01kz95b2txznfygarjd8s2zbvb","name":"Zola","portrait":null}
[DEBUG Postgres.go JSON_MARSHAL_RAW] map[string]interface {}{"biography":"Blablah...", "id":"01kz95b2txznfygarjd8s2zbvb", "name":"Zola", "portrait":interface {}(nil)}
[DEBUG Postgres.go SQL] Query: INSERT INTO "proj_search_articles"."authors" (key, key_aliases, value) VALUES ($1, $2, $3) ON CONFLICT (key) DO UPDATE SET value = EXCLUDED.value, key_aliases = EXCLUDED.key_aliases, updated_at = (NOW() AT TIME ZONE 'UTC') RETURNING EXTRACT(EPOCH FROM updated_at)::varchar AS updated_at
[DEBUG Postgres.go SQL] Params: []interface {}{"01kz95b2txznfygarjd8s2zbvb", []interface {}{}, "{\"biography\":\"Blablah...\",\"id\":\"01kz95b2txznfygarjd8s2zbvb\",\"name\":\"Zola\",\"portrait\":null}"}
[DEBUG Postgres.go SELECT] Col: updated_at, Type: string, Value: 1785940253.735081
[DEBUG Postgres.go JSON_MARSHAL] {"authors":["01kz95b2txznfygarjd8s2zbvb"],"cover":{"dimensions":{"height":600,"width":800},"hash":"a1b2c3d4e5f6g7h8","mimeType":"image/png","size":123456,"src":"path/to/a1b2c3d4e5f6g7h8.png"},"editor":"01kz95b2xawhh0kb9xrdmg79f7","id":"01kz95b2y4fgamndhbdykm6cf8","name":"Harry Potter et la Chambre des Secrets","year":{"approximately":false,"year":1998}}
[DEBUG Postgres.go JSON_MARSHAL_RAW] map[string]interface {}{"authors":[]interface {}{"01kz95b2txznfygarjd8s2zbvb"}, "cover":map[string]interface {}{"dimensions":map[string]interface {}{"height":600, "width":800}, "hash":"a1b2c3d4e5f6g7h8", "mimeType":"image/png", "size":123456, "src":"path/to/a1b2c3d4e5f6g7h8.png"}, "editor":"01kz95b2xawhh0kb9xrdmg79f7", "id":"01kz95b2y4fgamndhbdykm6cf8", "name":"Harry Potter et la Chambre des Secrets", "year":map[string]interface {}{"approximately":false, "year":1998}}
[DEBUG Postgres.go SQL] Query: INSERT INTO "proj_search_articles"."books" (key, key_aliases, value) VALUES ($1, $2, $3) ON CONFLICT (key) DO UPDATE SET value = EXCLUDED.value, key_aliases = EXCLUDED.key_aliases, updated_at = (NOW() AT TIME ZONE 'UTC') RETURNING EXTRACT(EPOCH FROM updated_at)::varchar AS updated_at
[DEBUG Postgres.go SQL] Params: []interface {}{"01kz95b2y4fgamndhbdykm6cf8", []interface {}{}, "{\"authors\":[\"01kz95b2txznfygarjd8s2zbvb\"],\"cover\":{\"dimensions\":{\"height\":600,\"width\":800},\"hash\":\"a1b2c3d4e5f6g7h8\",\"mimeType\":\"image/png\",\"size\":123456,\"src\":\"path/to/a1b2c3d4e5f6g7h8.png\"},\"editor\":\"01kz95b2xawhh0kb9xrdmg79f7\",\"id\":\"01kz95b2y4fgamndhbdykm6cf8\",\"name\":\"Harry Potter et la Chambre des Secrets\",\"year\":{\"approximately\":false,\"year\":1998}}"}
[DEBUG Postgres.go SQL execute] Query: 
      CREATE EXTENSION IF NOT EXISTS pg_trgm;
      CREATE EXTENSION IF NOT EXISTS rum;
      CREATE EXTENSION IF NOT EXISTS unaccent;

      CREATE SCHEMA IF NOT EXISTS fts;

      -- Centralized Text Normalization
      CREATE OR REPLACE FUNCTION fts.normalize(w text) RETURNS text AS $$
      BEGIN
          RETURN unaccent(lower(w));
      END;
      $$ LANGUAGE plpgsql IMMUTABLE;

      CREATE SCHEMA IF NOT EXISTS "proj_search_articles";

      -- FTS Words Table
      CREATE TABLE IF NOT EXISTS "proj_search_articles".fts_words (
          word TEXT PRIMARY KEY,
          doc_count INT DEFAULT 1
      );
      CREATE INDEX IF NOT EXISTS idx_proj_search_articles_fts_words_trgm ON "proj_search_articles".fts_words USING gin (word gin_trgm_ops);
      CREATE INDEX IF NOT EXISTS idx_proj_search_articles_fts_words_doc_count ON "proj_search_articles".fts_words (doc_count);

      -- FTS Word Couples Table
      CREATE TABLE IF NOT EXISTS "proj_search_articles".fts_word_couples (
          concat_word TEXT PRIMARY KEY,
          separated_words TEXT,
          doc_count INT DEFAULT 1
      );
      CREATE INDEX IF NOT EXISTS idx_proj_search_articles_fts_word_couples_trgm ON "proj_search_articles".fts_word_couples USING gin (concat_word gin_trgm_ops);
      CREATE INDEX IF NOT EXISTS idx_proj_search_articles_fts_word_couples_doc_count ON "proj_search_articles".fts_word_couples (doc_count);

      -- FTS Dictionary Candidates Extraction
      CREATE OR REPLACE FUNCTION fts.find_candidates(schema_name text, w text) RETURNS text[] AS $$
      DECLARE
          candidates text[];
          w_arr text[];
      BEGIN
          IF length(w) < 4 THEN
              RETURN ARRAY[w];
          END IF;
          
          IF length(w) < 6 THEN
              PERFORM set_config('pg_trgm.similarity_threshold', '0.20', true);
          ELSIF length(w) < 8 THEN
              PERFORM set_config('pg_trgm.similarity_threshold', '0.25', true);
          ELSE
              PERFORM set_config('pg_trgm.similarity_threshold', '0.35', true);
          END IF;

          w_arr := string_to_array(w, NULL);

          EXECUTE format('
              SELECT array_agg(ranked.word) FROM (
                  SELECT sub.word 
                  FROM (
                      SELECT d.word, 
                             d.doc_count,
                             (SELECT count(*) FROM (SELECT unnest($2) INTERSECT SELECT unnest(string_to_array(d.word, NULL))) x)::float AS overlap,
                             (SELECT count(DISTINCT x) FROM unnest(string_to_array(d.word, NULL)) AS t(x))::float AS unique_len
                      FROM %I.fts_words d 
                      WHERE d.word %% $1
                  ) sub
                  WHERE abs(sub.unique_len - (SELECT count(DISTINCT x) FROM unnest($2) AS t(x))::float) <= 2.0
                    AND abs(length(sub.word) - length($1)) <= 2
                  ORDER BY 
                      (sub.word LIKE $1 || ''%%'') DESC,
                      (left(sub.word, 1) = left($1, 1) OR (length($1) >= 2 AND left(sub.word, 2) = substring($1 from 2 for 1) || left($1, 1))) DESC,
                      sub.overlap DESC,
                      (sub.overlap / GREATEST(sub.unique_len, 1.0)) DESC,
                      similarity(sub.word, $1) DESC,
                      sub.doc_count DESC
                  LIMIT 8
              ) ranked;
          ', schema_name) INTO candidates USING w, w_arr;

          RETURN coalesce(candidates, ARRAY[]::text[]);
      END;
      $$ LANGUAGE plpgsql STABLE;

      -- FTS Dictionary Query Expansion
      CREATE OR REPLACE FUNCTION fts.expand_query(schema_name text, search_query text, quick_nothing_better_than_slower_something boolean DEFAULT false) RETURNS tsquery AS $$
      DECLARE
          words text[];
          clauses text[] := ARRAY[]::text[];
          candidates text[];
          w text;
          best_couple text;
          single_clause text;
          couple_clause text;
          expanded text;
          word_exists boolean;
      BEGIN
          search_query := regexp_replace(search_query, '[[:punct:]]', ' ', 'g');
          words := regexp_split_to_array(trim(search_query), '\s+');
          IF array_length(words, 1) IS NULL THEN
              RETURN websearch_to_tsquery('french'::regconfig, search_query);
          END IF;

          FOR i IN 1..array_length(words, 1) LOOP
              w := words[i];
              IF w = '' THEN CONTINUE; END IF;
              
              w := fts.normalize(w);
              
              IF w IN ('a', 'afin', 'ai', 'aie', 'aient', 'aies', 'ainsi', 'ait', 'apres', 'as', 'attendu', 'au', 'aujourd', 'auquel', 'aura', 'aurai', 'auraient', 'aurais', 'aurait', 'auras', 'aurez', 'auriez', 'aurions', 'aurons', 'auront', 'aussi', 'autre', 'autres', 'aux', 'auxquelles', 'auxquels', 'avaient', 'avais', 'avait', 'avant', 'avec', 'avez', 'aviez', 'avions', 'avoir', 'avons', 'ayant', 'ayante', 'ayantes', 'ayants', 'ayez', 'ayons', 'c', 'ca', 'car', 'ce', 'ceci', 'cela', 'celle', 'celles', 'celui', 'cependant', 'certain', 'certaine', 'certaines', 'certains', 'ces', 'cet', 'cette', 'ceux', 'chez', 'ci', 'combien', 'comme', 'comment', 'compris', 'concernant', 'contre', 'd', 'dans', 'de', 'debout', 'dedans', 'dehors', 'dela', 'depuis', 'derriere', 'des', 'desormais', 'desquelles', 'desquels', 'dessous', 'dessus', 'devant', 'devers', 'devra', 'divers', 'diverse', 'diverses', 'doit', 'donc', 'dont', 'du', 'duquel', 'durant', 'elle', 'elles', 'en', 'entre', 'environ', 'es', 'est', 'et', 'etaient', 'etais', 'etait', 'etant', 'etante', 'etantes', 'etants', 'etat', 'etc', 'ete', 'etee', 'etees', 'etes', 'etiez', 'etions', 'etre', 'eu', 'eue', 'eues', 'euh', 'eumes', 'eurent', 'eus', 'eusse', 'eussent', 'eusses', 'eussiez', 'eussions', 'eut', 'eutes', 'eux', 'excepte', 'fumes', 'furent', 'fus', 'fusse', 'fussent', 'fusses', 'fussiez', 'fussions', 'fut', 'futes', 'helas', 'hormis', 'hors', 'hui', 'il', 'ils', 'j', 'je', 'jusqu', 'jusque', 'l', 'la', 'laquelle', 'le', 'lequel', 'les', 'lesquelles', 'lesquels', 'leur', 'leurs', 'lorsque', 'lui', 'm', 'ma', 'mais', 'malgre', 'me', 'meme', 'memes', 'merci', 'mes', 'mien', 'mienne', 'miennes', 'miens', 'moi', 'moins', 'mon', 'moyennant', 'n', 'ne', 'neanmoins', 'ni', 'non', 'nos', 'notre', 'notres', 'nous', 'on', 'ont', 'ou', 'outre', 'par', 'parmi', 'partant', 'pas', 'passe', 'pendant', 'plein', 'plus', 'plusieurs', 'pour', 'pourquoi', 'pres', 'proche', 'puisque', 'qu', 'quand', 'que', 'quel', 'quelle', 'quelles', 'quels', 'qui', 'quoi', 'quoique', 'revoici', 'revoila', 's', 'sa', 'sans', 'sauf', 'se', 'sera', 'serai', 'seraient', 'serais', 'serait', 'seras', 'serez', 'seriez', 'serions', 'serons', 'seront', 'ses', 'si', 'sien', 'sienne', 'siennes', 'siens', 'sinon', 'soi', 'soient', 'sois', 'soit', 'sommes', 'son', 'sont', 'sous', 'soyez', 'soyons', 'suis', 'suite', 'sur', 't', 'ta', 'te', 'tel', 'telle', 'telles', 'tels', 'tes', 'tien', 'tienne', 'tiennes', 'tiens', 'toi', 'ton', 'tous', 'tout', 'toute', 'toutes', 'tu', 'un', 'une', 'unes', 'uns', 'voici', 'voila', 'vos', 'votre', 'votres', 'vous', 'vu', 'y') OR length(to_tsvector('french'::regconfig, w)) = 0 THEN
                  CONTINUE;
              END IF;
              
              -- 1. Single word candidates
              EXECUTE format('SELECT EXISTS(SELECT 1 FROM %I.fts_words WHERE word = $1)', schema_name) INTO word_exists USING w;
              IF word_exists THEN
                  candidates := ARRAY[w];
              ELSE
                  candidates := fts.find_candidates(schema_name, w);
              END IF;
              
              single_clause := '';
              IF array_length(candidates, 1) > 0 THEN
                  single_clause := '(' || array_to_string(candidates, ' | ') || ')';
              ELSE
                  single_clause := w;
              END IF;

              -- 2. Word couple candidates
              couple_clause := '';
              -- Why not "AND NOT word_exists"? Consider "socio-économique" and "socioéconomique" (both are correct)
              IF NOT quick_nothing_better_than_slower_something AND length(w) >= 6 THEN
                  PERFORM set_config('pg_trgm.similarity_threshold', '0.33', true);
                  
                  EXECUTE format('
                      SELECT separated_words 
                      FROM %I.fts_word_couples 
                      WHERE concat_word %% $1
                        AND abs(length(concat_word) - length($1)) <= 1
                      ORDER BY similarity(concat_word, $1) DESC, doc_count DESC 
                      LIMIT 1
                  ', schema_name) INTO best_couple USING w;
                  
                  IF best_couple IS NOT NULL THEN
                      couple_clause := '(' || replace(best_couple, ' ', ' & ') || ')';
                  END IF;
              END IF;

              -- 3. Combine clauses
              IF couple_clause <> '' THEN
                  clauses := array_append(clauses, '(' || single_clause || ' | ' || couple_clause || ')');
              ELSE
                  clauses := array_append(clauses, single_clause);
              END IF;
          END LOOP;

          IF array_length(clauses, 1) IS NULL THEN
              RETURN websearch_to_tsquery('french'::regconfig, search_query);
          END IF;

          IF quick_nothing_better_than_slower_something THEN
              expanded := array_to_string(clauses, ' & ');
          ELSE
              expanded := array_to_string(clauses, ' | ');
          END IF;

          BEGIN
              RETURN to_tsquery('french'::regconfig, expanded);
          EXCEPTION WHEN OTHERS THEN
              RETURN websearch_to_tsquery('french'::regconfig, search_query);
          END;
      END;
      $$ LANGUAGE plpgsql STABLE;
      
      CREATE TABLE IF NOT EXISTS "proj_search_articles"."books" (
        n BIGSERIAL PRIMARY KEY,
        key VARCHAR NOT NULL,
        key_aliases TEXT[] NOT NULL DEFAULT '{}',
        value JSONB NOT NULL,
        updated_at TIMESTAMP NOT NULL DEFAULT (NOW() AT TIME ZONE 'UTC')
      );

      CREATE UNIQUE INDEX IF NOT EXISTS idx_proj_search_articles_books_key ON "proj_search_articles"."books" (key);
      CREATE INDEX IF NOT EXISTS idx_proj_search_articles_books_key_aliases ON "proj_search_articles"."books" USING gin(key_aliases);
      CREATE INDEX IF NOT EXISTS idx_proj_search_articles_books_value ON "proj_search_articles"."books" USING gin(value);
      

[DEBUG Postgres.go SQL execute] Params: []interface {}{}
[DEBUG Postgres.go JSON_MARSHAL] {"authors":["01kz95b2txznfygarjd8s2zbvb"],"cover":{"dimensions":{"height":600,"width":800},"hash":"a1b2c3d4e5f6g7h8","mimeType":"image/png","size":123456,"src":"path/to/a1b2c3d4e5f6g7h8.png"},"editor":"01kz95b2xawhh0kb9xrdmg79f7","id":"01kz95b2y4fgamndhbdykm6cf8","name":"Harry Potter et la Chambre des Secrets","year":{"approximately":false,"year":1998}}
[DEBUG Postgres.go JSON_MARSHAL_RAW] map[string]interface {}{"authors":[]interface {}{"01kz95b2txznfygarjd8s2zbvb"}, "cover":map[string]interface {}{"dimensions":map[string]interface {}{"height":600, "width":800}, "hash":"a1b2c3d4e5f6g7h8", "mimeType":"image/png", "size":123456, "src":"path/to/a1b2c3d4e5f6g7h8.png"}, "editor":"01kz95b2xawhh0kb9xrdmg79f7", "id":"01kz95b2y4fgamndhbdykm6cf8", "name":"Harry Potter et la Chambre des Secrets", "year":map[string]interface {}{"approximately":false, "year":1998}}
[DEBUG Postgres.go SQL] Query: INSERT INTO "proj_search_articles"."books" (key, key_aliases, value) VALUES ($1, $2, $3) ON CONFLICT (key) DO UPDATE SET value = EXCLUDED.value, key_aliases = EXCLUDED.key_aliases, updated_at = (NOW() AT TIME ZONE 'UTC') RETURNING EXTRACT(EPOCH FROM updated_at)::varchar AS updated_at
[DEBUG Postgres.go SQL] Params: []interface {}{"01kz95b2y4fgamndhbdykm6cf8", []interface {}{}, "{\"authors\":[\"01kz95b2txznfygarjd8s2zbvb\"],\"cover\":{\"dimensions\":{\"height\":600,\"width\":800},\"hash\":\"a1b2c3d4e5f6g7h8\",\"mimeType\":\"image/png\",\"size\":123456,\"src\":\"path/to/a1b2c3d4e5f6g7h8.png\"},\"editor\":\"01kz95b2xawhh0kb9xrdmg79f7\",\"id\":\"01kz95b2y4fgamndhbdykm6cf8\",\"name\":\"Harry Potter et la Chambre des Secrets\",\"year\":{\"approximately\":false,\"year\":1998}}"}
[DEBUG Postgres.go SELECT] Col: updated_at, Type: string, Value: 1785940253.743223
[DEBUG Postgres.go JSON_MARSHAL] {"authors":["01kz95b2txznfygarjd8s2zbvb"],"cover":{"dimensions":{"height":600,"width":800},"hash":"a1b2c3d4e5f6g7h8","mimeType":"image/png","size":123456,"src":"path/to/a1b2c3d4e5f6g7h8.png"},"editor":"01kz95b2xawhh0kb9xrdmg79f7","id":"01kz95b2z1w9y906ckjtm1st2x","name":"Le Seigneur des Anneaux","year":{"approximately":false,"year":1954}}
[DEBUG Postgres.go JSON_MARSHAL_RAW] map[string]interface {}{"authors":[]interface {}{"01kz95b2txznfygarjd8s2zbvb"}, "cover":map[string]interface {}{"dimensions":map[string]interface {}{"height":600, "width":800}, "hash":"a1b2c3d4e5f6g7h8", "mimeType":"image/png", "size":123456, "src":"path/to/a1b2c3d4e5f6g7h8.png"}, "editor":"01kz95b2xawhh0kb9xrdmg79f7", "id":"01kz95b2z1w9y906ckjtm1st2x", "name":"Le Seigneur des Anneaux", "year":map[string]interface {}{"approximately":false, "year":1954}}
[DEBUG Postgres.go SQL] Query: INSERT INTO "proj_search_articles"."books" (key, key_aliases, value) VALUES ($1, $2, $3) ON CONFLICT (key) DO UPDATE SET value = EXCLUDED.value, key_aliases = EXCLUDED.key_aliases, updated_at = (NOW() AT TIME ZONE 'UTC') RETURNING EXTRACT(EPOCH FROM updated_at)::varchar AS updated_at
[DEBUG Postgres.go SQL] Params: []interface {}{"01kz95b2z1w9y906ckjtm1st2x", []interface {}{}, "{\"authors\":[\"01kz95b2txznfygarjd8s2zbvb\"],\"cover\":{\"dimensions\":{\"height\":600,\"width\":800},\"hash\":\"a1b2c3d4e5f6g7h8\",\"mimeType\":\"image/png\",\"size\":123456,\"src\":\"path/to/a1b2c3d4e5f6g7h8.png\"},\"editor\":\"01kz95b2xawhh0kb9xrdmg79f7\",\"id\":\"01kz95b2z1w9y906ckjtm1st2x\",\"name\":\"Le Seigneur des Anneaux\",\"year\":{\"approximately\":false,\"year\":1954}}"}
[DEBUG Postgres.go SELECT] Col: updated_at, Type: string, Value: 1785940253.744746
[DEBUG Postgres.go JSON_MARSHAL] {"authors":["01kz95b2txznfygarjd8s2zbvb"],"cover":null,"editor":"01kz95b2xawhh0kb9xrdmg79f7","id":"01kz95b2zfpw5hbg01asksjnxd","name":"Germinal","year":{"approximately":false,"year":1885}}
[DEBUG Postgres.go JSON_MARSHAL_RAW] map[string]interface {}{"authors":[]interface {}{"01kz95b2txznfygarjd8s2zbvb"}, "cover":interface {}(nil), "editor":"01kz95b2xawhh0kb9xrdmg79f7", "id":"01kz95b2zfpw5hbg01asksjnxd", "name":"Germinal", "year":map[string]interface {}{"approximately":false, "year":1885}}
[DEBUG Postgres.go SQL] Query: INSERT INTO "proj_search_articles"."books" (key, key_aliases, value) VALUES ($1, $2, $3) ON CONFLICT (key) DO UPDATE SET value = EXCLUDED.value, key_aliases = EXCLUDED.key_aliases, updated_at = (NOW() AT TIME ZONE 'UTC') RETURNING EXTRACT(EPOCH FROM updated_at)::varchar AS updated_at
[DEBUG Postgres.go SQL] Params: []interface {}{"01kz95b2zfpw5hbg01asksjnxd", []interface {}{}, "{\"authors\":[\"01kz95b2txznfygarjd8s2zbvb\"],\"cover\":null,\"editor\":\"01kz95b2xawhh0kb9xrdmg79f7\",\"id\":\"01kz95b2zfpw5hbg01asksjnxd\",\"name\":\"Germinal\",\"year\":{\"approximately\":false,\"year\":1885}}"}
[DEBUG Postgres.go SELECT] Col: updated_at, Type: string, Value: 1785940253.745638
[DEBUG Postgres.go JSON_MARSHAL] {"id":"01kz95b2xawhh0kb9xrdmg79f7","name":"Flammarion"}
[DEBUG Postgres.go JSON_MARSHAL_RAW] map[string]interface {}{"id":"01kz95b2xawhh0kb9xrdmg79f7", "name":"Flammarion"}
[DEBUG Postgres.go SQL] Query: INSERT INTO "proj_search_articles"."editors" (key, key_aliases, value) VALUES ($1, $2, $3) ON CONFLICT (key) DO UPDATE SET value = EXCLUDED.value, key_aliases = EXCLUDED.key_aliases, updated_at = (NOW() AT TIME ZONE 'UTC') RETURNING EXTRACT(EPOCH FROM updated_at)::varchar AS updated_at
[DEBUG Postgres.go SQL] Params: []interface {}{"01kz95b2xawhh0kb9xrdmg79f7", []interface {}{}, "{\"id\":\"01kz95b2xawhh0kb9xrdmg79f7\",\"name\":\"Flammarion\"}"}
[DEBUG Postgres.go SQL execute] Query: 
      CREATE EXTENSION IF NOT EXISTS pg_trgm;
      CREATE EXTENSION IF NOT EXISTS rum;
      CREATE EXTENSION IF NOT EXISTS unaccent;

      CREATE SCHEMA IF NOT EXISTS fts;

      -- Centralized Text Normalization
      CREATE OR REPLACE FUNCTION fts.normalize(w text) RETURNS text AS $$
      BEGIN
          RETURN unaccent(lower(w));
      END;
      $$ LANGUAGE plpgsql IMMUTABLE;

      CREATE SCHEMA IF NOT EXISTS "proj_search_articles";

      -- FTS Words Table
      CREATE TABLE IF NOT EXISTS "proj_search_articles".fts_words (
          word TEXT PRIMARY KEY,
          doc_count INT DEFAULT 1
      );
      CREATE INDEX IF NOT EXISTS idx_proj_search_articles_fts_words_trgm ON "proj_search_articles".fts_words USING gin (word gin_trgm_ops);
      CREATE INDEX IF NOT EXISTS idx_proj_search_articles_fts_words_doc_count ON "proj_search_articles".fts_words (doc_count);

      -- FTS Word Couples Table
      CREATE TABLE IF NOT EXISTS "proj_search_articles".fts_word_couples (
          concat_word TEXT PRIMARY KEY,
          separated_words TEXT,
          doc_count INT DEFAULT 1
      );
      CREATE INDEX IF NOT EXISTS idx_proj_search_articles_fts_word_couples_trgm ON "proj_search_articles".fts_word_couples USING gin (concat_word gin_trgm_ops);
      CREATE INDEX IF NOT EXISTS idx_proj_search_articles_fts_word_couples_doc_count ON "proj_search_articles".fts_word_couples (doc_count);

      -- FTS Dictionary Candidates Extraction
      CREATE OR REPLACE FUNCTION fts.find_candidates(schema_name text, w text) RETURNS text[] AS $$
      DECLARE
          candidates text[];
          w_arr text[];
      BEGIN
          IF length(w) < 4 THEN
              RETURN ARRAY[w];
          END IF;
          
          IF length(w) < 6 THEN
              PERFORM set_config('pg_trgm.similarity_threshold', '0.20', true);
          ELSIF length(w) < 8 THEN
              PERFORM set_config('pg_trgm.similarity_threshold', '0.25', true);
          ELSE
              PERFORM set_config('pg_trgm.similarity_threshold', '0.35', true);
          END IF;

          w_arr := string_to_array(w, NULL);

          EXECUTE format('
              SELECT array_agg(ranked.word) FROM (
                  SELECT sub.word 
                  FROM (
                      SELECT d.word, 
                             d.doc_count,
                             (SELECT count(*) FROM (SELECT unnest($2) INTERSECT SELECT unnest(string_to_array(d.word, NULL))) x)::float AS overlap,
                             (SELECT count(DISTINCT x) FROM unnest(string_to_array(d.word, NULL)) AS t(x))::float AS unique_len
                      FROM %I.fts_words d 
                      WHERE d.word %% $1
                  ) sub
                  WHERE abs(sub.unique_len - (SELECT count(DISTINCT x) FROM unnest($2) AS t(x))::float) <= 2.0
                    AND abs(length(sub.word) - length($1)) <= 2
                  ORDER BY 
                      (sub.word LIKE $1 || ''%%'') DESC,
                      (left(sub.word, 1) = left($1, 1) OR (length($1) >= 2 AND left(sub.word, 2) = substring($1 from 2 for 1) || left($1, 1))) DESC,
                      sub.overlap DESC,
                      (sub.overlap / GREATEST(sub.unique_len, 1.0)) DESC,
                      similarity(sub.word, $1) DESC,
                      sub.doc_count DESC
                  LIMIT 8
              ) ranked;
          ', schema_name) INTO candidates USING w, w_arr;

          RETURN coalesce(candidates, ARRAY[]::text[]);
      END;
      $$ LANGUAGE plpgsql STABLE;

      -- FTS Dictionary Query Expansion
      CREATE OR REPLACE FUNCTION fts.expand_query(schema_name text, search_query text, quick_nothing_better_than_slower_something boolean DEFAULT false) RETURNS tsquery AS $$
      DECLARE
          words text[];
          clauses text[] := ARRAY[]::text[];
          candidates text[];
          w text;
          best_couple text;
          single_clause text;
          couple_clause text;
          expanded text;
          word_exists boolean;
      BEGIN
          search_query := regexp_replace(search_query, '[[:punct:]]', ' ', 'g');
          words := regexp_split_to_array(trim(search_query), '\s+');
          IF array_length(words, 1) IS NULL THEN
              RETURN websearch_to_tsquery('french'::regconfig, search_query);
          END IF;

          FOR i IN 1..array_length(words, 1) LOOP
              w := words[i];
              IF w = '' THEN CONTINUE; END IF;
              
              w := fts.normalize(w);
              
              IF w IN ('a', 'afin', 'ai', 'aie', 'aient', 'aies', 'ainsi', 'ait', 'apres', 'as', 'attendu', 'au', 'aujourd', 'auquel', 'aura', 'aurai', 'auraient', 'aurais', 'aurait', 'auras', 'aurez', 'auriez', 'aurions', 'aurons', 'auront', 'aussi', 'autre', 'autres', 'aux', 'auxquelles', 'auxquels', 'avaient', 'avais', 'avait', 'avant', 'avec', 'avez', 'aviez', 'avions', 'avoir', 'avons', 'ayant', 'ayante', 'ayantes', 'ayants', 'ayez', 'ayons', 'c', 'ca', 'car', 'ce', 'ceci', 'cela', 'celle', 'celles', 'celui', 'cependant', 'certain', 'certaine', 'certaines', 'certains', 'ces', 'cet', 'cette', 'ceux', 'chez', 'ci', 'combien', 'comme', 'comment', 'compris', 'concernant', 'contre', 'd', 'dans', 'de', 'debout', 'dedans', 'dehors', 'dela', 'depuis', 'derriere', 'des', 'desormais', 'desquelles', 'desquels', 'dessous', 'dessus', 'devant', 'devers', 'devra', 'divers', 'diverse', 'diverses', 'doit', 'donc', 'dont', 'du', 'duquel', 'durant', 'elle', 'elles', 'en', 'entre', 'environ', 'es', 'est', 'et', 'etaient', 'etais', 'etait', 'etant', 'etante', 'etantes', 'etants', 'etat', 'etc', 'ete', 'etee', 'etees', 'etes', 'etiez', 'etions', 'etre', 'eu', 'eue', 'eues', 'euh', 'eumes', 'eurent', 'eus', 'eusse', 'eussent', 'eusses', 'eussiez', 'eussions', 'eut', 'eutes', 'eux', 'excepte', 'fumes', 'furent', 'fus', 'fusse', 'fussent', 'fusses', 'fussiez', 'fussions', 'fut', 'futes', 'helas', 'hormis', 'hors', 'hui', 'il', 'ils', 'j', 'je', 'jusqu', 'jusque', 'l', 'la', 'laquelle', 'le', 'lequel', 'les', 'lesquelles', 'lesquels', 'leur', 'leurs', 'lorsque', 'lui', 'm', 'ma', 'mais', 'malgre', 'me', 'meme', 'memes', 'merci', 'mes', 'mien', 'mienne', 'miennes', 'miens', 'moi', 'moins', 'mon', 'moyennant', 'n', 'ne', 'neanmoins', 'ni', 'non', 'nos', 'notre', 'notres', 'nous', 'on', 'ont', 'ou', 'outre', 'par', 'parmi', 'partant', 'pas', 'passe', 'pendant', 'plein', 'plus', 'plusieurs', 'pour', 'pourquoi', 'pres', 'proche', 'puisque', 'qu', 'quand', 'que', 'quel', 'quelle', 'quelles', 'quels', 'qui', 'quoi', 'quoique', 'revoici', 'revoila', 's', 'sa', 'sans', 'sauf', 'se', 'sera', 'serai', 'seraient', 'serais', 'serait', 'seras', 'serez', 'seriez', 'serions', 'serons', 'seront', 'ses', 'si', 'sien', 'sienne', 'siennes', 'siens', 'sinon', 'soi', 'soient', 'sois', 'soit', 'sommes', 'son', 'sont', 'sous', 'soyez', 'soyons', 'suis', 'suite', 'sur', 't', 'ta', 'te', 'tel', 'telle', 'telles', 'tels', 'tes', 'tien', 'tienne', 'tiennes', 'tiens', 'toi', 'ton', 'tous', 'tout', 'toute', 'toutes', 'tu', 'un', 'une', 'unes', 'uns', 'voici', 'voila', 'vos', 'votre', 'votres', 'vous', 'vu', 'y') OR length(to_tsvector('french'::regconfig, w)) = 0 THEN
                  CONTINUE;
              END IF;
              
              -- 1. Single word candidates
              EXECUTE format('SELECT EXISTS(SELECT 1 FROM %I.fts_words WHERE word = $1)', schema_name) INTO word_exists USING w;
              IF word_exists THEN
                  candidates := ARRAY[w];
              ELSE
                  candidates := fts.find_candidates(schema_name, w);
              END IF;
              
              single_clause := '';
              IF array_length(candidates, 1) > 0 THEN
                  single_clause := '(' || array_to_string(candidates, ' | ') || ')';
              ELSE
                  single_clause := w;
              END IF;

              -- 2. Word couple candidates
              couple_clause := '';
              -- Why not "AND NOT word_exists"? Consider "socio-économique" and "socioéconomique" (both are correct)
              IF NOT quick_nothing_better_than_slower_something AND length(w) >= 6 THEN
                  PERFORM set_config('pg_trgm.similarity_threshold', '0.33', true);
                  
                  EXECUTE format('
                      SELECT separated_words 
                      FROM %I.fts_word_couples 
                      WHERE concat_word %% $1
                        AND abs(length(concat_word) - length($1)) <= 1
                      ORDER BY similarity(concat_word, $1) DESC, doc_count DESC 
                      LIMIT 1
                  ', schema_name) INTO best_couple USING w;
                  
                  IF best_couple IS NOT NULL THEN
                      couple_clause := '(' || replace(best_couple, ' ', ' & ') || ')';
                  END IF;
              END IF;

              -- 3. Combine clauses
              IF couple_clause <> '' THEN
                  clauses := array_append(clauses, '(' || single_clause || ' | ' || couple_clause || ')');
              ELSE
                  clauses := array_append(clauses, single_clause);
              END IF;
          END LOOP;

          IF array_length(clauses, 1) IS NULL THEN
              RETURN websearch_to_tsquery('french'::regconfig, search_query);
          END IF;

          IF quick_nothing_better_than_slower_something THEN
              expanded := array_to_string(clauses, ' & ');
          ELSE
              expanded := array_to_string(clauses, ' | ');
          END IF;

          BEGIN
              RETURN to_tsquery('french'::regconfig, expanded);
          EXCEPTION WHEN OTHERS THEN
              RETURN websearch_to_tsquery('french'::regconfig, search_query);
          END;
      END;
      $$ LANGUAGE plpgsql STABLE;
      
      CREATE TABLE IF NOT EXISTS "proj_search_articles"."editors" (
        n BIGSERIAL PRIMARY KEY,
        key VARCHAR NOT NULL,
        key_aliases TEXT[] NOT NULL DEFAULT '{}',
        value JSONB NOT NULL,
        updated_at TIMESTAMP NOT NULL DEFAULT (NOW() AT TIME ZONE 'UTC')
      );

      CREATE UNIQUE INDEX IF NOT EXISTS idx_proj_search_articles_editors_key ON "proj_search_articles"."editors" (key);
      CREATE INDEX IF NOT EXISTS idx_proj_search_articles_editors_key_aliases ON "proj_search_articles"."editors" USING gin(key_aliases);
      CREATE INDEX IF NOT EXISTS idx_proj_search_articles_editors_value ON "proj_search_articles"."editors" USING gin(value);
      

[DEBUG Postgres.go SQL execute] Params: []interface {}{}
[DEBUG Postgres.go JSON_MARSHAL] {"id":"01kz95b2xawhh0kb9xrdmg79f7","name":"Flammarion"}
[DEBUG Postgres.go JSON_MARSHAL_RAW] map[string]interface {}{"id":"01kz95b2xawhh0kb9xrdmg79f7", "name":"Flammarion"}
[DEBUG Postgres.go SQL] Query: INSERT INTO "proj_search_articles"."editors" (key, key_aliases, value) VALUES ($1, $2, $3) ON CONFLICT (key) DO UPDATE SET value = EXCLUDED.value, key_aliases = EXCLUDED.key_aliases, updated_at = (NOW() AT TIME ZONE 'UTC') RETURNING EXTRACT(EPOCH FROM updated_at)::varchar AS updated_at
[DEBUG Postgres.go SQL] Params: []interface {}{"01kz95b2xawhh0kb9xrdmg79f7", []interface {}{}, "{\"id\":\"01kz95b2xawhh0kb9xrdmg79f7\",\"name\":\"Flammarion\"}"}
[DEBUG Postgres.go SELECT] Col: updated_at, Type: string, Value: 1785940253.751727
[DEBUG Postgres.go JSON_MARSHAL] {"_content":"some html content","_title":"my fantasy article","addedToNewsRelatedBlacklist":false,"addedToNewsRelatedWhitelist":false,"author":{"_name":"zola","biography":"Blablah...","id":"01kz95b2txznfygarjd8s2zbvb","name":"Zola","portrait":null},"books":{"_names":["harry potter et la chambre des secrets","le seigneur des anneaux"],"authors":{"_names":["zola","zola"],"ids":["01kz95b2txznfygarjd8s2zbvb","01kz95b2txznfygarjd8s2zbvb"],"names":["Zola","Zola"]},"books":[{"authors":[{"id":"01kz95b2txznfygarjd8s2zbvb","name":"Zola"}],"cover":{"dimensions":{"height":600,"width":800},"hash":"a1b2c3d4e5f6g7h8","mimeType":"image/png","size":123456,"src":"path/to/a1b2c3d4e5f6g7h8.png"},"editor":"Flammarion","id":"01kz95b2y4fgamndhbdykm6cf8","name":"Harry Potter et la Chambre des Secrets","year":{"approximately":false,"year":1998}},{"authors":[{"id":"01kz95b2txznfygarjd8s2zbvb","name":"Zola"}],"cover":{"dimensions":{"height":600,"width":800},"hash":"a1b2c3d4e5f6g7h8","mimeType":"image/png","size":123456,"src":"path/to/a1b2c3d4e5f6g7h8.png"},"editor":"Flammarion","id":"01kz95b2z1w9y906ckjtm1st2x","name":"Le Seigneur des Anneaux","year":{"approximately":false,"year":1954}}],"hasAtLeastOneCover":true,"ids":["01kz95b2y4fgamndhbdykm6cf8","01kz95b2z1w9y906ckjtm1st2x"],"names":["Harry Potter et la Chambre des Secrets","Le Seigneur des Anneaux"]},"content":"\u003cp\u003eSome HTML Content\u003c/p\u003e","id":"01kz95b4yg4ek2h59nqsgry3n3","illustrations":{"hasAtLeastOne":false,"hasAtLeastOneLandscape":false,"illustrations":[]},"lead":null,"legacyId":null,"magazineIssue":null,"notes":null,"profitable":true,"seo":{"updatedAt":0},"slug":"my-fantasy-article","sources":null,"theme":null,"title":"My Fantasy Article","writtenAt":{"instant":0,"year":2026}}
[DEBUG Postgres.go JSON_MARSHAL_RAW] map[string]interface {}{"_content":"some html content", "_title":"my fantasy article", "addedToNewsRelatedBlacklist":false, "addedToNewsRelatedWhitelist":false, "author":map[string]interface {}{"_name":"zola", "biography":"Blablah...", "id":"01kz95b2txznfygarjd8s2zbvb", "name":"Zola", "portrait":interface {}(nil)}, "books":map[string]interface {}{"_names":[]interface {}{"harry potter et la chambre des secrets", "le seigneur des anneaux"}, "authors":map[string]interface {}{"_names":[]interface {}{"zola", "zola"}, "ids":[]interface {}{"01kz95b2txznfygarjd8s2zbvb", "01kz95b2txznfygarjd8s2zbvb"}, "names":[]interface {}{"Zola", "Zola"}}, "books":[]interface {}{map[string]interface {}{"authors":[]interface {}{map[string]interface {}{"id":"01kz95b2txznfygarjd8s2zbvb", "name":"Zola"}}, "cover":map[string]interface {}{"dimensions":map[string]interface {}{"height":600, "width":800}, "hash":"a1b2c3d4e5f6g7h8", "mimeType":"image/png", "size":123456, "src":"path/to/a1b2c3d4e5f6g7h8.png"}, "editor":"Flammarion", "id":"01kz95b2y4fgamndhbdykm6cf8", "name":"Harry Potter et la Chambre des Secrets", "year":map[string]interface {}{"approximately":false, "year":1998}}, map[string]interface {}{"authors":[]interface {}{map[string]interface {}{"id":"01kz95b2txznfygarjd8s2zbvb", "name":"Zola"}}, "cover":map[string]interface {}{"dimensions":map[string]interface {}{"height":600, "width":800}, "hash":"a1b2c3d4e5f6g7h8", "mimeType":"image/png", "size":123456, "src":"path/to/a1b2c3d4e5f6g7h8.png"}, "editor":"Flammarion", "id":"01kz95b2z1w9y906ckjtm1st2x", "name":"Le Seigneur des Anneaux", "year":map[string]interface {}{"approximately":false, "year":1954}}}, "hasAtLeastOneCover":true, "ids":[]interface {}{"01kz95b2y4fgamndhbdykm6cf8", "01kz95b2z1w9y906ckjtm1st2x"}, "names":[]interface {}{"Harry Potter et la Chambre des Secrets", "Le Seigneur des Anneaux"}}, "content":"<p>Some HTML Content</p>", "id":"01kz95b4yg4ek2h59nqsgry3n3", "illustrations":map[string]interface {}{"hasAtLeastOne":false, "hasAtLeastOneLandscape":false, "illustrations":[]interface {}{}}, "lead":interface {}(nil), "legacyId":interface {}(nil), "magazineIssue":interface {}(nil), "notes":interface {}(nil), "profitable":true, "seo":map[string]interface {}{"updatedAt":0}, "slug":"my-fantasy-article", "sources":interface {}(nil), "theme":interface {}(nil), "title":"My Fantasy Article", "writtenAt":map[string]interface {}{"instant":0, "year":2026}}
[DEBUG Postgres.go SQL] Query: INSERT INTO "proj_search_articles"."articles" (key, key_aliases, value) VALUES ($1, $2, $3) ON CONFLICT (key) DO UPDATE SET value = EXCLUDED.value, key_aliases = EXCLUDED.key_aliases, updated_at = (NOW() AT TIME ZONE 'UTC') RETURNING EXTRACT(EPOCH FROM updated_at)::varchar AS updated_at
[DEBUG Postgres.go SQL] Params: []interface {}{"01kz95b4yg4ek2h59nqsgry3n3", []interface {}{"my-fantasy-article"}, "{\"_content\":\"some html content\",\"_title\":\"my fantasy article\",\"addedToNewsRelatedBlacklist\":false,\"addedToNewsRelatedWhitelist\":false,\"author\":{\"_name\":\"zola\",\"biography\":\"Blablah...\",\"id\":\"01kz95b2txznfygarjd8s2zbvb\",\"name\":\"Zola\",\"portrait\":null},\"books\":{\"_names\":[\"harry potter et la chambre des secrets\",\"le seigneur des anneaux\"],\"authors\":{\"_names\":[\"zola\",\"zola\"],\"ids\":[\"01kz95b2txznfygarjd8s2zbvb\",\"01kz95b2txznfygarjd8s2zbvb\"],\"names\":[\"Zola\",\"Zola\"]},\"books\":[{\"authors\":[{\"id\":\"01kz95b2txznfygarjd8s2zbvb\",\"name\":\"Zola\"}],\"cover\":{\"dimensions\":{\"height\":600,\"width\":800},\"hash\":\"a1b2c3d4e5f6g7h8\",\"mimeType\":\"image/png\",\"size\":123456,\"src\":\"path/to/a1b2c3d4e5f6g7h8.png\"},\"editor\":\"Flammarion\",\"id\":\"01kz95b2y4fgamndhbdykm6cf8\",\"name\":\"Harry Potter et la Chambre des Secrets\",\"year\":{\"approximately\":false,\"year\":1998}},{\"authors\":[{\"id\":\"01kz95b2txznfygarjd8s2zbvb\",\"name\":\"Zola\"}],\"cover\":{\"dimensions\":{\"height\":600,\"width\":800},\"hash\":\"a1b2c3d4e5f6g7h8\",\"mimeType\":\"image/png\",\"size\":123456,\"src\":\"path/to/a1b2c3d4e5f6g7h8.png\"},\"editor\":\"Flammarion\",\"id\":\"01kz95b2z1w9y906ckjtm1st2x\",\"name\":\"Le Seigneur des Anneaux\",\"year\":{\"approximately\":false,\"year\":1954}}],\"hasAtLeastOneCover\":true,\"ids\":[\"01kz95b2y4fgamndhbdykm6cf8\",\"01kz95b2z1w9y906ckjtm1st2x\"],\"names\":[\"Harry Potter et la Chambre des Secrets\",\"Le Seigneur des Anneaux\"]},\"content\":\"\\u003cp\\u003eSome HTML Content\\u003c/p\\u003e\",\"id\":\"01kz95b4yg4ek2h59nqsgry3n3\",\"illustrations\":{\"hasAtLeastOne\":false,\"hasAtLeastOneLandscape\":false,\"illustrations\":[]},\"lead\":null,\"legacyId\":null,\"magazineIssue\":null,\"notes\":null,\"profitable\":true,\"seo\":{\"updatedAt\":0},\"slug\":\"my-fantasy-article\",\"sources\":null,\"theme\":null,\"title\":\"My Fantasy Article\",\"writtenAt\":{\"instant\":0,\"year\":2026}}"}
[DEBUG Postgres.go SQL execute] Query: 
      CREATE EXTENSION IF NOT EXISTS pg_trgm;
      CREATE EXTENSION IF NOT EXISTS rum;
      CREATE EXTENSION IF NOT EXISTS unaccent;

      CREATE SCHEMA IF NOT EXISTS fts;

      -- Centralized Text Normalization
      CREATE OR REPLACE FUNCTION fts.normalize(w text) RETURNS text AS $$
      BEGIN
          RETURN unaccent(lower(w));
      END;
      $$ LANGUAGE plpgsql IMMUTABLE;

      CREATE SCHEMA IF NOT EXISTS "proj_search_articles";

      -- FTS Words Table
      CREATE TABLE IF NOT EXISTS "proj_search_articles".fts_words (
          word TEXT PRIMARY KEY,
          doc_count INT DEFAULT 1
      );
      CREATE INDEX IF NOT EXISTS idx_proj_search_articles_fts_words_trgm ON "proj_search_articles".fts_words USING gin (word gin_trgm_ops);
      CREATE INDEX IF NOT EXISTS idx_proj_search_articles_fts_words_doc_count ON "proj_search_articles".fts_words (doc_count);

      -- FTS Word Couples Table
      CREATE TABLE IF NOT EXISTS "proj_search_articles".fts_word_couples (
          concat_word TEXT PRIMARY KEY,
          separated_words TEXT,
          doc_count INT DEFAULT 1
      );
      CREATE INDEX IF NOT EXISTS idx_proj_search_articles_fts_word_couples_trgm ON "proj_search_articles".fts_word_couples USING gin (concat_word gin_trgm_ops);
      CREATE INDEX IF NOT EXISTS idx_proj_search_articles_fts_word_couples_doc_count ON "proj_search_articles".fts_word_couples (doc_count);

      -- FTS Dictionary Candidates Extraction
      CREATE OR REPLACE FUNCTION fts.find_candidates(schema_name text, w text) RETURNS text[] AS $$
      DECLARE
          candidates text[];
          w_arr text[];
      BEGIN
          IF length(w) < 4 THEN
              RETURN ARRAY[w];
          END IF;
          
          IF length(w) < 6 THEN
              PERFORM set_config('pg_trgm.similarity_threshold', '0.20', true);
          ELSIF length(w) < 8 THEN
              PERFORM set_config('pg_trgm.similarity_threshold', '0.25', true);
          ELSE
              PERFORM set_config('pg_trgm.similarity_threshold', '0.35', true);
          END IF;

          w_arr := string_to_array(w, NULL);

          EXECUTE format('
              SELECT array_agg(ranked.word) FROM (
                  SELECT sub.word 
                  FROM (
                      SELECT d.word, 
                             d.doc_count,
                             (SELECT count(*) FROM (SELECT unnest($2) INTERSECT SELECT unnest(string_to_array(d.word, NULL))) x)::float AS overlap,
                             (SELECT count(DISTINCT x) FROM unnest(string_to_array(d.word, NULL)) AS t(x))::float AS unique_len
                      FROM %I.fts_words d 
                      WHERE d.word %% $1
                  ) sub
                  WHERE abs(sub.unique_len - (SELECT count(DISTINCT x) FROM unnest($2) AS t(x))::float) <= 2.0
                    AND abs(length(sub.word) - length($1)) <= 2
                  ORDER BY 
                      (sub.word LIKE $1 || ''%%'') DESC,
                      (left(sub.word, 1) = left($1, 1) OR (length($1) >= 2 AND left(sub.word, 2) = substring($1 from 2 for 1) || left($1, 1))) DESC,
                      sub.overlap DESC,
                      (sub.overlap / GREATEST(sub.unique_len, 1.0)) DESC,
                      similarity(sub.word, $1) DESC,
                      sub.doc_count DESC
                  LIMIT 8
              ) ranked;
          ', schema_name) INTO candidates USING w, w_arr;

          RETURN coalesce(candidates, ARRAY[]::text[]);
      END;
      $$ LANGUAGE plpgsql STABLE;

      -- FTS Dictionary Query Expansion
      CREATE OR REPLACE FUNCTION fts.expand_query(schema_name text, search_query text, quick_nothing_better_than_slower_something boolean DEFAULT false) RETURNS tsquery AS $$
      DECLARE
          words text[];
          clauses text[] := ARRAY[]::text[];
          candidates text[];
          w text;
          best_couple text;
          single_clause text;
          couple_clause text;
          expanded text;
          word_exists boolean;
      BEGIN
          search_query := regexp_replace(search_query, '[[:punct:]]', ' ', 'g');
          words := regexp_split_to_array(trim(search_query), '\s+');
          IF array_length(words, 1) IS NULL THEN
              RETURN websearch_to_tsquery('french'::regconfig, search_query);
          END IF;

          FOR i IN 1..array_length(words, 1) LOOP
              w := words[i];
              IF w = '' THEN CONTINUE; END IF;
              
              w := fts.normalize(w);
              
              IF w IN ('a', 'afin', 'ai', 'aie', 'aient', 'aies', 'ainsi', 'ait', 'apres', 'as', 'attendu', 'au', 'aujourd', 'auquel', 'aura', 'aurai', 'auraient', 'aurais', 'aurait', 'auras', 'aurez', 'auriez', 'aurions', 'aurons', 'auront', 'aussi', 'autre', 'autres', 'aux', 'auxquelles', 'auxquels', 'avaient', 'avais', 'avait', 'avant', 'avec', 'avez', 'aviez', 'avions', 'avoir', 'avons', 'ayant', 'ayante', 'ayantes', 'ayants', 'ayez', 'ayons', 'c', 'ca', 'car', 'ce', 'ceci', 'cela', 'celle', 'celles', 'celui', 'cependant', 'certain', 'certaine', 'certaines', 'certains', 'ces', 'cet', 'cette', 'ceux', 'chez', 'ci', 'combien', 'comme', 'comment', 'compris', 'concernant', 'contre', 'd', 'dans', 'de', 'debout', 'dedans', 'dehors', 'dela', 'depuis', 'derriere', 'des', 'desormais', 'desquelles', 'desquels', 'dessous', 'dessus', 'devant', 'devers', 'devra', 'divers', 'diverse', 'diverses', 'doit', 'donc', 'dont', 'du', 'duquel', 'durant', 'elle', 'elles', 'en', 'entre', 'environ', 'es', 'est', 'et', 'etaient', 'etais', 'etait', 'etant', 'etante', 'etantes', 'etants', 'etat', 'etc', 'ete', 'etee', 'etees', 'etes', 'etiez', 'etions', 'etre', 'eu', 'eue', 'eues', 'euh', 'eumes', 'eurent', 'eus', 'eusse', 'eussent', 'eusses', 'eussiez', 'eussions', 'eut', 'eutes', 'eux', 'excepte', 'fumes', 'furent', 'fus', 'fusse', 'fussent', 'fusses', 'fussiez', 'fussions', 'fut', 'futes', 'helas', 'hormis', 'hors', 'hui', 'il', 'ils', 'j', 'je', 'jusqu', 'jusque', 'l', 'la', 'laquelle', 'le', 'lequel', 'les', 'lesquelles', 'lesquels', 'leur', 'leurs', 'lorsque', 'lui', 'm', 'ma', 'mais', 'malgre', 'me', 'meme', 'memes', 'merci', 'mes', 'mien', 'mienne', 'miennes', 'miens', 'moi', 'moins', 'mon', 'moyennant', 'n', 'ne', 'neanmoins', 'ni', 'non', 'nos', 'notre', 'notres', 'nous', 'on', 'ont', 'ou', 'outre', 'par', 'parmi', 'partant', 'pas', 'passe', 'pendant', 'plein', 'plus', 'plusieurs', 'pour', 'pourquoi', 'pres', 'proche', 'puisque', 'qu', 'quand', 'que', 'quel', 'quelle', 'quelles', 'quels', 'qui', 'quoi', 'quoique', 'revoici', 'revoila', 's', 'sa', 'sans', 'sauf', 'se', 'sera', 'serai', 'seraient', 'serais', 'serait', 'seras', 'serez', 'seriez', 'serions', 'serons', 'seront', 'ses', 'si', 'sien', 'sienne', 'siennes', 'siens', 'sinon', 'soi', 'soient', 'sois', 'soit', 'sommes', 'son', 'sont', 'sous', 'soyez', 'soyons', 'suis', 'suite', 'sur', 't', 'ta', 'te', 'tel', 'telle', 'telles', 'tels', 'tes', 'tien', 'tienne', 'tiennes', 'tiens', 'toi', 'ton', 'tous', 'tout', 'toute', 'toutes', 'tu', 'un', 'une', 'unes', 'uns', 'voici', 'voila', 'vos', 'votre', 'votres', 'vous', 'vu', 'y') OR length(to_tsvector('french'::regconfig, w)) = 0 THEN
                  CONTINUE;
              END IF;
              
              -- 1. Single word candidates
              EXECUTE format('SELECT EXISTS(SELECT 1 FROM %I.fts_words WHERE word = $1)', schema_name) INTO word_exists USING w;
              IF word_exists THEN
                  candidates := ARRAY[w];
              ELSE
                  candidates := fts.find_candidates(schema_name, w);
              END IF;
              
              single_clause := '';
              IF array_length(candidates, 1) > 0 THEN
                  single_clause := '(' || array_to_string(candidates, ' | ') || ')';
              ELSE
                  single_clause := w;
              END IF;

              -- 2. Word couple candidates
              couple_clause := '';
              -- Why not "AND NOT word_exists"? Consider "socio-économique" and "socioéconomique" (both are correct)
              IF NOT quick_nothing_better_than_slower_something AND length(w) >= 6 THEN
                  PERFORM set_config('pg_trgm.similarity_threshold', '0.33', true);
                  
                  EXECUTE format('
                      SELECT separated_words 
                      FROM %I.fts_word_couples 
                      WHERE concat_word %% $1
                        AND abs(length(concat_word) - length($1)) <= 1
                      ORDER BY similarity(concat_word, $1) DESC, doc_count DESC 
                      LIMIT 1
                  ', schema_name) INTO best_couple USING w;
                  
                  IF best_couple IS NOT NULL THEN
                      couple_clause := '(' || replace(best_couple, ' ', ' & ') || ')';
                  END IF;
              END IF;

              -- 3. Combine clauses
              IF couple_clause <> '' THEN
                  clauses := array_append(clauses, '(' || single_clause || ' | ' || couple_clause || ')');
              ELSE
                  clauses := array_append(clauses, single_clause);
              END IF;
          END LOOP;

          IF array_length(clauses, 1) IS NULL THEN
              RETURN websearch_to_tsquery('french'::regconfig, search_query);
          END IF;

          IF quick_nothing_better_than_slower_something THEN
              expanded := array_to_string(clauses, ' & ');
          ELSE
              expanded := array_to_string(clauses, ' | ');
          END IF;

          BEGIN
              RETURN to_tsquery('french'::regconfig, expanded);
          EXCEPTION WHEN OTHERS THEN
              RETURN websearch_to_tsquery('french'::regconfig, search_query);
          END;
      END;
      $$ LANGUAGE plpgsql STABLE;
      
      CREATE TABLE IF NOT EXISTS "proj_search_articles"."articles" (
        n BIGSERIAL PRIMARY KEY,
        key VARCHAR NOT NULL,
        key_aliases TEXT[] NOT NULL DEFAULT '{}',
        value JSONB NOT NULL,
        updated_at TIMESTAMP NOT NULL DEFAULT (NOW() AT TIME ZONE 'UTC')
      );

      CREATE UNIQUE INDEX IF NOT EXISTS idx_proj_search_articles_articles_key ON "proj_search_articles"."articles" (key);
      CREATE INDEX IF NOT EXISTS idx_proj_search_articles_articles_key_aliases ON "proj_search_articles"."articles" USING gin(key_aliases);
      CREATE INDEX IF NOT EXISTS idx_proj_search_articles_articles_value ON "proj_search_articles"."articles" USING gin(value);
      
CREATE INDEX IF NOT EXISTS idx_proj_search_articles_articles_value_addedToNewsRelatedBlacklist ON "proj_search_articles"."articles" ((value->>'addedToNewsRelatedBlacklist'));
CREATE INDEX IF NOT EXISTS idx_proj_search_articles_articles_value_addedToNewsRelatedBlacklist_jsonb ON "proj_search_articles"."articles" ((value->'addedToNewsRelatedBlacklist'));
CREATE INDEX IF NOT EXISTS idx_proj_search_articles_articles_value_addedToNewsRelatedWhitelist ON "proj_search_articles"."articles" ((value->>'addedToNewsRelatedWhitelist'));
CREATE INDEX IF NOT EXISTS idx_proj_search_articles_articles_value_addedToNewsRelatedWhitelist_jsonb ON "proj_search_articles"."articles" ((value->'addedToNewsRelatedWhitelist'));
CREATE INDEX IF NOT EXISTS idx_proj_search_articles_articles_value_author_id ON "proj_search_articles"."articles" ((value#>>'{author,id}'));
CREATE INDEX IF NOT EXISTS idx_proj_search_articles_articles_value_author_id_jsonb ON "proj_search_articles"."articles" ((value#>'{author,id}'));
CREATE INDEX IF NOT EXISTS idx_proj_search_articles_articles_value_author_name ON "proj_search_articles"."articles" ((value#>>'{author,name}'));
CREATE INDEX IF NOT EXISTS idx_proj_search_articles_articles_value_author_name_jsonb ON "proj_search_articles"."articles" ((value#>'{author,name}'));
CREATE INDEX IF NOT EXISTS idx_proj_search_articles_articles_value_books_authors_names ON "proj_search_articles"."articles" ((value#>>'{books,authors,names}'));
CREATE INDEX IF NOT EXISTS idx_proj_search_articles_articles_value_books_authors_names_jsonb ON "proj_search_articles"."articles" ((value#>'{books,authors,names}'));
CREATE INDEX IF NOT EXISTS idx_proj_search_articles_articles_value_books_hasAtLeastOneCover ON "proj_search_articles"."articles" ((value#>>'{books,hasAtLeastOneCover}'));
CREATE INDEX IF NOT EXISTS idx_proj_search_articles_articles_value_books_hasAtLeastOneCover_jsonb ON "proj_search_articles"."articles" ((value#>'{books,hasAtLeastOneCover}'));
CREATE INDEX IF NOT EXISTS idx_proj_search_articles_articles_value_books_ids ON "proj_search_articles"."articles" ((value#>>'{books,ids}'));
CREATE INDEX IF NOT EXISTS idx_proj_search_articles_articles_value_books_ids_jsonb ON "proj_search_articles"."articles" ((value#>'{books,ids}'));
CREATE INDEX IF NOT EXISTS idx_proj_search_articles_articles_value_books_names ON "proj_search_articles"."articles" ((value#>>'{books,names}'));
CREATE INDEX IF NOT EXISTS idx_proj_search_articles_articles_value_books_names_jsonb ON "proj_search_articles"."articles" ((value#>'{books,names}'));
CREATE INDEX IF NOT EXISTS idx_proj_search_articles_articles_value_id ON "proj_search_articles"."articles" ((value->>'id'));
CREATE INDEX IF NOT EXISTS idx_proj_search_articles_articles_value_id_jsonb ON "proj_search_articles"."articles" ((value->'id'));
CREATE INDEX IF NOT EXISTS idx_proj_search_articles_articles_value_illustrations_hasAtLeastOne ON "proj_search_articles"."articles" ((value#>>'{illustrations,hasAtLeastOne}'));
CREATE INDEX IF NOT EXISTS idx_proj_search_articles_articles_value_illustrations_hasAtLeastOne_jsonb ON "proj_search_articles"."articles" ((value#>'{illustrations,hasAtLeastOne}'));
CREATE INDEX IF NOT EXISTS idx_proj_search_articles_articles_value_illustrations_hasAtLeastOneLandscape ON "proj_search_articles"."articles" ((value#>>'{illustrations,hasAtLeastOneLandscape}'));
CREATE INDEX IF NOT EXISTS idx_proj_search_articles_articles_value_illustrations_hasAtLeastOneLandscape_jsonb ON "proj_search_articles"."articles" ((value#>'{illustrations,hasAtLeastOneLandscape}'));
CREATE INDEX IF NOT EXISTS idx_proj_search_articles_articles_value_legacyId ON "proj_search_articles"."articles" ((value->>'legacyId'));
CREATE INDEX IF NOT EXISTS idx_proj_search_articles_articles_value_legacyId_jsonb ON "proj_search_articles"."articles" ((value->'legacyId'));
CREATE INDEX IF NOT EXISTS idx_proj_search_articles_articles_value_magazineIssue_issue_id ON "proj_search_articles"."articles" ((value#>>'{magazineIssue,issue,id}'));
CREATE INDEX IF NOT EXISTS idx_proj_search_articles_articles_value_magazineIssue_issue_id_jsonb ON "proj_search_articles"."articles" ((value#>'{magazineIssue,issue,id}'));
CREATE INDEX IF NOT EXISTS idx_proj_search_articles_articles_value_magazineIssue_issue_slug ON "proj_search_articles"."articles" ((value#>>'{magazineIssue,issue,slug}'));
CREATE INDEX IF NOT EXISTS idx_proj_search_articles_articles_value_magazineIssue_issue_slug_jsonb ON "proj_search_articles"."articles" ((value#>'{magazineIssue,issue,slug}'));
CREATE INDEX IF NOT EXISTS idx_proj_search_articles_articles_value_magazineIssue_onCover ON "proj_search_articles"."articles" ((value#>>'{magazineIssue,onCover}'));
CREATE INDEX IF NOT EXISTS idx_proj_search_articles_articles_value_magazineIssue_onCover_jsonb ON "proj_search_articles"."articles" ((value#>'{magazineIssue,onCover}'));
CREATE INDEX IF NOT EXISTS idx_proj_search_articles_articles_value_magazineIssue_pageNumber ON "proj_search_articles"."articles" ((value#>>'{magazineIssue,pageNumber}'));
CREATE INDEX IF NOT EXISTS idx_proj_search_articles_articles_value_magazineIssue_pageNumber_jsonb ON "proj_search_articles"."articles" ((value#>'{magazineIssue,pageNumber}'));
CREATE INDEX IF NOT EXISTS idx_proj_search_articles_articles_value_seo_updatedAt ON "proj_search_articles"."articles" ((value#>>'{seo,updatedAt}'));
CREATE INDEX IF NOT EXISTS idx_proj_search_articles_articles_value_seo_updatedAt_jsonb ON "proj_search_articles"."articles" ((value#>'{seo,updatedAt}'));
CREATE INDEX IF NOT EXISTS idx_proj_search_articles_articles_value_slug ON "proj_search_articles"."articles" ((value->>'slug'));
CREATE INDEX IF NOT EXISTS idx_proj_search_articles_articles_value_slug_jsonb ON "proj_search_articles"."articles" ((value->'slug'));
CREATE INDEX IF NOT EXISTS idx_proj_search_articles_articles_value_theme ON "proj_search_articles"."articles" ((value->>'theme'));
CREATE INDEX IF NOT EXISTS idx_proj_search_articles_articles_value_theme_jsonb ON "proj_search_articles"."articles" ((value->'theme'));
CREATE INDEX IF NOT EXISTS idx_proj_search_articles_articles_value_title ON "proj_search_articles"."articles" ((value->>'title'));
CREATE INDEX IF NOT EXISTS idx_proj_search_articles_articles_value_title_jsonb ON "proj_search_articles"."articles" ((value->'title'));
CREATE INDEX IF NOT EXISTS idx_proj_search_articles_articles_value_writtenAt_instant ON "proj_search_articles"."articles" ((value#>>'{writtenAt,instant}'));
CREATE INDEX IF NOT EXISTS idx_proj_search_articles_articles_value_writtenAt_instant_jsonb ON "proj_search_articles"."articles" ((value#>'{writtenAt,instant}'));
CREATE INDEX IF NOT EXISTS idx_proj_search_articles_articles_value_writtenAt_year ON "proj_search_articles"."articles" ((value#>>'{writtenAt,year}'));
CREATE INDEX IF NOT EXISTS idx_proj_search_articles_articles_value_writtenAt_year_jsonb ON "proj_search_articles"."articles" ((value#>'{writtenAt,year}'));
CREATE INDEX IF NOT EXISTS idx_proj_search_articles_articles_value_author_name_norm ON "proj_search_articles"."articles" ((value#>>'{author,_name}'));
CREATE INDEX IF NOT EXISTS idx_proj_search_articles_articles_value_books_authors_names_norm ON "proj_search_articles"."articles" ((value#>>'{books,authors,_names}'));
CREATE INDEX IF NOT EXISTS idx_proj_search_articles_articles_value_books_names_norm ON "proj_search_articles"."articles" ((value#>>'{books,_names}'));
CREATE INDEX IF NOT EXISTS idx_proj_search_articles_articles_value_title_norm ON "proj_search_articles"."articles" ((value->>'_title'));

        ALTER TABLE "proj_search_articles"."articles" ADD COLUMN IF NOT EXISTS value_title_tsvector tsvector GENERATED ALWAYS AS (to_tsvector('french'::regconfig, value->>'_title')) STORED;

        CREATE INDEX IF NOT EXISTS idx_proj_search_articles_articles_value_title_fts_ts ON "proj_search_articles"."articles" USING rum (value_title_tsvector);

        -- Auto-population Trigger
        CREATE OR REPLACE FUNCTION "proj_search_articles".trg_func_articles_value_title_into_fts_words() RETURNS TRIGGER AS $$
        DECLARE
            new_arr text[];
            old_arr text[];
        BEGIN
            -- Short-circuit optimization to dramatically boost irrelevant field updates
            IF TG_OP = 'UPDATE' AND coalesce(NEW.value->>'_title', '') = coalesce(OLD.value->>'_title', '') THEN
                RETURN NULL;
            END IF;

            IF TG_OP = 'INSERT' OR TG_OP = 'UPDATE' THEN
                new_arr := regexp_split_to_array(fts.normalize(coalesce(NEW.value->>'_title', '')), '[^a-z0-9]+');
            END IF;
            IF TG_OP = 'DELETE' OR TG_OP = 'UPDATE' THEN
                old_arr := regexp_split_to_array(fts.normalize(coalesce(OLD.value->>'_title', '')), '[^a-z0-9]+');
            END IF;

            IF TG_OP = 'INSERT' THEN
                -- Insert individual words
                INSERT INTO "proj_search_articles".fts_words (word)
                SELECT DISTINCT unnest FROM unnest(new_arr) WHERE length(unnest) >= 3
                ON CONFLICT (word) DO UPDATE SET doc_count = fts_words.doc_count + 1;
                
                -- Insert word couples (bigrams)
                INSERT INTO "proj_search_articles".fts_word_couples (concat_word, separated_words)
                SELECT t1.word || t2.word, MAX(t1.word || ' ' || t2.word)
                FROM unnest(new_arr) WITH ORDINALITY AS t1(word, rn)
                JOIN unnest(new_arr) WITH ORDINALITY AS t2(word, rn) ON t2.rn = t1.rn + 1
                WHERE t1.word <> '' AND t2.word <> '' AND length(t1.word || t2.word) >= 6
                GROUP BY t1.word || t2.word
                ON CONFLICT (concat_word) DO UPDATE SET doc_count = fts_word_couples.doc_count + 1;

            ELSIF TG_OP = 'UPDATE' THEN
                -- Words added
                INSERT INTO "proj_search_articles".fts_words (word)
                SELECT unnest FROM unnest(new_arr) WHERE length(unnest) >= 3
                EXCEPT
                SELECT unnest FROM unnest(old_arr) WHERE length(unnest) >= 3
                ON CONFLICT (word) DO UPDATE SET doc_count = fts_words.doc_count + 1;

                -- Word Couples added
                INSERT INTO "proj_search_articles".fts_word_couples (concat_word, separated_words)
                SELECT added_concat, MAX(added_sep) FROM (
                    SELECT t1.word || t2.word AS added_concat, t1.word || ' ' || t2.word AS added_sep
                    FROM unnest(new_arr) WITH ORDINALITY AS t1(word, rn)
                    JOIN unnest(new_arr) WITH ORDINALITY AS t2(word, rn) ON t2.rn = t1.rn + 1
                    WHERE t1.word <> '' AND t2.word <> '' AND length(t1.word || t2.word) >= 6
                    EXCEPT
                    SELECT t1.word || t2.word AS added_concat, t1.word || ' ' || t2.word AS added_sep
                    FROM unnest(old_arr) WITH ORDINALITY AS t1(word, rn)
                    JOIN unnest(old_arr) WITH ORDINALITY AS t2(word, rn) ON t2.rn = t1.rn + 1
                    WHERE t1.word <> '' AND t2.word <> '' AND length(t1.word || t2.word) >= 6
                ) sub
                GROUP BY added_concat
                ON CONFLICT (concat_word) DO UPDATE SET doc_count = fts_word_couples.doc_count + 1;

                -- Words removed
                WITH decremented_words AS (
                    UPDATE "proj_search_articles".fts_words
                    SET doc_count = fts_words.doc_count - 1
                    WHERE word IN (
                        SELECT unnest FROM unnest(old_arr) WHERE length(unnest) >= 3
                        EXCEPT
                        SELECT unnest FROM unnest(new_arr) WHERE length(unnest) >= 3
                    )
                    RETURNING word, doc_count
                )
                DELETE FROM "proj_search_articles".fts_words WHERE word IN (SELECT word FROM decremented_words WHERE doc_count <= 0);
                
                -- Word couples removed
                WITH decremented_couples AS (
                    UPDATE "proj_search_articles".fts_word_couples
                    SET doc_count = fts_word_couples.doc_count - 1
                    WHERE concat_word IN (
                        SELECT t1.word || t2.word
                        FROM unnest(old_arr) WITH ORDINALITY AS t1(word, rn)
                        JOIN unnest(old_arr) WITH ORDINALITY AS t2(word, rn) ON t2.rn = t1.rn + 1
                        WHERE t1.word <> '' AND t2.word <> '' AND length(t1.word || t2.word) >= 6
                        EXCEPT
                        SELECT t1.word || t2.word
                        FROM unnest(new_arr) WITH ORDINALITY AS t1(word, rn)
                        JOIN unnest(new_arr) WITH ORDINALITY AS t2(word, rn) ON t2.rn = t1.rn + 1
                        WHERE t1.word <> '' AND t2.word <> '' AND length(t1.word || t2.word) >= 6
                    )
                    RETURNING concat_word, doc_count
                )
                DELETE FROM "proj_search_articles".fts_word_couples WHERE concat_word IN (SELECT concat_word FROM decremented_couples WHERE doc_count <= 0);
                
            ELSIF TG_OP = 'DELETE' THEN
                -- Words removed
                WITH decremented_words AS (
                    UPDATE "proj_search_articles".fts_words
                    SET doc_count = fts_words.doc_count - 1
                    WHERE word IN (
                        SELECT DISTINCT unnest FROM unnest(old_arr) WHERE length(unnest) >= 3
                    )
                    RETURNING word, doc_count
                )
                DELETE FROM "proj_search_articles".fts_words WHERE word IN (SELECT word FROM decremented_words WHERE doc_count <= 0);
                
                -- Word couples removed
                WITH decremented_couples AS (
                    UPDATE "proj_search_articles".fts_word_couples
                    SET doc_count = fts_word_couples.doc_count - 1
                    WHERE concat_word IN (
                        SELECT t1.word || t2.word
                        FROM unnest(old_arr) WITH ORDINALITY AS t1(word, rn)
                        JOIN unnest(old_arr) WITH ORDINALITY AS t2(word, rn) ON t2.rn = t1.rn + 1
                        WHERE t1.word <> '' AND t2.word <> '' AND length(t1.word || t2.word) >= 6
                    )
                    RETURNING concat_word, doc_count
                )
                DELETE FROM "proj_search_articles".fts_word_couples WHERE concat_word IN (SELECT concat_word FROM decremented_couples WHERE doc_count <= 0);
            END IF;
            RETURN NULL;
        END;
        $$ LANGUAGE plpgsql;

        DROP TRIGGER IF EXISTS trg_articles_value_title_into_fts_words ON "proj_search_articles"."articles";
        CREATE TRIGGER trg_articles_value_title_into_fts_words
        AFTER INSERT OR UPDATE OR DELETE ON "proj_search_articles"."articles"
        FOR EACH ROW EXECUTE FUNCTION "proj_search_articles".trg_func_articles_value_title_into_fts_words();
        
        ALTER TABLE "proj_search_articles"."articles" ADD COLUMN IF NOT EXISTS value_books_authors_names_tsvector tsvector GENERATED ALWAYS AS (to_tsvector('french'::regconfig, value#>>'{books,authors,_names}')) STORED;

        CREATE INDEX IF NOT EXISTS idx_proj_search_articles_articles_value_books_authors_names_fts_ts ON "proj_search_articles"."articles" USING rum (value_books_authors_names_tsvector);

        -- Auto-population Trigger
        CREATE OR REPLACE FUNCTION "proj_search_articles".trg_func_articles_value_books_authors_names_into_fts_words() RETURNS TRIGGER AS $$
        DECLARE
            new_arr text[];
            old_arr text[];
        BEGIN
            -- Short-circuit optimization to dramatically boost irrelevant field updates
            IF TG_OP = 'UPDATE' AND coalesce(NEW.value#>>'{books,authors,_names}', '') = coalesce(OLD.value#>>'{books,authors,_names}', '') THEN
                RETURN NULL;
            END IF;

            IF TG_OP = 'INSERT' OR TG_OP = 'UPDATE' THEN
                new_arr := regexp_split_to_array(fts.normalize(coalesce(NEW.value#>>'{books,authors,_names}', '')), '[^a-z0-9]+');
            END IF;
            IF TG_OP = 'DELETE' OR TG_OP = 'UPDATE' THEN
                old_arr := regexp_split_to_array(fts.normalize(coalesce(OLD.value#>>'{books,authors,_names}', '')), '[^a-z0-9]+');
            END IF;

            IF TG_OP = 'INSERT' THEN
                -- Insert individual words
                INSERT INTO "proj_search_articles".fts_words (word)
                SELECT DISTINCT unnest FROM unnest(new_arr) WHERE length(unnest) >= 3
                ON CONFLICT (word) DO UPDATE SET doc_count = fts_words.doc_count + 1;
                
                -- Insert word couples (bigrams)
                INSERT INTO "proj_search_articles".fts_word_couples (concat_word, separated_words)
                SELECT t1.word || t2.word, MAX(t1.word || ' ' || t2.word)
                FROM unnest(new_arr) WITH ORDINALITY AS t1(word, rn)
                JOIN unnest(new_arr) WITH ORDINALITY AS t2(word, rn) ON t2.rn = t1.rn + 1
                WHERE t1.word <> '' AND t2.word <> '' AND length(t1.word || t2.word) >= 6
                GROUP BY t1.word || t2.word
                ON CONFLICT (concat_word) DO UPDATE SET doc_count = fts_word_couples.doc_count + 1;

            ELSIF TG_OP = 'UPDATE' THEN
                -- Words added
                INSERT INTO "proj_search_articles".fts_words (word)
                SELECT unnest FROM unnest(new_arr) WHERE length(unnest) >= 3
                EXCEPT
                SELECT unnest FROM unnest(old_arr) WHERE length(unnest) >= 3
                ON CONFLICT (word) DO UPDATE SET doc_count = fts_words.doc_count + 1;

                -- Word Couples added
                INSERT INTO "proj_search_articles".fts_word_couples (concat_word, separated_words)
                SELECT added_concat, MAX(added_sep) FROM (
                    SELECT t1.word || t2.word AS added_concat, t1.word || ' ' || t2.word AS added_sep
                    FROM unnest(new_arr) WITH ORDINALITY AS t1(word, rn)
                    JOIN unnest(new_arr) WITH ORDINALITY AS t2(word, rn) ON t2.rn = t1.rn + 1
                    WHERE t1.word <> '' AND t2.word <> '' AND length(t1.word || t2.word) >= 6
                    EXCEPT
                    SELECT t1.word || t2.word AS added_concat, t1.word || ' ' || t2.word AS added_sep
                    FROM unnest(old_arr) WITH ORDINALITY AS t1(word, rn)
                    JOIN unnest(old_arr) WITH ORDINALITY AS t2(word, rn) ON t2.rn = t1.rn + 1
                    WHERE t1.word <> '' AND t2.word <> '' AND length(t1.word || t2.word) >= 6
                ) sub
                GROUP BY added_concat
                ON CONFLICT (concat_word) DO UPDATE SET doc_count = fts_word_couples.doc_count + 1;

                -- Words removed
                WITH decremented_words AS (
                    UPDATE "proj_search_articles".fts_words
                    SET doc_count = fts_words.doc_count - 1
                    WHERE word IN (
                        SELECT unnest FROM unnest(old_arr) WHERE length(unnest) >= 3
                        EXCEPT
                        SELECT unnest FROM unnest(new_arr) WHERE length(unnest) >= 3
                    )
                    RETURNING word, doc_count
                )
                DELETE FROM "proj_search_articles".fts_words WHERE word IN (SELECT word FROM decremented_words WHERE doc_count <= 0);
                
                -- Word couples removed
                WITH decremented_couples AS (
                    UPDATE "proj_search_articles".fts_word_couples
                    SET doc_count = fts_word_couples.doc_count - 1
                    WHERE concat_word IN (
                        SELECT t1.word || t2.word
                        FROM unnest(old_arr) WITH ORDINALITY AS t1(word, rn)
                        JOIN unnest(old_arr) WITH ORDINALITY AS t2(word, rn) ON t2.rn = t1.rn + 1
                        WHERE t1.word <> '' AND t2.word <> '' AND length(t1.word || t2.word) >= 6
                        EXCEPT
                        SELECT t1.word || t2.word
                        FROM unnest(new_arr) WITH ORDINALITY AS t1(word, rn)
                        JOIN unnest(new_arr) WITH ORDINALITY AS t2(word, rn) ON t2.rn = t1.rn + 1
                        WHERE t1.word <> '' AND t2.word <> '' AND length(t1.word || t2.word) >= 6
                    )
                    RETURNING concat_word, doc_count
                )
                DELETE FROM "proj_search_articles".fts_word_couples WHERE concat_word IN (SELECT concat_word FROM decremented_couples WHERE doc_count <= 0);
                
            ELSIF TG_OP = 'DELETE' THEN
                -- Words removed
                WITH decremented_words AS (
                    UPDATE "proj_search_articles".fts_words
                    SET doc_count = fts_words.doc_count - 1
                    WHERE word IN (
                        SELECT DISTINCT unnest FROM unnest(old_arr) WHERE length(unnest) >= 3
                    )
                    RETURNING word, doc_count
                )
                DELETE FROM "proj_search_articles".fts_words WHERE word IN (SELECT word FROM decremented_words WHERE doc_count <= 0);
                
                -- Word couples removed
                WITH decremented_couples AS (
                    UPDATE "proj_search_articles".fts_word_couples
                    SET doc_count = fts_word_couples.doc_count - 1
                    WHERE concat_word IN (
                        SELECT t1.word || t2.word
                        FROM unnest(old_arr) WITH ORDINALITY AS t1(word, rn)
                        JOIN unnest(old_arr) WITH ORDINALITY AS t2(word, rn) ON t2.rn = t1.rn + 1
                        WHERE t1.word <> '' AND t2.word <> '' AND length(t1.word || t2.word) >= 6
                    )
                    RETURNING concat_word, doc_count
                )
                DELETE FROM "proj_search_articles".fts_word_couples WHERE concat_word IN (SELECT concat_word FROM decremented_couples WHERE doc_count <= 0);
            END IF;
            RETURN NULL;
        END;
        $$ LANGUAGE plpgsql;

        DROP TRIGGER IF EXISTS trg_articles_value_books_authors_names_into_fts_words ON "proj_search_articles"."articles";
        CREATE TRIGGER trg_articles_value_books_authors_names_into_fts_words
        AFTER INSERT OR UPDATE OR DELETE ON "proj_search_articles"."articles"
        FOR EACH ROW EXECUTE FUNCTION "proj_search_articles".trg_func_articles_value_books_authors_names_into_fts_words();
        
        ALTER TABLE "proj_search_articles"."articles" ADD COLUMN IF NOT EXISTS value_books_names_tsvector tsvector GENERATED ALWAYS AS (to_tsvector('french'::regconfig, value#>>'{books,_names}')) STORED;

        CREATE INDEX IF NOT EXISTS idx_proj_search_articles_articles_value_books_names_fts_ts ON "proj_search_articles"."articles" USING rum (value_books_names_tsvector);

        -- Auto-population Trigger
        CREATE OR REPLACE FUNCTION "proj_search_articles".trg_func_articles_value_books_names_into_fts_words() RETURNS TRIGGER AS $$
        DECLARE
            new_arr text[];
            old_arr text[];
        BEGIN
            -- Short-circuit optimization to dramatically boost irrelevant field updates
            IF TG_OP = 'UPDATE' AND coalesce(NEW.value#>>'{books,_names}', '') = coalesce(OLD.value#>>'{books,_names}', '') THEN
                RETURN NULL;
            END IF;

            IF TG_OP = 'INSERT' OR TG_OP = 'UPDATE' THEN
                new_arr := regexp_split_to_array(fts.normalize(coalesce(NEW.value#>>'{books,_names}', '')), '[^a-z0-9]+');
            END IF;
            IF TG_OP = 'DELETE' OR TG_OP = 'UPDATE' THEN
                old_arr := regexp_split_to_array(fts.normalize(coalesce(OLD.value#>>'{books,_names}', '')), '[^a-z0-9]+');
            END IF;

            IF TG_OP = 'INSERT' THEN
                -- Insert individual words
                INSERT INTO "proj_search_articles".fts_words (word)
                SELECT DISTINCT unnest FROM unnest(new_arr) WHERE length(unnest) >= 3
                ON CONFLICT (word) DO UPDATE SET doc_count = fts_words.doc_count + 1;
                
                -- Insert word couples (bigrams)
                INSERT INTO "proj_search_articles".fts_word_couples (concat_word, separated_words)
                SELECT t1.word || t2.word, MAX(t1.word || ' ' || t2.word)
                FROM unnest(new_arr) WITH ORDINALITY AS t1(word, rn)
                JOIN unnest(new_arr) WITH ORDINALITY AS t2(word, rn) ON t2.rn = t1.rn + 1
                WHERE t1.word <> '' AND t2.word <> '' AND length(t1.word || t2.word) >= 6
                GROUP BY t1.word || t2.word
                ON CONFLICT (concat_word) DO UPDATE SET doc_count = fts_word_couples.doc_count + 1;

            ELSIF TG_OP = 'UPDATE' THEN
                -- Words added
                INSERT INTO "proj_search_articles".fts_words (word)
                SELECT unnest FROM unnest(new_arr) WHERE length(unnest) >= 3
                EXCEPT
                SELECT unnest FROM unnest(old_arr) WHERE length(unnest) >= 3
                ON CONFLICT (word) DO UPDATE SET doc_count = fts_words.doc_count + 1;

                -- Word Couples added
                INSERT INTO "proj_search_articles".fts_word_couples (concat_word, separated_words)
                SELECT added_concat, MAX(added_sep) FROM (
                    SELECT t1.word || t2.word AS added_concat, t1.word || ' ' || t2.word AS added_sep
                    FROM unnest(new_arr) WITH ORDINALITY AS t1(word, rn)
                    JOIN unnest(new_arr) WITH ORDINALITY AS t2(word, rn) ON t2.rn = t1.rn + 1
                    WHERE t1.word <> '' AND t2.word <> '' AND length(t1.word || t2.word) >= 6
                    EXCEPT
                    SELECT t1.word || t2.word AS added_concat, t1.word || ' ' || t2.word AS added_sep
                    FROM unnest(old_arr) WITH ORDINALITY AS t1(word, rn)
                    JOIN unnest(old_arr) WITH ORDINALITY AS t2(word, rn) ON t2.rn = t1.rn + 1
                    WHERE t1.word <> '' AND t2.word <> '' AND length(t1.word || t2.word) >= 6
                ) sub
                GROUP BY added_concat
                ON CONFLICT (concat_word) DO UPDATE SET doc_count = fts_word_couples.doc_count + 1;

                -- Words removed
                WITH decremented_words AS (
                    UPDATE "proj_search_articles".fts_words
                    SET doc_count = fts_words.doc_count - 1
                    WHERE word IN (
                        SELECT unnest FROM unnest(old_arr) WHERE length(unnest) >= 3
                        EXCEPT
                        SELECT unnest FROM unnest(new_arr) WHERE length(unnest) >= 3
                    )
                    RETURNING word, doc_count
                )
                DELETE FROM "proj_search_articles".fts_words WHERE word IN (SELECT word FROM decremented_words WHERE doc_count <= 0);
                
                -- Word couples removed
                WITH decremented_couples AS (
                    UPDATE "proj_search_articles".fts_word_couples
                    SET doc_count = fts_word_couples.doc_count - 1
                    WHERE concat_word IN (
                        SELECT t1.word || t2.word
                        FROM unnest(old_arr) WITH ORDINALITY AS t1(word, rn)
                        JOIN unnest(old_arr) WITH ORDINALITY AS t2(word, rn) ON t2.rn = t1.rn + 1
                        WHERE t1.word <> '' AND t2.word <> '' AND length(t1.word || t2.word) >= 6
                        EXCEPT
                        SELECT t1.word || t2.word
                        FROM unnest(new_arr) WITH ORDINALITY AS t1(word, rn)
                        JOIN unnest(new_arr) WITH ORDINALITY AS t2(word, rn) ON t2.rn = t1.rn + 1
                        WHERE t1.word <> '' AND t2.word <> '' AND length(t1.word || t2.word) >= 6
                    )
                    RETURNING concat_word, doc_count
                )
                DELETE FROM "proj_search_articles".fts_word_couples WHERE concat_word IN (SELECT concat_word FROM decremented_couples WHERE doc_count <= 0);
                
            ELSIF TG_OP = 'DELETE' THEN
                -- Words removed
                WITH decremented_words AS (
                    UPDATE "proj_search_articles".fts_words
                    SET doc_count = fts_words.doc_count - 1
                    WHERE word IN (
                        SELECT DISTINCT unnest FROM unnest(old_arr) WHERE length(unnest) >= 3
                    )
                    RETURNING word, doc_count
                )
                DELETE FROM "proj_search_articles".fts_words WHERE word IN (SELECT word FROM decremented_words WHERE doc_count <= 0);
                
                -- Word couples removed
                WITH decremented_couples AS (
                    UPDATE "proj_search_articles".fts_word_couples
                    SET doc_count = fts_word_couples.doc_count - 1
                    WHERE concat_word IN (
                        SELECT t1.word || t2.word
                        FROM unnest(old_arr) WITH ORDINALITY AS t1(word, rn)
                        JOIN unnest(old_arr) WITH ORDINALITY AS t2(word, rn) ON t2.rn = t1.rn + 1
                        WHERE t1.word <> '' AND t2.word <> '' AND length(t1.word || t2.word) >= 6
                    )
                    RETURNING concat_word, doc_count
                )
                DELETE FROM "proj_search_articles".fts_word_couples WHERE concat_word IN (SELECT concat_word FROM decremented_couples WHERE doc_count <= 0);
            END IF;
            RETURN NULL;
        END;
        $$ LANGUAGE plpgsql;

        DROP TRIGGER IF EXISTS trg_articles_value_books_names_into_fts_words ON "proj_search_articles"."articles";
        CREATE TRIGGER trg_articles_value_books_names_into_fts_words
        AFTER INSERT OR UPDATE OR DELETE ON "proj_search_articles"."articles"
        FOR EACH ROW EXECUTE FUNCTION "proj_search_articles".trg_func_articles_value_books_names_into_fts_words();
        
        ALTER TABLE "proj_search_articles"."articles" ADD COLUMN IF NOT EXISTS value_content_tsvector tsvector GENERATED ALWAYS AS (to_tsvector('french'::regconfig, value->>'_content')) STORED;

        CREATE INDEX IF NOT EXISTS idx_proj_search_articles_articles_value_content_fts_ts ON "proj_search_articles"."articles" USING rum (value_content_tsvector);

        -- Auto-population Trigger
        CREATE OR REPLACE FUNCTION "proj_search_articles".trg_func_articles_value_content_into_fts_words() RETURNS TRIGGER AS $$
        DECLARE
            new_arr text[];
            old_arr text[];
        BEGIN
            -- Short-circuit optimization to dramatically boost irrelevant field updates
            IF TG_OP = 'UPDATE' AND coalesce(NEW.value->>'_content', '') = coalesce(OLD.value->>'_content', '') THEN
                RETURN NULL;
            END IF;

            IF TG_OP = 'INSERT' OR TG_OP = 'UPDATE' THEN
                new_arr := regexp_split_to_array(fts.normalize(coalesce(NEW.value->>'_content', '')), '[^a-z0-9]+');
            END IF;
            IF TG_OP = 'DELETE' OR TG_OP = 'UPDATE' THEN
                old_arr := regexp_split_to_array(fts.normalize(coalesce(OLD.value->>'_content', '')), '[^a-z0-9]+');
            END IF;

            IF TG_OP = 'INSERT' THEN
                -- Insert individual words
                INSERT INTO "proj_search_articles".fts_words (word)
                SELECT DISTINCT unnest FROM unnest(new_arr) WHERE length(unnest) >= 3
                ON CONFLICT (word) DO UPDATE SET doc_count = fts_words.doc_count + 1;
                
                -- Insert word couples (bigrams)
                INSERT INTO "proj_search_articles".fts_word_couples (concat_word, separated_words)
                SELECT t1.word || t2.word, MAX(t1.word || ' ' || t2.word)
                FROM unnest(new_arr) WITH ORDINALITY AS t1(word, rn)
                JOIN unnest(new_arr) WITH ORDINALITY AS t2(word, rn) ON t2.rn = t1.rn + 1
                WHERE t1.word <> '' AND t2.word <> '' AND length(t1.word || t2.word) >= 6
                GROUP BY t1.word || t2.word
                ON CONFLICT (concat_word) DO UPDATE SET doc_count = fts_word_couples.doc_count + 1;

            ELSIF TG_OP = 'UPDATE' THEN
                -- Words added
                INSERT INTO "proj_search_articles".fts_words (word)
                SELECT unnest FROM unnest(new_arr) WHERE length(unnest) >= 3
                EXCEPT
                SELECT unnest FROM unnest(old_arr) WHERE length(unnest) >= 3
                ON CONFLICT (word) DO UPDATE SET doc_count = fts_words.doc_count + 1;

                -- Word Couples added
                INSERT INTO "proj_search_articles".fts_word_couples (concat_word, separated_words)
                SELECT added_concat, MAX(added_sep) FROM (
                    SELECT t1.word || t2.word AS added_concat, t1.word || ' ' || t2.word AS added_sep
                    FROM unnest(new_arr) WITH ORDINALITY AS t1(word, rn)
                    JOIN unnest(new_arr) WITH ORDINALITY AS t2(word, rn) ON t2.rn = t1.rn + 1
                    WHERE t1.word <> '' AND t2.word <> '' AND length(t1.word || t2.word) >= 6
                    EXCEPT
                    SELECT t1.word || t2.word AS added_concat, t1.word || ' ' || t2.word AS added_sep
                    FROM unnest(old_arr) WITH ORDINALITY AS t1(word, rn)
                    JOIN unnest(old_arr) WITH ORDINALITY AS t2(word, rn) ON t2.rn = t1.rn + 1
                    WHERE t1.word <> '' AND t2.word <> '' AND length(t1.word || t2.word) >= 6
                ) sub
                GROUP BY added_concat
                ON CONFLICT (concat_word) DO UPDATE SET doc_count = fts_word_couples.doc_count + 1;

                -- Words removed
                WITH decremented_words AS (
                    UPDATE "proj_search_articles".fts_words
                    SET doc_count = fts_words.doc_count - 1
                    WHERE word IN (
                        SELECT unnest FROM unnest(old_arr) WHERE length(unnest) >= 3
                        EXCEPT
                        SELECT unnest FROM unnest(new_arr) WHERE length(unnest) >= 3
                    )
                    RETURNING word, doc_count
                )
                DELETE FROM "proj_search_articles".fts_words WHERE word IN (SELECT word FROM decremented_words WHERE doc_count <= 0);
                
                -- Word couples removed
                WITH decremented_couples AS (
                    UPDATE "proj_search_articles".fts_word_couples
                    SET doc_count = fts_word_couples.doc_count - 1
                    WHERE concat_word IN (
                        SELECT t1.word || t2.word
                        FROM unnest(old_arr) WITH ORDINALITY AS t1(word, rn)
                        JOIN unnest(old_arr) WITH ORDINALITY AS t2(word, rn) ON t2.rn = t1.rn + 1
                        WHERE t1.word <> '' AND t2.word <> '' AND length(t1.word || t2.word) >= 6
                        EXCEPT
                        SELECT t1.word || t2.word
                        FROM unnest(new_arr) WITH ORDINALITY AS t1(word, rn)
                        JOIN unnest(new_arr) WITH ORDINALITY AS t2(word, rn) ON t2.rn = t1.rn + 1
                        WHERE t1.word <> '' AND t2.word <> '' AND length(t1.word || t2.word) >= 6
                    )
                    RETURNING concat_word, doc_count
                )
                DELETE FROM "proj_search_articles".fts_word_couples WHERE concat_word IN (SELECT concat_word FROM decremented_couples WHERE doc_count <= 0);
                
            ELSIF TG_OP = 'DELETE' THEN
                -- Words removed
                WITH decremented_words AS (
                    UPDATE "proj_search_articles".fts_words
                    SET doc_count = fts_words.doc_count - 1
                    WHERE word IN (
                        SELECT DISTINCT unnest FROM unnest(old_arr) WHERE length(unnest) >= 3
                    )
                    RETURNING word, doc_count
                )
                DELETE FROM "proj_search_articles".fts_words WHERE word IN (SELECT word FROM decremented_words WHERE doc_count <= 0);
                
                -- Word couples removed
                WITH decremented_couples AS (
                    UPDATE "proj_search_articles".fts_word_couples
                    SET doc_count = fts_word_couples.doc_count - 1
                    WHERE concat_word IN (
                        SELECT t1.word || t2.word
                        FROM unnest(old_arr) WITH ORDINALITY AS t1(word, rn)
                        JOIN unnest(old_arr) WITH ORDINALITY AS t2(word, rn) ON t2.rn = t1.rn + 1
                        WHERE t1.word <> '' AND t2.word <> '' AND length(t1.word || t2.word) >= 6
                    )
                    RETURNING concat_word, doc_count
                )
                DELETE FROM "proj_search_articles".fts_word_couples WHERE concat_word IN (SELECT concat_word FROM decremented_couples WHERE doc_count <= 0);
            END IF;
            RETURN NULL;
        END;
        $$ LANGUAGE plpgsql;

        DROP TRIGGER IF EXISTS trg_articles_value_content_into_fts_words ON "proj_search_articles"."articles";
        CREATE TRIGGER trg_articles_value_content_into_fts_words
        AFTER INSERT OR UPDATE OR DELETE ON "proj_search_articles"."articles"
        FOR EACH ROW EXECUTE FUNCTION "proj_search_articles".trg_func_articles_value_content_into_fts_words();
        
        ALTER TABLE "proj_search_articles"."articles" ADD COLUMN IF NOT EXISTS value_lead_tsvector tsvector GENERATED ALWAYS AS (to_tsvector('french'::regconfig, value->>'_lead')) STORED;

        CREATE INDEX IF NOT EXISTS idx_proj_search_articles_articles_value_lead_fts_ts ON "proj_search_articles"."articles" USING rum (value_lead_tsvector);

        -- Auto-population Trigger
        CREATE OR REPLACE FUNCTION "proj_search_articles".trg_func_articles_value_lead_into_fts_words() RETURNS TRIGGER AS $$
        DECLARE
            new_arr text[];
            old_arr text[];
        BEGIN
            -- Short-circuit optimization to dramatically boost irrelevant field updates
            IF TG_OP = 'UPDATE' AND coalesce(NEW.value->>'_lead', '') = coalesce(OLD.value->>'_lead', '') THEN
                RETURN NULL;
            END IF;

            IF TG_OP = 'INSERT' OR TG_OP = 'UPDATE' THEN
                new_arr := regexp_split_to_array(fts.normalize(coalesce(NEW.value->>'_lead', '')), '[^a-z0-9]+');
            END IF;
            IF TG_OP = 'DELETE' OR TG_OP = 'UPDATE' THEN
                old_arr := regexp_split_to_array(fts.normalize(coalesce(OLD.value->>'_lead', '')), '[^a-z0-9]+');
            END IF;

            IF TG_OP = 'INSERT' THEN
                -- Insert individual words
                INSERT INTO "proj_search_articles".fts_words (word)
                SELECT DISTINCT unnest FROM unnest(new_arr) WHERE length(unnest) >= 3
                ON CONFLICT (word) DO UPDATE SET doc_count = fts_words.doc_count + 1;
                
                -- Insert word couples (bigrams)
                INSERT INTO "proj_search_articles".fts_word_couples (concat_word, separated_words)
                SELECT t1.word || t2.word, MAX(t1.word || ' ' || t2.word)
                FROM unnest(new_arr) WITH ORDINALITY AS t1(word, rn)
                JOIN unnest(new_arr) WITH ORDINALITY AS t2(word, rn) ON t2.rn = t1.rn + 1
                WHERE t1.word <> '' AND t2.word <> '' AND length(t1.word || t2.word) >= 6
                GROUP BY t1.word || t2.word
                ON CONFLICT (concat_word) DO UPDATE SET doc_count = fts_word_couples.doc_count + 1;

            ELSIF TG_OP = 'UPDATE' THEN
                -- Words added
                INSERT INTO "proj_search_articles".fts_words (word)
                SELECT unnest FROM unnest(new_arr) WHERE length(unnest) >= 3
                EXCEPT
                SELECT unnest FROM unnest(old_arr) WHERE length(unnest) >= 3
                ON CONFLICT (word) DO UPDATE SET doc_count = fts_words.doc_count + 1;

                -- Word Couples added
                INSERT INTO "proj_search_articles".fts_word_couples (concat_word, separated_words)
                SELECT added_concat, MAX(added_sep) FROM (
                    SELECT t1.word || t2.word AS added_concat, t1.word || ' ' || t2.word AS added_sep
                    FROM unnest(new_arr) WITH ORDINALITY AS t1(word, rn)
                    JOIN unnest(new_arr) WITH ORDINALITY AS t2(word, rn) ON t2.rn = t1.rn + 1
                    WHERE t1.word <> '' AND t2.word <> '' AND length(t1.word || t2.word) >= 6
                    EXCEPT
                    SELECT t1.word || t2.word AS added_concat, t1.word || ' ' || t2.word AS added_sep
                    FROM unnest(old_arr) WITH ORDINALITY AS t1(word, rn)
                    JOIN unnest(old_arr) WITH ORDINALITY AS t2(word, rn) ON t2.rn = t1.rn + 1
                    WHERE t1.word <> '' AND t2.word <> '' AND length(t1.word || t2.word) >= 6
                ) sub
                GROUP BY added_concat
                ON CONFLICT (concat_word) DO UPDATE SET doc_count = fts_word_couples.doc_count + 1;

                -- Words removed
                WITH decremented_words AS (
                    UPDATE "proj_search_articles".fts_words
                    SET doc_count = fts_words.doc_count - 1
                    WHERE word IN (
                        SELECT unnest FROM unnest(old_arr) WHERE length(unnest) >= 3
                        EXCEPT
                        SELECT unnest FROM unnest(new_arr) WHERE length(unnest) >= 3
                    )
                    RETURNING word, doc_count
                )
                DELETE FROM "proj_search_articles".fts_words WHERE word IN (SELECT word FROM decremented_words WHERE doc_count <= 0);
                
                -- Word couples removed
                WITH decremented_couples AS (
                    UPDATE "proj_search_articles".fts_word_couples
                    SET doc_count = fts_word_couples.doc_count - 1
                    WHERE concat_word IN (
                        SELECT t1.word || t2.word
                        FROM unnest(old_arr) WITH ORDINALITY AS t1(word, rn)
                        JOIN unnest(old_arr) WITH ORDINALITY AS t2(word, rn) ON t2.rn = t1.rn + 1
                        WHERE t1.word <> '' AND t2.word <> '' AND length(t1.word || t2.word) >= 6
                        EXCEPT
                        SELECT t1.word || t2.word
                        FROM unnest(new_arr) WITH ORDINALITY AS t1(word, rn)
                        JOIN unnest(new_arr) WITH ORDINALITY AS t2(word, rn) ON t2.rn = t1.rn + 1
                        WHERE t1.word <> '' AND t2.word <> '' AND length(t1.word || t2.word) >= 6
                    )
                    RETURNING concat_word, doc_count
                )
                DELETE FROM "proj_search_articles".fts_word_couples WHERE concat_word IN (SELECT concat_word FROM decremented_couples WHERE doc_count <= 0);
                
            ELSIF TG_OP = 'DELETE' THEN
                -- Words removed
                WITH decremented_words AS (
                    UPDATE "proj_search_articles".fts_words
                    SET doc_count = fts_words.doc_count - 1
                    WHERE word IN (
                        SELECT DISTINCT unnest FROM unnest(old_arr) WHERE length(unnest) >= 3
                    )
                    RETURNING word, doc_count
                )
                DELETE FROM "proj_search_articles".fts_words WHERE word IN (SELECT word FROM decremented_words WHERE doc_count <= 0);
                
                -- Word couples removed
                WITH decremented_couples AS (
                    UPDATE "proj_search_articles".fts_word_couples
                    SET doc_count = fts_word_couples.doc_count - 1
                    WHERE concat_word IN (
                        SELECT t1.word || t2.word
                        FROM unnest(old_arr) WITH ORDINALITY AS t1(word, rn)
                        JOIN unnest(old_arr) WITH ORDINALITY AS t2(word, rn) ON t2.rn = t1.rn + 1
                        WHERE t1.word <> '' AND t2.word <> '' AND length(t1.word || t2.word) >= 6
                    )
                    RETURNING concat_word, doc_count
                )
                DELETE FROM "proj_search_articles".fts_word_couples WHERE concat_word IN (SELECT concat_word FROM decremented_couples WHERE doc_count <= 0);
            END IF;
            RETURN NULL;
        END;
        $$ LANGUAGE plpgsql;

        DROP TRIGGER IF EXISTS trg_articles_value_lead_into_fts_words ON "proj_search_articles"."articles";
        CREATE TRIGGER trg_articles_value_lead_into_fts_words
        AFTER INSERT OR UPDATE OR DELETE ON "proj_search_articles"."articles"
        FOR EACH ROW EXECUTE FUNCTION "proj_search_articles".trg_func_articles_value_lead_into_fts_words();
        
        ALTER TABLE "proj_search_articles"."articles" ADD COLUMN IF NOT EXISTS value_author_name_tsvector tsvector GENERATED ALWAYS AS (to_tsvector('french'::regconfig, value#>>'{author,_name}')) STORED;

        CREATE INDEX IF NOT EXISTS idx_proj_search_articles_articles_value_author_name_fts_ts ON "proj_search_articles"."articles" USING rum (value_author_name_tsvector);

        -- Auto-population Trigger
        CREATE OR REPLACE FUNCTION "proj_search_articles".trg_func_articles_value_author_name_into_fts_words() RETURNS TRIGGER AS $$
        DECLARE
            new_arr text[];
            old_arr text[];
        BEGIN
            -- Short-circuit optimization to dramatically boost irrelevant field updates
            IF TG_OP = 'UPDATE' AND coalesce(NEW.value#>>'{author,_name}', '') = coalesce(OLD.value#>>'{author,_name}', '') THEN
                RETURN NULL;
            END IF;

            IF TG_OP = 'INSERT' OR TG_OP = 'UPDATE' THEN
                new_arr := regexp_split_to_array(fts.normalize(coalesce(NEW.value#>>'{author,_name}', '')), '[^a-z0-9]+');
            END IF;
            IF TG_OP = 'DELETE' OR TG_OP = 'UPDATE' THEN
                old_arr := regexp_split_to_array(fts.normalize(coalesce(OLD.value#>>'{author,_name}', '')), '[^a-z0-9]+');
            END IF;

            IF TG_OP = 'INSERT' THEN
                -- Insert individual words
                INSERT INTO "proj_search_articles".fts_words (word)
                SELECT DISTINCT unnest FROM unnest(new_arr) WHERE length(unnest) >= 3
                ON CONFLICT (word) DO UPDATE SET doc_count = fts_words.doc_count + 1;
                
                -- Insert word couples (bigrams)
                INSERT INTO "proj_search_articles".fts_word_couples (concat_word, separated_words)
                SELECT t1.word || t2.word, MAX(t1.word || ' ' || t2.word)
                FROM unnest(new_arr) WITH ORDINALITY AS t1(word, rn)
                JOIN unnest(new_arr) WITH ORDINALITY AS t2(word, rn) ON t2.rn = t1.rn + 1
                WHERE t1.word <> '' AND t2.word <> '' AND length(t1.word || t2.word) >= 6
                GROUP BY t1.word || t2.word
                ON CONFLICT (concat_word) DO UPDATE SET doc_count = fts_word_couples.doc_count + 1;

            ELSIF TG_OP = 'UPDATE' THEN
                -- Words added
                INSERT INTO "proj_search_articles".fts_words (word)
                SELECT unnest FROM unnest(new_arr) WHERE length(unnest) >= 3
                EXCEPT
                SELECT unnest FROM unnest(old_arr) WHERE length(unnest) >= 3
                ON CONFLICT (word) DO UPDATE SET doc_count = fts_words.doc_count + 1;

                -- Word Couples added
                INSERT INTO "proj_search_articles".fts_word_couples (concat_word, separated_words)
                SELECT added_concat, MAX(added_sep) FROM (
                    SELECT t1.word || t2.word AS added_concat, t1.word || ' ' || t2.word AS added_sep
                    FROM unnest(new_arr) WITH ORDINALITY AS t1(word, rn)
                    JOIN unnest(new_arr) WITH ORDINALITY AS t2(word, rn) ON t2.rn = t1.rn + 1
                    WHERE t1.word <> '' AND t2.word <> '' AND length(t1.word || t2.word) >= 6
                    EXCEPT
                    SELECT t1.word || t2.word AS added_concat, t1.word || ' ' || t2.word AS added_sep
                    FROM unnest(old_arr) WITH ORDINALITY AS t1(word, rn)
                    JOIN unnest(old_arr) WITH ORDINALITY AS t2(word, rn) ON t2.rn = t1.rn + 1
                    WHERE t1.word <> '' AND t2.word <> '' AND length(t1.word || t2.word) >= 6
                ) sub
                GROUP BY added_concat
                ON CONFLICT (concat_word) DO UPDATE SET doc_count = fts_word_couples.doc_count + 1;

                -- Words removed
                WITH decremented_words AS (
                    UPDATE "proj_search_articles".fts_words
                    SET doc_count = fts_words.doc_count - 1
                    WHERE word IN (
                        SELECT unnest FROM unnest(old_arr) WHERE length(unnest) >= 3
                        EXCEPT
                        SELECT unnest FROM unnest(new_arr) WHERE length(unnest) >= 3
                    )
                    RETURNING word, doc_count
                )
                DELETE FROM "proj_search_articles".fts_words WHERE word IN (SELECT word FROM decremented_words WHERE doc_count <= 0);
                
                -- Word couples removed
                WITH decremented_couples AS (
                    UPDATE "proj_search_articles".fts_word_couples
                    SET doc_count = fts_word_couples.doc_count - 1
                    WHERE concat_word IN (
                        SELECT t1.word || t2.word
                        FROM unnest(old_arr) WITH ORDINALITY AS t1(word, rn)
                        JOIN unnest(old_arr) WITH ORDINALITY AS t2(word, rn) ON t2.rn = t1.rn + 1
                        WHERE t1.word <> '' AND t2.word <> '' AND length(t1.word || t2.word) >= 6
                        EXCEPT
                        SELECT t1.word || t2.word
                        FROM unnest(new_arr) WITH ORDINALITY AS t1(word, rn)
                        JOIN unnest(new_arr) WITH ORDINALITY AS t2(word, rn) ON t2.rn = t1.rn + 1
                        WHERE t1.word <> '' AND t2.word <> '' AND length(t1.word || t2.word) >= 6
                    )
                    RETURNING concat_word, doc_count
                )
                DELETE FROM "proj_search_articles".fts_word_couples WHERE concat_word IN (SELECT concat_word FROM decremented_couples WHERE doc_count <= 0);
                
            ELSIF TG_OP = 'DELETE' THEN
                -- Words removed
                WITH decremented_words AS (
                    UPDATE "proj_search_articles".fts_words
                    SET doc_count = fts_words.doc_count - 1
                    WHERE word IN (
                        SELECT DISTINCT unnest FROM unnest(old_arr) WHERE length(unnest) >= 3
                    )
                    RETURNING word, doc_count
                )
                DELETE FROM "proj_search_articles".fts_words WHERE word IN (SELECT word FROM decremented_words WHERE doc_count <= 0);
                
                -- Word couples removed
                WITH decremented_couples AS (
                    UPDATE "proj_search_articles".fts_word_couples
                    SET doc_count = fts_word_couples.doc_count - 1
                    WHERE concat_word IN (
                        SELECT t1.word || t2.word
                        FROM unnest(old_arr) WITH ORDINALITY AS t1(word, rn)
                        JOIN unnest(old_arr) WITH ORDINALITY AS t2(word, rn) ON t2.rn = t1.rn + 1
                        WHERE t1.word <> '' AND t2.word <> '' AND length(t1.word || t2.word) >= 6
                    )
                    RETURNING concat_word, doc_count
                )
                DELETE FROM "proj_search_articles".fts_word_couples WHERE concat_word IN (SELECT concat_word FROM decremented_couples WHERE doc_count <= 0);
            END IF;
            RETURN NULL;
        END;
        $$ LANGUAGE plpgsql;

        DROP TRIGGER IF EXISTS trg_articles_value_author_name_into_fts_words ON "proj_search_articles"."articles";
        CREATE TRIGGER trg_articles_value_author_name_into_fts_words
        AFTER INSERT OR UPDATE OR DELETE ON "proj_search_articles"."articles"
        FOR EACH ROW EXECUTE FUNCTION "proj_search_articles".trg_func_articles_value_author_name_into_fts_words();
        
        ALTER TABLE "proj_search_articles"."articles" ADD COLUMN IF NOT EXISTS value_notes_tsvector tsvector GENERATED ALWAYS AS (to_tsvector('french'::regconfig, value->>'_notes')) STORED;

        CREATE INDEX IF NOT EXISTS idx_proj_search_articles_articles_value_notes_fts_ts ON "proj_search_articles"."articles" USING rum (value_notes_tsvector);

        -- Auto-population Trigger
        CREATE OR REPLACE FUNCTION "proj_search_articles".trg_func_articles_value_notes_into_fts_words() RETURNS TRIGGER AS $$
        DECLARE
            new_arr text[];
            old_arr text[];
        BEGIN
            -- Short-circuit optimization to dramatically boost irrelevant field updates
            IF TG_OP = 'UPDATE' AND coalesce(NEW.value->>'_notes', '') = coalesce(OLD.value->>'_notes', '') THEN
                RETURN NULL;
            END IF;

            IF TG_OP = 'INSERT' OR TG_OP = 'UPDATE' THEN
                new_arr := regexp_split_to_array(fts.normalize(coalesce(NEW.value->>'_notes', '')), '[^a-z0-9]+');
            END IF;
            IF TG_OP = 'DELETE' OR TG_OP = 'UPDATE' THEN
                old_arr := regexp_split_to_array(fts.normalize(coalesce(OLD.value->>'_notes', '')), '[^a-z0-9]+');
            END IF;

            IF TG_OP = 'INSERT' THEN
                -- Insert individual words
                INSERT INTO "proj_search_articles".fts_words (word)
                SELECT DISTINCT unnest FROM unnest(new_arr) WHERE length(unnest) >= 3
                ON CONFLICT (word) DO UPDATE SET doc_count = fts_words.doc_count + 1;
                
                -- Insert word couples (bigrams)
                INSERT INTO "proj_search_articles".fts_word_couples (concat_word, separated_words)
                SELECT t1.word || t2.word, MAX(t1.word || ' ' || t2.word)
                FROM unnest(new_arr) WITH ORDINALITY AS t1(word, rn)
                JOIN unnest(new_arr) WITH ORDINALITY AS t2(word, rn) ON t2.rn = t1.rn + 1
                WHERE t1.word <> '' AND t2.word <> '' AND length(t1.word || t2.word) >= 6
                GROUP BY t1.word || t2.word
                ON CONFLICT (concat_word) DO UPDATE SET doc_count = fts_word_couples.doc_count + 1;

            ELSIF TG_OP = 'UPDATE' THEN
                -- Words added
                INSERT INTO "proj_search_articles".fts_words (word)
                SELECT unnest FROM unnest(new_arr) WHERE length(unnest) >= 3
                EXCEPT
                SELECT unnest FROM unnest(old_arr) WHERE length(unnest) >= 3
                ON CONFLICT (word) DO UPDATE SET doc_count = fts_words.doc_count + 1;

                -- Word Couples added
                INSERT INTO "proj_search_articles".fts_word_couples (concat_word, separated_words)
                SELECT added_concat, MAX(added_sep) FROM (
                    SELECT t1.word || t2.word AS added_concat, t1.word || ' ' || t2.word AS added_sep
                    FROM unnest(new_arr) WITH ORDINALITY AS t1(word, rn)
                    JOIN unnest(new_arr) WITH ORDINALITY AS t2(word, rn) ON t2.rn = t1.rn + 1
                    WHERE t1.word <> '' AND t2.word <> '' AND length(t1.word || t2.word) >= 6
                    EXCEPT
                    SELECT t1.word || t2.word AS added_concat, t1.word || ' ' || t2.word AS added_sep
                    FROM unnest(old_arr) WITH ORDINALITY AS t1(word, rn)
                    JOIN unnest(old_arr) WITH ORDINALITY AS t2(word, rn) ON t2.rn = t1.rn + 1
                    WHERE t1.word <> '' AND t2.word <> '' AND length(t1.word || t2.word) >= 6
                ) sub
                GROUP BY added_concat
                ON CONFLICT (concat_word) DO UPDATE SET doc_count = fts_word_couples.doc_count + 1;

                -- Words removed
                WITH decremented_words AS (
                    UPDATE "proj_search_articles".fts_words
                    SET doc_count = fts_words.doc_count - 1
                    WHERE word IN (
                        SELECT unnest FROM unnest(old_arr) WHERE length(unnest) >= 3
                        EXCEPT
                        SELECT unnest FROM unnest(new_arr) WHERE length(unnest) >= 3
                    )
                    RETURNING word, doc_count
                )
                DELETE FROM "proj_search_articles".fts_words WHERE word IN (SELECT word FROM decremented_words WHERE doc_count <= 0);
                
                -- Word couples removed
                WITH decremented_couples AS (
                    UPDATE "proj_search_articles".fts_word_couples
                    SET doc_count = fts_word_couples.doc_count - 1
                    WHERE concat_word IN (
                        SELECT t1.word || t2.word
                        FROM unnest(old_arr) WITH ORDINALITY AS t1(word, rn)
                        JOIN unnest(old_arr) WITH ORDINALITY AS t2(word, rn) ON t2.rn = t1.rn + 1
                        WHERE t1.word <> '' AND t2.word <> '' AND length(t1.word || t2.word) >= 6
                        EXCEPT
                        SELECT t1.word || t2.word
                        FROM unnest(new_arr) WITH ORDINALITY AS t1(word, rn)
                        JOIN unnest(new_arr) WITH ORDINALITY AS t2(word, rn) ON t2.rn = t1.rn + 1
                        WHERE t1.word <> '' AND t2.word <> '' AND length(t1.word || t2.word) >= 6
                    )
                    RETURNING concat_word, doc_count
                )
                DELETE FROM "proj_search_articles".fts_word_couples WHERE concat_word IN (SELECT concat_word FROM decremented_couples WHERE doc_count <= 0);
                
            ELSIF TG_OP = 'DELETE' THEN
                -- Words removed
                WITH decremented_words AS (
                    UPDATE "proj_search_articles".fts_words
                    SET doc_count = fts_words.doc_count - 1
                    WHERE word IN (
                        SELECT DISTINCT unnest FROM unnest(old_arr) WHERE length(unnest) >= 3
                    )
                    RETURNING word, doc_count
                )
                DELETE FROM "proj_search_articles".fts_words WHERE word IN (SELECT word FROM decremented_words WHERE doc_count <= 0);
                
                -- Word couples removed
                WITH decremented_couples AS (
                    UPDATE "proj_search_articles".fts_word_couples
                    SET doc_count = fts_word_couples.doc_count - 1
                    WHERE concat_word IN (
                        SELECT t1.word || t2.word
                        FROM unnest(old_arr) WITH ORDINALITY AS t1(word, rn)
                        JOIN unnest(old_arr) WITH ORDINALITY AS t2(word, rn) ON t2.rn = t1.rn + 1
                        WHERE t1.word <> '' AND t2.word <> '' AND length(t1.word || t2.word) >= 6
                    )
                    RETURNING concat_word, doc_count
                )
                DELETE FROM "proj_search_articles".fts_word_couples WHERE concat_word IN (SELECT concat_word FROM decremented_couples WHERE doc_count <= 0);
            END IF;
            RETURN NULL;
        END;
        $$ LANGUAGE plpgsql;

        DROP TRIGGER IF EXISTS trg_articles_value_notes_into_fts_words ON "proj_search_articles"."articles";
        CREATE TRIGGER trg_articles_value_notes_into_fts_words
        AFTER INSERT OR UPDATE OR DELETE ON "proj_search_articles"."articles"
        FOR EACH ROW EXECUTE FUNCTION "proj_search_articles".trg_func_articles_value_notes_into_fts_words();
        
        ALTER TABLE "proj_search_articles"."articles" ADD COLUMN IF NOT EXISTS value_sources_tsvector tsvector GENERATED ALWAYS AS (to_tsvector('french'::regconfig, value->>'_sources')) STORED;

        CREATE INDEX IF NOT EXISTS idx_proj_search_articles_articles_value_sources_fts_ts ON "proj_search_articles"."articles" USING rum (value_sources_tsvector);

        -- Auto-population Trigger
        CREATE OR REPLACE FUNCTION "proj_search_articles".trg_func_articles_value_sources_into_fts_words() RETURNS TRIGGER AS $$
        DECLARE
            new_arr text[];
            old_arr text[];
        BEGIN
            -- Short-circuit optimization to dramatically boost irrelevant field updates
            IF TG_OP = 'UPDATE' AND coalesce(NEW.value->>'_sources', '') = coalesce(OLD.value->>'_sources', '') THEN
                RETURN NULL;
            END IF;

            IF TG_OP = 'INSERT' OR TG_OP = 'UPDATE' THEN
                new_arr := regexp_split_to_array(fts.normalize(coalesce(NEW.value->>'_sources', '')), '[^a-z0-9]+');
            END IF;
            IF TG_OP = 'DELETE' OR TG_OP = 'UPDATE' THEN
                old_arr := regexp_split_to_array(fts.normalize(coalesce(OLD.value->>'_sources', '')), '[^a-z0-9]+');
            END IF;

            IF TG_OP = 'INSERT' THEN
                -- Insert individual words
                INSERT INTO "proj_search_articles".fts_words (word)
                SELECT DISTINCT unnest FROM unnest(new_arr) WHERE length(unnest) >= 3
                ON CONFLICT (word) DO UPDATE SET doc_count = fts_words.doc_count + 1;
                
                -- Insert word couples (bigrams)
                INSERT INTO "proj_search_articles".fts_word_couples (concat_word, separated_words)
                SELECT t1.word || t2.word, MAX(t1.word || ' ' || t2.word)
                FROM unnest(new_arr) WITH ORDINALITY AS t1(word, rn)
                JOIN unnest(new_arr) WITH ORDINALITY AS t2(word, rn) ON t2.rn = t1.rn + 1
                WHERE t1.word <> '' AND t2.word <> '' AND length(t1.word || t2.word) >= 6
                GROUP BY t1.word || t2.word
                ON CONFLICT (concat_word) DO UPDATE SET doc_count = fts_word_couples.doc_count + 1;

            ELSIF TG_OP = 'UPDATE' THEN
                -- Words added
                INSERT INTO "proj_search_articles".fts_words (word)
                SELECT unnest FROM unnest(new_arr) WHERE length(unnest) >= 3
                EXCEPT
                SELECT unnest FROM unnest(old_arr) WHERE length(unnest) >= 3
                ON CONFLICT (word) DO UPDATE SET doc_count = fts_words.doc_count + 1;

                -- Word Couples added
                INSERT INTO "proj_search_articles".fts_word_couples (concat_word, separated_words)
                SELECT added_concat, MAX(added_sep) FROM (
                    SELECT t1.word || t2.word AS added_concat, t1.word || ' ' || t2.word AS added_sep
                    FROM unnest(new_arr) WITH ORDINALITY AS t1(word, rn)
                    JOIN unnest(new_arr) WITH ORDINALITY AS t2(word, rn) ON t2.rn = t1.rn + 1
                    WHERE t1.word <> '' AND t2.word <> '' AND length(t1.word || t2.word) >= 6
                    EXCEPT
                    SELECT t1.word || t2.word AS added_concat, t1.word || ' ' || t2.word AS added_sep
                    FROM unnest(old_arr) WITH ORDINALITY AS t1(word, rn)
                    JOIN unnest(old_arr) WITH ORDINALITY AS t2(word, rn) ON t2.rn = t1.rn + 1
                    WHERE t1.word <> '' AND t2.word <> '' AND length(t1.word || t2.word) >= 6
                ) sub
                GROUP BY added_concat
                ON CONFLICT (concat_word) DO UPDATE SET doc_count = fts_word_couples.doc_count + 1;

                -- Words removed
                WITH decremented_words AS (
                    UPDATE "proj_search_articles".fts_words
                    SET doc_count = fts_words.doc_count - 1
                    WHERE word IN (
                        SELECT unnest FROM unnest(old_arr) WHERE length(unnest) >= 3
                        EXCEPT
                        SELECT unnest FROM unnest(new_arr) WHERE length(unnest) >= 3
                    )
                    RETURNING word, doc_count
                )
                DELETE FROM "proj_search_articles".fts_words WHERE word IN (SELECT word FROM decremented_words WHERE doc_count <= 0);
                
                -- Word couples removed
                WITH decremented_couples AS (
                    UPDATE "proj_search_articles".fts_word_couples
                    SET doc_count = fts_word_couples.doc_count - 1
                    WHERE concat_word IN (
                        SELECT t1.word || t2.word
                        FROM unnest(old_arr) WITH ORDINALITY AS t1(word, rn)
                        JOIN unnest(old_arr) WITH ORDINALITY AS t2(word, rn) ON t2.rn = t1.rn + 1
                        WHERE t1.word <> '' AND t2.word <> '' AND length(t1.word || t2.word) >= 6
                        EXCEPT
                        SELECT t1.word || t2.word
                        FROM unnest(new_arr) WITH ORDINALITY AS t1(word, rn)
                        JOIN unnest(new_arr) WITH ORDINALITY AS t2(word, rn) ON t2.rn = t1.rn + 1
                        WHERE t1.word <> '' AND t2.word <> '' AND length(t1.word || t2.word) >= 6
                    )
                    RETURNING concat_word, doc_count
                )
                DELETE FROM "proj_search_articles".fts_word_couples WHERE concat_word IN (SELECT concat_word FROM decremented_couples WHERE doc_count <= 0);
                
            ELSIF TG_OP = 'DELETE' THEN
                -- Words removed
                WITH decremented_words AS (
                    UPDATE "proj_search_articles".fts_words
                    SET doc_count = fts_words.doc_count - 1
                    WHERE word IN (
                        SELECT DISTINCT unnest FROM unnest(old_arr) WHERE length(unnest) >= 3
                    )
                    RETURNING word, doc_count
                )
                DELETE FROM "proj_search_articles".fts_words WHERE word IN (SELECT word FROM decremented_words WHERE doc_count <= 0);
                
                -- Word couples removed
                WITH decremented_couples AS (
                    UPDATE "proj_search_articles".fts_word_couples
                    SET doc_count = fts_word_couples.doc_count - 1
                    WHERE concat_word IN (
                        SELECT t1.word || t2.word
                        FROM unnest(old_arr) WITH ORDINALITY AS t1(word, rn)
                        JOIN unnest(old_arr) WITH ORDINALITY AS t2(word, rn) ON t2.rn = t1.rn + 1
                        WHERE t1.word <> '' AND t2.word <> '' AND length(t1.word || t2.word) >= 6
                    )
                    RETURNING concat_word, doc_count
                )
                DELETE FROM "proj_search_articles".fts_word_couples WHERE concat_word IN (SELECT concat_word FROM decremented_couples WHERE doc_count <= 0);
            END IF;
            RETURN NULL;
        END;
        $$ LANGUAGE plpgsql;

        DROP TRIGGER IF EXISTS trg_articles_value_sources_into_fts_words ON "proj_search_articles"."articles";
        CREATE TRIGGER trg_articles_value_sources_into_fts_words
        AFTER INSERT OR UPDATE OR DELETE ON "proj_search_articles"."articles"
        FOR EACH ROW EXECUTE FUNCTION "proj_search_articles".trg_func_articles_value_sources_into_fts_words();
        ALTER TABLE "proj_search_articles"."articles" ADD COLUMN IF NOT EXISTS value_tsvector tsvector GENERATED ALWAYS AS (setweight(to_tsvector('french'::regconfig, coalesce(value->>'_title', '')), 'A') || setweight(to_tsvector('french'::regconfig, coalesce(value#>>'{books,authors,_names}', '') || ' ' || coalesce(value#>>'{books,_names}', '') || ' ' || coalesce(value->>'_content', '') || ' ' || coalesce(value->>'_lead', '')), 'B') || setweight(to_tsvector('french'::regconfig, coalesce(value#>>'{author,_name}', '')), 'C') || setweight(to_tsvector('french'::regconfig, coalesce(value->>'_notes', '') || ' ' || coalesce(value->>'_sources', '')), 'D')) STORED;
CREATE INDEX IF NOT EXISTS idx_proj_search_articles_articles_value_tsvector ON "proj_search_articles"."articles" USING rum (value_tsvector);

[DEBUG Postgres.go SQL execute] Params: []interface {}{}
[DEBUG Postgres.go JSON_MARSHAL] {"_content":"some html content","_title":"my fantasy article","addedToNewsRelatedBlacklist":false,"addedToNewsRelatedWhitelist":false,"author":{"_name":"zola","biography":"Blablah...","id":"01kz95b2txznfygarjd8s2zbvb","name":"Zola","portrait":null},"books":{"_names":["harry potter et la chambre des secrets","le seigneur des anneaux"],"authors":{"_names":["zola","zola"],"ids":["01kz95b2txznfygarjd8s2zbvb","01kz95b2txznfygarjd8s2zbvb"],"names":["Zola","Zola"]},"books":[{"authors":[{"id":"01kz95b2txznfygarjd8s2zbvb","name":"Zola"}],"cover":{"dimensions":{"height":600,"width":800},"hash":"a1b2c3d4e5f6g7h8","mimeType":"image/png","size":123456,"src":"path/to/a1b2c3d4e5f6g7h8.png"},"editor":"Flammarion","id":"01kz95b2y4fgamndhbdykm6cf8","name":"Harry Potter et la Chambre des Secrets","year":{"approximately":false,"year":1998}},{"authors":[{"id":"01kz95b2txznfygarjd8s2zbvb","name":"Zola"}],"cover":{"dimensions":{"height":600,"width":800},"hash":"a1b2c3d4e5f6g7h8","mimeType":"image/png","size":123456,"src":"path/to/a1b2c3d4e5f6g7h8.png"},"editor":"Flammarion","id":"01kz95b2z1w9y906ckjtm1st2x","name":"Le Seigneur des Anneaux","year":{"approximately":false,"year":1954}}],"hasAtLeastOneCover":true,"ids":["01kz95b2y4fgamndhbdykm6cf8","01kz95b2z1w9y906ckjtm1st2x"],"names":["Harry Potter et la Chambre des Secrets","Le Seigneur des Anneaux"]},"content":"\u003cp\u003eSome HTML Content\u003c/p\u003e","id":"01kz95b4yg4ek2h59nqsgry3n3","illustrations":{"hasAtLeastOne":false,"hasAtLeastOneLandscape":false,"illustrations":[]},"lead":null,"legacyId":null,"magazineIssue":null,"notes":null,"profitable":true,"seo":{"updatedAt":0},"slug":"my-fantasy-article","sources":null,"theme":null,"title":"My Fantasy Article","writtenAt":{"instant":0,"year":2026}}
[DEBUG Postgres.go JSON_MARSHAL_RAW] map[string]interface {}{"_content":"some html content", "_title":"my fantasy article", "addedToNewsRelatedBlacklist":false, "addedToNewsRelatedWhitelist":false, "author":map[string]interface {}{"_name":"zola", "biography":"Blablah...", "id":"01kz95b2txznfygarjd8s2zbvb", "name":"Zola", "portrait":interface {}(nil)}, "books":map[string]interface {}{"_names":[]interface {}{"harry potter et la chambre des secrets", "le seigneur des anneaux"}, "authors":map[string]interface {}{"_names":[]interface {}{"zola", "zola"}, "ids":[]interface {}{"01kz95b2txznfygarjd8s2zbvb", "01kz95b2txznfygarjd8s2zbvb"}, "names":[]interface {}{"Zola", "Zola"}}, "books":[]interface {}{map[string]interface {}{"authors":[]interface {}{map[string]interface {}{"id":"01kz95b2txznfygarjd8s2zbvb", "name":"Zola"}}, "cover":map[string]interface {}{"dimensions":map[string]interface {}{"height":600, "width":800}, "hash":"a1b2c3d4e5f6g7h8", "mimeType":"image/png", "size":123456, "src":"path/to/a1b2c3d4e5f6g7h8.png"}, "editor":"Flammarion", "id":"01kz95b2y4fgamndhbdykm6cf8", "name":"Harry Potter et la Chambre des Secrets", "year":map[string]interface {}{"approximately":false, "year":1998}}, map[string]interface {}{"authors":[]interface {}{map[string]interface {}{"id":"01kz95b2txznfygarjd8s2zbvb", "name":"Zola"}}, "cover":map[string]interface {}{"dimensions":map[string]interface {}{"height":600, "width":800}, "hash":"a1b2c3d4e5f6g7h8", "mimeType":"image/png", "size":123456, "src":"path/to/a1b2c3d4e5f6g7h8.png"}, "editor":"Flammarion", "id":"01kz95b2z1w9y906ckjtm1st2x", "name":"Le Seigneur des Anneaux", "year":map[string]interface {}{"approximately":false, "year":1954}}}, "hasAtLeastOneCover":true, "ids":[]interface {}{"01kz95b2y4fgamndhbdykm6cf8", "01kz95b2z1w9y906ckjtm1st2x"}, "names":[]interface {}{"Harry Potter et la Chambre des Secrets", "Le Seigneur des Anneaux"}}, "content":"<p>Some HTML Content</p>", "id":"01kz95b4yg4ek2h59nqsgry3n3", "illustrations":map[string]interface {}{"hasAtLeastOne":false, "hasAtLeastOneLandscape":false, "illustrations":[]interface {}{}}, "lead":interface {}(nil), "legacyId":interface {}(nil), "magazineIssue":interface {}(nil), "notes":interface {}(nil), "profitable":true, "seo":map[string]interface {}{"updatedAt":0}, "slug":"my-fantasy-article", "sources":interface {}(nil), "theme":interface {}(nil), "title":"My Fantasy Article", "writtenAt":map[string]interface {}{"instant":0, "year":2026}}
[DEBUG Postgres.go SQL] Query: INSERT INTO "proj_search_articles"."articles" (key, key_aliases, value) VALUES ($1, $2, $3) ON CONFLICT (key) DO UPDATE SET value = EXCLUDED.value, key_aliases = EXCLUDED.key_aliases, updated_at = (NOW() AT TIME ZONE 'UTC') RETURNING EXTRACT(EPOCH FROM updated_at)::varchar AS updated_at
[DEBUG Postgres.go SQL] Params: []interface {}{"01kz95b4yg4ek2h59nqsgry3n3", []interface {}{"my-fantasy-article"}, "{\"_content\":\"some html content\",\"_title\":\"my fantasy article\",\"addedToNewsRelatedBlacklist\":false,\"addedToNewsRelatedWhitelist\":false,\"author\":{\"_name\":\"zola\",\"biography\":\"Blablah...\",\"id\":\"01kz95b2txznfygarjd8s2zbvb\",\"name\":\"Zola\",\"portrait\":null},\"books\":{\"_names\":[\"harry potter et la chambre des secrets\",\"le seigneur des anneaux\"],\"authors\":{\"_names\":[\"zola\",\"zola\"],\"ids\":[\"01kz95b2txznfygarjd8s2zbvb\",\"01kz95b2txznfygarjd8s2zbvb\"],\"names\":[\"Zola\",\"Zola\"]},\"books\":[{\"authors\":[{\"id\":\"01kz95b2txznfygarjd8s2zbvb\",\"name\":\"Zola\"}],\"cover\":{\"dimensions\":{\"height\":600,\"width\":800},\"hash\":\"a1b2c3d4e5f6g7h8\",\"mimeType\":\"image/png\",\"size\":123456,\"src\":\"path/to/a1b2c3d4e5f6g7h8.png\"},\"editor\":\"Flammarion\",\"id\":\"01kz95b2y4fgamndhbdykm6cf8\",\"name\":\"Harry Potter et la Chambre des Secrets\",\"year\":{\"approximately\":false,\"year\":1998}},{\"authors\":[{\"id\":\"01kz95b2txznfygarjd8s2zbvb\",\"name\":\"Zola\"}],\"cover\":{\"dimensions\":{\"height\":600,\"width\":800},\"hash\":\"a1b2c3d4e5f6g7h8\",\"mimeType\":\"image/png\",\"size\":123456,\"src\":\"path/to/a1b2c3d4e5f6g7h8.png\"},\"editor\":\"Flammarion\",\"id\":\"01kz95b2z1w9y906ckjtm1st2x\",\"name\":\"Le Seigneur des Anneaux\",\"year\":{\"approximately\":false,\"year\":1954}}],\"hasAtLeastOneCover\":true,\"ids\":[\"01kz95b2y4fgamndhbdykm6cf8\",\"01kz95b2z1w9y906ckjtm1st2x\"],\"names\":[\"Harry Potter et la Chambre des Secrets\",\"Le Seigneur des Anneaux\"]},\"content\":\"\\u003cp\\u003eSome HTML Content\\u003c/p\\u003e\",\"id\":\"01kz95b4yg4ek2h59nqsgry3n3\",\"illustrations\":{\"hasAtLeastOne\":false,\"hasAtLeastOneLandscape\":false,\"illustrations\":[]},\"lead\":null,\"legacyId\":null,\"magazineIssue\":null,\"notes\":null,\"profitable\":true,\"seo\":{\"updatedAt\":0},\"slug\":\"my-fantasy-article\",\"sources\":null,\"theme\":null,\"title\":\"My Fantasy Article\",\"writtenAt\":{\"instant\":0,\"year\":2026}}"}
[DEBUG Postgres.go SELECT] Col: updated_at, Type: string, Value: 1785940253.931449
[DEBUG Postgres.go JSON_MARSHAL] {"_content":"some html content","_title":"my realistic article","addedToNewsRelatedBlacklist":false,"addedToNewsRelatedWhitelist":false,"author":{"_name":"zola","biography":"Blablah...","id":"01kz95b2txznfygarjd8s2zbvb","name":"Zola","portrait":null},"books":{"_names":["germinal"],"authors":{"_names":["zola"],"ids":["01kz95b2txznfygarjd8s2zbvb"],"names":["Zola"]},"books":[{"authors":[{"id":"01kz95b2txznfygarjd8s2zbvb","name":"Zola"}],"cover":null,"editor":"Flammarion","id":"01kz95b2zfpw5hbg01asksjnxd","name":"Germinal","year":{"approximately":false,"year":1885}}],"hasAtLeastOneCover":false,"ids":["01kz95b2zfpw5hbg01asksjnxd"],"names":["Germinal"]},"content":"\u003cp\u003eSome HTML Content\u003c/p\u003e","id":"01kz95b50pqen58mdm8srzmtmr","illustrations":{"hasAtLeastOne":false,"hasAtLeastOneLandscape":false,"illustrations":[]},"lead":null,"legacyId":null,"magazineIssue":null,"notes":null,"profitable":true,"seo":{"updatedAt":0},"slug":"my-realistic-article","sources":null,"theme":null,"title":"My Realistic Article","writtenAt":{"instant":0,"year":2026}}
[DEBUG Postgres.go JSON_MARSHAL_RAW] map[string]interface {}{"_content":"some html content", "_title":"my realistic article", "addedToNewsRelatedBlacklist":false, "addedToNewsRelatedWhitelist":false, "author":map[string]interface {}{"_name":"zola", "biography":"Blablah...", "id":"01kz95b2txznfygarjd8s2zbvb", "name":"Zola", "portrait":interface {}(nil)}, "books":map[string]interface {}{"_names":[]interface {}{"germinal"}, "authors":map[string]interface {}{"_names":[]interface {}{"zola"}, "ids":[]interface {}{"01kz95b2txznfygarjd8s2zbvb"}, "names":[]interface {}{"Zola"}}, "books":[]interface {}{map[string]interface {}{"authors":[]interface {}{map[string]interface {}{"id":"01kz95b2txznfygarjd8s2zbvb", "name":"Zola"}}, "cover":interface {}(nil), "editor":"Flammarion", "id":"01kz95b2zfpw5hbg01asksjnxd", "name":"Germinal", "year":map[string]interface {}{"approximately":false, "year":1885}}}, "hasAtLeastOneCover":false, "ids":[]interface {}{"01kz95b2zfpw5hbg01asksjnxd"}, "names":[]interface {}{"Germinal"}}, "content":"<p>Some HTML Content</p>", "id":"01kz95b50pqen58mdm8srzmtmr", "illustrations":map[string]interface {}{"hasAtLeastOne":false, "hasAtLeastOneLandscape":false, "illustrations":[]interface {}{}}, "lead":interface {}(nil), "legacyId":interface {}(nil), "magazineIssue":interface {}(nil), "notes":interface {}(nil), "profitable":true, "seo":map[string]interface {}{"updatedAt":0}, "slug":"my-realistic-article", "sources":interface {}(nil), "theme":interface {}(nil), "title":"My Realistic Article", "writtenAt":map[string]interface {}{"instant":0, "year":2026}}
[DEBUG Postgres.go SQL] Query: INSERT INTO "proj_search_articles"."articles" (key, key_aliases, value) VALUES ($1, $2, $3) ON CONFLICT (key) DO UPDATE SET value = EXCLUDED.value, key_aliases = EXCLUDED.key_aliases, updated_at = (NOW() AT TIME ZONE 'UTC') RETURNING EXTRACT(EPOCH FROM updated_at)::varchar AS updated_at
[DEBUG Postgres.go SQL] Params: []interface {}{"01kz95b50pqen58mdm8srzmtmr", []interface {}{"my-realistic-article"}, "{\"_content\":\"some html content\",\"_title\":\"my realistic article\",\"addedToNewsRelatedBlacklist\":false,\"addedToNewsRelatedWhitelist\":false,\"author\":{\"_name\":\"zola\",\"biography\":\"Blablah...\",\"id\":\"01kz95b2txznfygarjd8s2zbvb\",\"name\":\"Zola\",\"portrait\":null},\"books\":{\"_names\":[\"germinal\"],\"authors\":{\"_names\":[\"zola\"],\"ids\":[\"01kz95b2txznfygarjd8s2zbvb\"],\"names\":[\"Zola\"]},\"books\":[{\"authors\":[{\"id\":\"01kz95b2txznfygarjd8s2zbvb\",\"name\":\"Zola\"}],\"cover\":null,\"editor\":\"Flammarion\",\"id\":\"01kz95b2zfpw5hbg01asksjnxd\",\"name\":\"Germinal\",\"year\":{\"approximately\":false,\"year\":1885}}],\"hasAtLeastOneCover\":false,\"ids\":[\"01kz95b2zfpw5hbg01asksjnxd\"],\"names\":[\"Germinal\"]},\"content\":\"\\u003cp\\u003eSome HTML Content\\u003c/p\\u003e\",\"id\":\"01kz95b50pqen58mdm8srzmtmr\",\"illustrations\":{\"hasAtLeastOne\":false,\"hasAtLeastOneLandscape\":false,\"illustrations\":[]},\"lead\":null,\"legacyId\":null,\"magazineIssue\":null,\"notes\":null,\"profitable\":true,\"seo\":{\"updatedAt\":0},\"slug\":\"my-realistic-article\",\"sources\":null,\"theme\":null,\"title\":\"My Realistic Article\",\"writtenAt\":{\"instant\":0,\"year\":2026}}"}
[DEBUG Postgres.go SELECT] Col: updated_at, Type: string, Value: 1785940253.940881
[DEBUG Postgres.go SQL] Query: UPDATE "proj_search_articles"._meta SET checkpoint = $1, updated_at = (NOW() AT TIME ZONE 'UTC'), updated_model_at = (NOW() AT TIME ZONE 'UTC') WHERE singleton = TRUE
[DEBUG Postgres.go SQL] Params: []interface {}{"7"}
[DEBUG Postgres.go SQL] Query: SELECT EXTRACT(EPOCH FROM created_at)::varchar AS created_at, EXTRACT(EPOCH FROM updated_model_at)::varchar AS updated_model_at FROM "proj_search_articles"._meta WHERE singleton = TRUE
[DEBUG Postgres.go SQL] Params: []interface {}{}
[DEBUG Postgres.go SELECT] Col: created_at, Type: string, Value: 1785940253.709496
[DEBUG Postgres.go SELECT] Col: updated_model_at, Type: string, Value: 1785940253.943225
[DEBUG Postgres.go SQL] Query: SELECT t.value, (((
                  1.000000
                  * (1000000.000000 * (CASE WHEN value#>>'{books,_names}' = $2 THEN 1.0 ELSE 0.0 END)
                    + 1000.000000 * (CASE WHEN value_books_names_tsvector @@ fts_1.q THEN 1.0 / (1.0 + (value_books_names_tsvector <=> fts_1.q)) ELSE 0.0 END) / sqrt(GREATEST(length(value#>>'{books,names}')::numeric, 1.0))
                  ) / 1001000.000000
                  ) / 1.000000 * 1.000000)) AS score FROM "proj_search_articles"."articles" t, (SELECT fts.expand_query('proj_search_articles', ($1::text), true) AS q OFFSET 0) fts_1 WHERE (true AND 
                ($2::text IS NULL OR $2::text IS NOT NULL) AND
                value_books_names_tsvector @@ fts_1.q
                AND (value_books_names_tsvector <=> fts_1.q) <= 100.0
                ) ORDER BY score DESC, t.n DESC LIMIT $3
[DEBUG Postgres.go SQL] Params: []interface {}{"potter", "potter", "11"}
[DEBUG Postgres.go SELECT] Col: value, Type: map[string]interface {}, Value: map[_content:some html content _title:my fantasy article addedToNewsRelatedBlacklist:false addedToNewsRelatedWhitelist:false author:map[_name:zola biography:Blablah... id:01kz95b2txznfygarjd8s2zbvb name:Zola portrait:<nil>] books:map[_names:[harry potter et la chambre des secrets le seigneur des anneaux] authors:map[_names:[zola zola] ids:[01kz95b2txznfygarjd8s2zbvb 01kz95b2txznfygarjd8s2zbvb] names:[Zola Zola]] books:[map[authors:[map[id:01kz95b2txznfygarjd8s2zbvb name:Zola]] cover:map[dimensions:map[height:600 width:800] hash:a1b2c3d4e5f6g7h8 mimeType:image/png size:123456 src:path/to/a1b2c3d4e5f6g7h8.png] editor:Flammarion id:01kz95b2y4fgamndhbdykm6cf8 name:Harry Potter et la Chambre des Secrets year:map[approximately:false year:1998]] map[authors:[map[id:01kz95b2txznfygarjd8s2zbvb name:Zola]] cover:map[dimensions:map[height:600 width:800] hash:a1b2c3d4e5f6g7h8 mimeType:image/png size:123456 src:path/to/a1b2c3d4e5f6g7h8.png] editor:Flammarion id:01kz95b2z1w9y906ckjtm1st2x name:Le Seigneur des Anneaux year:map[approximately:false year:1954]]] hasAtLeastOneCover:true ids:[01kz95b2y4fgamndhbdykm6cf8 01kz95b2z1w9y906ckjtm1st2x] names:[Harry Potter et la Chambre des Secrets Le Seigneur des Anneaux]] content:<p>Some HTML Content</p> id:01kz95b4yg4ek2h59nqsgry3n3 illustrations:map[hasAtLeastOne:false hasAtLeastOneLandscape:false illustrations:[]] lead:<nil> legacyId:<nil> magazineIssue:<nil> notes:<nil> profitable:true seo:map[updatedAt:0] slug:my-fantasy-article sources:<nil> theme:<nil> title:My Fantasy Article writtenAt:map[instant:0 year:2026]]
[DEBUG Postgres.go SELECT] Col: score, Type: float64, Value: 6.892271102772643e-06
[DEBUG Postgres.go SQL execute] Query: 
      CREATE SCHEMA IF NOT EXISTS "proj_search_articles";
      CREATE TABLE IF NOT EXISTS "proj_search_articles"._meta (
        singleton BOOLEAN PRIMARY KEY DEFAULT TRUE CHECK (singleton),
        checkpoint BIGINT NOT NULL,
        state VARCHAR NOT NULL,
        created_at TIMESTAMP NOT NULL DEFAULT (NOW() AT TIME ZONE 'UTC'),
        updated_at TIMESTAMP NOT NULL DEFAULT (NOW() AT TIME ZONE 'UTC'),
        updated_model_at TIMESTAMP NOT NULL DEFAULT (NOW() AT TIME ZONE 'UTC')
      );
      
[DEBUG Postgres.go SQL execute] Params: []interface {}{}
[DEBUG Postgres.go SQL] Query: SELECT checkpoint::varchar FROM "proj_search_articles"._meta WHERE singleton = TRUE
[DEBUG Postgres.go SQL] Params: []interface {}{}
[DEBUG Postgres.go SELECT] Col: checkpoint, Type: string, Value: 7
[DEBUG Postgres.go SQL] Query: 
        WITH horizon AS (SELECT pg_snapshot_xmin(pg_current_snapshot())::text::bigint as min_xact)
        SELECT n::text, id::text, type::text, payload::text, meta::text, CAST(EXTRACT(EPOCH FROM at) * 1000 AS float8)::text AS at 
        FROM events, horizon 
        WHERE 
        n >= $1 AND (xact < horizon.min_xact OR at < NOW() - INTERVAL '1 minute')
ORDER BY events.n ASC
[DEBUG Postgres.go SQL] Params: []interface {}{"7"}
[DEBUG Postgres.go SELECT] Col: n, Type: string, Value: 7
[DEBUG Postgres.go SELECT] Col: id, Type: string, Value: 01kz95b51bbw337qqf7bv22jgf
[DEBUG Postgres.go SELECT] Col: type, Type: string, Value: ArticleWritten
[DEBUG Postgres.go SELECT] Col: payload, Type: string, Value: {"id": "01kz95b50pqen58mdm8srzmtmr", "lead": null, "slug": "my-realistic-article", "books": ["01kz95b2zfpw5hbg01asksjnxd"], "notes": null, "theme": null, "title": "My Realistic Article", "author": "01kz95b2txznfygarjd8s2zbvb", "content": "<p>Some HTML Content</p>", "sources": null, "legacyId": null, "profitable": true, "illustrations": [], "magazineIssue": null}
[DEBUG Postgres.go SELECT] Col: meta, Type: string, Value: {"trace": {"run": "01kz95b2ttb8x08xspzxv7abwg", "cause": null, "append": "01kz95b519yehvp7ksfg381z2c"}}
[DEBUG Postgres.go SELECT] Col: at, Type: string, Value: 1785940251690.92
[DEBUG Postgres.go SQL] Query: SELECT t.value, (((
                  1.000000
                  * (1000000.000000 * (CASE WHEN value#>>'{books,_names}' = $2 THEN 1.0 ELSE 0.0 END)
                    + 1000.000000 * (CASE WHEN value_books_names_tsvector @@ fts_1.q THEN 1.0 / (1.0 + (value_books_names_tsvector <=> fts_1.q)) ELSE 0.0 END) / sqrt(GREATEST(length(value#>>'{books,names}')::numeric, 1.0))
                  ) / 1001000.000000
                  ) / 1.000000 * 1.000000)) AS score FROM "proj_search_articles"."articles" t, (SELECT fts.expand_query('proj_search_articles', ($1::text), true) AS q OFFSET 0) fts_1 WHERE (true AND 
                ($2::text IS NULL OR $2::text IS NOT NULL) AND
                value_books_names_tsvector @@ fts_1.q
                AND (value_books_names_tsvector <=> fts_1.q) <= 100.0
                ) ORDER BY score DESC, t.n DESC LIMIT $3
[DEBUG Postgres.go SQL] Params: []interface {}{"secrets", "secrets", "11"}
[DEBUG Postgres.go SELECT] Col: value, Type: map[string]interface {}, Value: map[_content:some html content _title:my fantasy article addedToNewsRelatedBlacklist:false addedToNewsRelatedWhitelist:false author:map[_name:zola biography:Blablah... id:01kz95b2txznfygarjd8s2zbvb name:Zola portrait:<nil>] books:map[_names:[harry potter et la chambre des secrets le seigneur des anneaux] authors:map[_names:[zola zola] ids:[01kz95b2txznfygarjd8s2zbvb 01kz95b2txznfygarjd8s2zbvb] names:[Zola Zola]] books:[map[authors:[map[id:01kz95b2txznfygarjd8s2zbvb name:Zola]] cover:map[dimensions:map[height:600 width:800] hash:a1b2c3d4e5f6g7h8 mimeType:image/png size:123456 src:path/to/a1b2c3d4e5f6g7h8.png] editor:Flammarion id:01kz95b2y4fgamndhbdykm6cf8 name:Harry Potter et la Chambre des Secrets year:map[approximately:false year:1998]] map[authors:[map[id:01kz95b2txznfygarjd8s2zbvb name:Zola]] cover:map[dimensions:map[height:600 width:800] hash:a1b2c3d4e5f6g7h8 mimeType:image/png size:123456 src:path/to/a1b2c3d4e5f6g7h8.png] editor:Flammarion id:01kz95b2z1w9y906ckjtm1st2x name:Le Seigneur des Anneaux year:map[approximately:false year:1954]]] hasAtLeastOneCover:true ids:[01kz95b2y4fgamndhbdykm6cf8 01kz95b2z1w9y906ckjtm1st2x] names:[Harry Potter et la Chambre des Secrets Le Seigneur des Anneaux]] content:<p>Some HTML Content</p> id:01kz95b4yg4ek2h59nqsgry3n3 illustrations:map[hasAtLeastOne:false hasAtLeastOneLandscape:false illustrations:[]] lead:<nil> legacyId:<nil> magazineIssue:<nil> notes:<nil> profitable:true seo:map[updatedAt:0] slug:my-fantasy-article sources:<nil> theme:<nil> title:My Fantasy Article writtenAt:map[instant:0 year:2026]]
[DEBUG Postgres.go SELECT] Col: score, Type: float64, Value: 6.892271102772643e-06
[DEBUG Postgres.go SQL execute] Query: 
      CREATE SCHEMA IF NOT EXISTS "proj_search_articles";
      CREATE TABLE IF NOT EXISTS "proj_search_articles"._meta (
        singleton BOOLEAN PRIMARY KEY DEFAULT TRUE CHECK (singleton),
        checkpoint BIGINT NOT NULL,
        state VARCHAR NOT NULL,
        created_at TIMESTAMP NOT NULL DEFAULT (NOW() AT TIME ZONE 'UTC'),
        updated_at TIMESTAMP NOT NULL DEFAULT (NOW() AT TIME ZONE 'UTC'),
        updated_model_at TIMESTAMP NOT NULL DEFAULT (NOW() AT TIME ZONE 'UTC')
      );
      
[DEBUG Postgres.go SQL execute] Params: []interface {}{}
[DEBUG Postgres.go SQL] Query: SELECT checkpoint::varchar FROM "proj_search_articles"._meta WHERE singleton = TRUE
[DEBUG Postgres.go SQL] Params: []interface {}{}
[DEBUG Postgres.go SELECT] Col: checkpoint, Type: string, Value: 7
[DEBUG Postgres.go SQL] Query: 
        WITH horizon AS (SELECT pg_snapshot_xmin(pg_current_snapshot())::text::bigint as min_xact)
        SELECT n::text, id::text, type::text, payload::text, meta::text, CAST(EXTRACT(EPOCH FROM at) * 1000 AS float8)::text AS at 
        FROM events, horizon 
        WHERE 
        n >= $1 AND (xact < horizon.min_xact OR at < NOW() - INTERVAL '1 minute')
ORDER BY events.n ASC
[DEBUG Postgres.go SQL] Params: []interface {}{"7"}
[DEBUG Postgres.go SELECT] Col: n, Type: string, Value: 7
[DEBUG Postgres.go SELECT] Col: id, Type: string, Value: 01kz95b51bbw337qqf7bv22jgf
[DEBUG Postgres.go SELECT] Col: type, Type: string, Value: ArticleWritten
[DEBUG Postgres.go SELECT] Col: payload, Type: string, Value: {"id": "01kz95b50pqen58mdm8srzmtmr", "lead": null, "slug": "my-realistic-article", "books": ["01kz95b2zfpw5hbg01asksjnxd"], "notes": null, "theme": null, "title": "My Realistic Article", "author": "01kz95b2txznfygarjd8s2zbvb", "content": "<p>Some HTML Content</p>", "sources": null, "legacyId": null, "profitable": true, "illustrations": [], "magazineIssue": null}
[DEBUG Postgres.go SELECT] Col: meta, Type: string, Value: {"trace": {"run": "01kz95b2ttb8x08xspzxv7abwg", "cause": null, "append": "01kz95b519yehvp7ksfg381z2c"}}
[DEBUG Postgres.go SELECT] Col: at, Type: string, Value: 1785940251690.92
[DEBUG Postgres.go SQL] Query: SELECT t.value, (((
                  1.000000
                  * (1000000.000000 * (CASE WHEN value#>>'{books,_names}' = $2 THEN 1.0 ELSE 0.0 END)
                    + 1000.000000 * (CASE WHEN value_books_names_tsvector @@ fts_1.q THEN 1.0 / (1.0 + (value_books_names_tsvector <=> fts_1.q)) ELSE 0.0 END) / sqrt(GREATEST(length(value#>>'{books,names}')::numeric, 1.0))
                  ) / 1001000.000000
                  ) / 1.000000 * 1.000000)) AS score FROM "proj_search_articles"."articles" t, (SELECT fts.expand_query('proj_search_articles', ($1::text), true) AS q OFFSET 0) fts_1 WHERE (true AND 
                ($2::text IS NULL OR $2::text IS NOT NULL) AND
                value_books_names_tsvector @@ fts_1.q
                AND (value_books_names_tsvector <=> fts_1.q) <= 100.0
                ) ORDER BY score DESC, t.n DESC LIMIT $3
[DEBUG Postgres.go SQL] Params: []interface {}{"anneaux", "anneaux", "11"}
[DEBUG Postgres.go SELECT] Col: value, Type: map[string]interface {}, Value: map[_content:some html content _title:my fantasy article addedToNewsRelatedBlacklist:false addedToNewsRelatedWhitelist:false author:map[_name:zola biography:Blablah... id:01kz95b2txznfygarjd8s2zbvb name:Zola portrait:<nil>] books:map[_names:[harry potter et la chambre des secrets le seigneur des anneaux] authors:map[_names:[zola zola] ids:[01kz95b2txznfygarjd8s2zbvb 01kz95b2txznfygarjd8s2zbvb] names:[Zola Zola]] books:[map[authors:[map[id:01kz95b2txznfygarjd8s2zbvb name:Zola]] cover:map[dimensions:map[height:600 width:800] hash:a1b2c3d4e5f6g7h8 mimeType:image/png size:123456 src:path/to/a1b2c3d4e5f6g7h8.png] editor:Flammarion id:01kz95b2y4fgamndhbdykm6cf8 name:Harry Potter et la Chambre des Secrets year:map[approximately:false year:1998]] map[authors:[map[id:01kz95b2txznfygarjd8s2zbvb name:Zola]] cover:map[dimensions:map[height:600 width:800] hash:a1b2c3d4e5f6g7h8 mimeType:image/png size:123456 src:path/to/a1b2c3d4e5f6g7h8.png] editor:Flammarion id:01kz95b2z1w9y906ckjtm1st2x name:Le Seigneur des Anneaux year:map[approximately:false year:1954]]] hasAtLeastOneCover:true ids:[01kz95b2y4fgamndhbdykm6cf8 01kz95b2z1w9y906ckjtm1st2x] names:[Harry Potter et la Chambre des Secrets Le Seigneur des Anneaux]] content:<p>Some HTML Content</p> id:01kz95b4yg4ek2h59nqsgry3n3 illustrations:map[hasAtLeastOne:false hasAtLeastOneLandscape:false illustrations:[]] lead:<nil> legacyId:<nil> magazineIssue:<nil> notes:<nil> profitable:true seo:map[updatedAt:0] slug:my-fantasy-article sources:<nil> theme:<nil> title:My Fantasy Article writtenAt:map[instant:0 year:2026]]
[DEBUG Postgres.go SELECT] Col: score, Type: float64, Value: 6.892271102772643e-06
[DEBUG Postgres.go SQL execute] Query: 
      CREATE SCHEMA IF NOT EXISTS "proj_search_articles";
      CREATE TABLE IF NOT EXISTS "proj_search_articles"._meta (
        singleton BOOLEAN PRIMARY KEY DEFAULT TRUE CHECK (singleton),
        checkpoint BIGINT NOT NULL,
        state VARCHAR NOT NULL,
        created_at TIMESTAMP NOT NULL DEFAULT (NOW() AT TIME ZONE 'UTC'),
        updated_at TIMESTAMP NOT NULL DEFAULT (NOW() AT TIME ZONE 'UTC'),
        updated_model_at TIMESTAMP NOT NULL DEFAULT (NOW() AT TIME ZONE 'UTC')
      );
      
[DEBUG Postgres.go SQL execute] Params: []interface {}{}
[DEBUG Postgres.go SQL] Query: SELECT checkpoint::varchar FROM "proj_search_articles"._meta WHERE singleton = TRUE
[DEBUG Postgres.go SQL] Params: []interface {}{}
[DEBUG Postgres.go SELECT] Col: checkpoint, Type: string, Value: 7
[DEBUG Postgres.go SQL] Query: 
        WITH horizon AS (SELECT pg_snapshot_xmin(pg_current_snapshot())::text::bigint as min_xact)
        SELECT n::text, id::text, type::text, payload::text, meta::text, CAST(EXTRACT(EPOCH FROM at) * 1000 AS float8)::text AS at 
        FROM events, horizon 
        WHERE 
        n >= $1 AND (xact < horizon.min_xact OR at < NOW() - INTERVAL '1 minute')
ORDER BY events.n ASC
[DEBUG Postgres.go SQL] Params: []interface {}{"7"}
[DEBUG Postgres.go SELECT] Col: n, Type: string, Value: 7
[DEBUG Postgres.go SELECT] Col: id, Type: string, Value: 01kz95b51bbw337qqf7bv22jgf
[DEBUG Postgres.go SELECT] Col: type, Type: string, Value: ArticleWritten
[DEBUG Postgres.go SELECT] Col: payload, Type: string, Value: {"id": "01kz95b50pqen58mdm8srzmtmr", "lead": null, "slug": "my-realistic-article", "books": ["01kz95b2zfpw5hbg01asksjnxd"], "notes": null, "theme": null, "title": "My Realistic Article", "author": "01kz95b2txznfygarjd8s2zbvb", "content": "<p>Some HTML Content</p>", "sources": null, "legacyId": null, "profitable": true, "illustrations": [], "magazineIssue": null}
[DEBUG Postgres.go SELECT] Col: meta, Type: string, Value: {"trace": {"run": "01kz95b2ttb8x08xspzxv7abwg", "cause": null, "append": "01kz95b519yehvp7ksfg381z2c"}}
[DEBUG Postgres.go SELECT] Col: at, Type: string, Value: 1785940251690.92
[DEBUG Postgres.go SQL] Query: SELECT t.value, (((
                  1.000000
                  * (1000000.000000 * (CASE WHEN value#>>'{books,_names}' = $2 THEN 1.0 ELSE 0.0 END)
                    + 1000.000000 * (CASE WHEN value_books_names_tsvector @@ fts_1.q THEN 1.0 / (1.0 + (value_books_names_tsvector <=> fts_1.q)) ELSE 0.0 END) / sqrt(GREATEST(length(value#>>'{books,names}')::numeric, 1.0))
                  ) / 1001000.000000
                  ) / 1.000000 * 1.000000)) AS score FROM "proj_search_articles"."articles" t, (SELECT fts.expand_query('proj_search_articles', ($1::text), true) AS q OFFSET 0) fts_1 WHERE (true AND 
                ($2::text IS NULL OR $2::text IS NOT NULL) AND
                value_books_names_tsvector @@ fts_1.q
                AND (value_books_names_tsvector <=> fts_1.q) <= 100.0
                ) ORDER BY score DESC, t.n DESC LIMIT $3
[DEBUG Postgres.go SQL] Params: []interface {}{"germinal", "germinal", "11"}
[DEBUG Postgres.go SELECT] Col: value, Type: map[string]interface {}, Value: map[_content:some html content _title:my realistic article addedToNewsRelatedBlacklist:false addedToNewsRelatedWhitelist:false author:map[_name:zola biography:Blablah... id:01kz95b2txznfygarjd8s2zbvb name:Zola portrait:<nil>] books:map[_names:[germinal] authors:map[_names:[zola] ids:[01kz95b2txznfygarjd8s2zbvb] names:[Zola]] books:[map[authors:[map[id:01kz95b2txznfygarjd8s2zbvb name:Zola]] cover:<nil> editor:Flammarion id:01kz95b2zfpw5hbg01asksjnxd name:Germinal year:map[approximately:false year:1885]]] hasAtLeastOneCover:false ids:[01kz95b2zfpw5hbg01asksjnxd] names:[Germinal]] content:<p>Some HTML Content</p> id:01kz95b50pqen58mdm8srzmtmr illustrations:map[hasAtLeastOne:false hasAtLeastOneLandscape:false illustrations:[]] lead:<nil> legacyId:<nil> magazineIssue:<nil> notes:<nil> profitable:true seo:map[updatedAt:0] slug:my-realistic-article sources:<nil> theme:<nil> title:My Realistic Article writtenAt:map[instant:0 year:2026]]
[DEBUG Postgres.go SELECT] Col: score, Type: float64, Value: 1.652708551094718e-05
[DEBUG Postgres.go SQL execute] Query: 
      CREATE SCHEMA IF NOT EXISTS "proj_search_articles";
      CREATE TABLE IF NOT EXISTS "proj_search_articles"._meta (
        singleton BOOLEAN PRIMARY KEY DEFAULT TRUE CHECK (singleton),
        checkpoint BIGINT NOT NULL,
        state VARCHAR NOT NULL,
        created_at TIMESTAMP NOT NULL DEFAULT (NOW() AT TIME ZONE 'UTC'),
        updated_at TIMESTAMP NOT NULL DEFAULT (NOW() AT TIME ZONE 'UTC'),
        updated_model_at TIMESTAMP NOT NULL DEFAULT (NOW() AT TIME ZONE 'UTC')
      );
      
[DEBUG Postgres.go SQL execute] Params: []interface {}{}
[DEBUG Postgres.go SQL] Query: SELECT checkpoint::varchar FROM "proj_search_articles"._meta WHERE singleton = TRUE
[DEBUG Postgres.go SQL] Params: []interface {}{}
[DEBUG Postgres.go SELECT] Col: checkpoint, Type: string, Value: 7
[DEBUG Postgres.go SQL] Query: 
        WITH horizon AS (SELECT pg_snapshot_xmin(pg_current_snapshot())::text::bigint as min_xact)
        SELECT n::text, id::text, type::text, payload::text, meta::text, CAST(EXTRACT(EPOCH FROM at) * 1000 AS float8)::text AS at 
        FROM events, horizon 
        WHERE 
        n >= $1 AND (xact < horizon.min_xact OR at < NOW() - INTERVAL '1 minute')
ORDER BY events.n ASC
[DEBUG Postgres.go SQL] Params: []interface {}{"7"}
[DEBUG Postgres.go SELECT] Col: n, Type: string, Value: 7
[DEBUG Postgres.go SELECT] Col: id, Type: string, Value: 01kz95b51bbw337qqf7bv22jgf
[DEBUG Postgres.go SELECT] Col: type, Type: string, Value: ArticleWritten
[DEBUG Postgres.go SELECT] Col: payload, Type: string, Value: {"id": "01kz95b50pqen58mdm8srzmtmr", "lead": null, "slug": "my-realistic-article", "books": ["01kz95b2zfpw5hbg01asksjnxd"], "notes": null, "theme": null, "title": "My Realistic Article", "author": "01kz95b2txznfygarjd8s2zbvb", "content": "<p>Some HTML Content</p>", "sources": null, "legacyId": null, "profitable": true, "illustrations": [], "magazineIssue": null}
[DEBUG Postgres.go SELECT] Col: meta, Type: string, Value: {"trace": {"run": "01kz95b2ttb8x08xspzxv7abwg", "cause": null, "append": "01kz95b519yehvp7ksfg381z2c"}}
[DEBUG Postgres.go SELECT] Col: at, Type: string, Value: 1785940251690.92
[DEBUG Postgres.go SQL] Query: SELECT t.value, (((
                  1.000000
                  * (1000000.000000 * (CASE WHEN value#>>'{books,_names}' = $2 THEN 1.0 ELSE 0.0 END)
                    + 1000.000000 * (CASE WHEN value_books_names_tsvector @@ fts_1.q THEN 1.0 / (1.0 + (value_books_names_tsvector <=> fts_1.q)) ELSE 0.0 END) / sqrt(GREATEST(length(value#>>'{books,names}')::numeric, 1.0))
                  ) / 1001000.000000
                  ) / 1.000000 * 1.000000)) AS score FROM "proj_search_articles"."articles" t, (SELECT fts.expand_query('proj_search_articles', ($1::text), true) AS q OFFSET 0) fts_1 WHERE (true AND 
                ($2::text IS NULL OR $2::text IS NOT NULL) AND
                value_books_names_tsvector @@ fts_1.q
                AND (value_books_names_tsvector <=> fts_1.q) <= 100.0
                ) ORDER BY score DESC, t.n DESC LIMIT $3
[DEBUG Postgres.go SQL] Params: []interface {}{"harry seigneur", "harry seigneur", "11"}
[DEBUG Postgres.go SELECT] Col: value, Type: map[string]interface {}, Value: map[_content:some html content _title:my fantasy article addedToNewsRelatedBlacklist:false addedToNewsRelatedWhitelist:false author:map[_name:zola biography:Blablah... id:01kz95b2txznfygarjd8s2zbvb name:Zola portrait:<nil>] books:map[_names:[harry potter et la chambre des secrets le seigneur des anneaux] authors:map[_names:[zola zola] ids:[01kz95b2txznfygarjd8s2zbvb 01kz95b2txznfygarjd8s2zbvb] names:[Zola Zola]] books:[map[authors:[map[id:01kz95b2txznfygarjd8s2zbvb name:Zola]] cover:map[dimensions:map[height:600 width:800] hash:a1b2c3d4e5f6g7h8 mimeType:image/png size:123456 src:path/to/a1b2c3d4e5f6g7h8.png] editor:Flammarion id:01kz95b2y4fgamndhbdykm6cf8 name:Harry Potter et la Chambre des Secrets year:map[approximately:false year:1998]] map[authors:[map[id:01kz95b2txznfygarjd8s2zbvb name:Zola]] cover:map[dimensions:map[height:600 width:800] hash:a1b2c3d4e5f6g7h8 mimeType:image/png size:123456 src:path/to/a1b2c3d4e5f6g7h8.png] editor:Flammarion id:01kz95b2z1w9y906ckjtm1st2x name:Le Seigneur des Anneaux year:map[approximately:false year:1954]]] hasAtLeastOneCover:true ids:[01kz95b2y4fgamndhbdykm6cf8 01kz95b2z1w9y906ckjtm1st2x] names:[Harry Potter et la Chambre des Secrets Le Seigneur des Anneaux]] content:<p>Some HTML Content</p> id:01kz95b4yg4ek2h59nqsgry3n3 illustrations:map[hasAtLeastOne:false hasAtLeastOneLandscape:false illustrations:[]] lead:<nil> legacyId:<nil> magazineIssue:<nil> notes:<nil> profitable:true seo:map[updatedAt:0] slug:my-fantasy-article sources:<nil> theme:<nil> title:My Fantasy Article writtenAt:map[instant:0 year:2026]]
[DEBUG Postgres.go SELECT] Col: score, Type: float64, Value: 1.800454113613635e-06
[DEBUG Postgres.go SQL] Query: DROP DATABASE IF EXISTS "store_test_01kz95b2q5vgrj879p5haw4sm1" WITH (FORCE)
[DEBUG Postgres.go SQL] Params: []interface {}{}
[DEBUG Postgres.go SQL] Query: DROP DATABASE IF EXISTS "edge_test_01kz95b2q5vgrj879p5haw4sm1" WITH (FORCE)
[DEBUG Postgres.go SQL] Params: []interface {}{}

[31m.[0m[1;35mInfra.Projection.Postgres.Finder.Test.Integration.HandleProjectionReadFind[0m
  [32m✓︎ [0m[2mcan correctly interpret and find texts stored in a list[0m


[1mSummary[0m
[2m1/1 test passed[0m

[32m1 passing[0m


⏱️  Tests execution completed in 5.12s
🧹 Cleaning up test databases...
